subscription_id,customer_id,subscription_status,contract_start_date,contract_end_date,inspection_fee_end_date,cancel_at,cancel_at_date,cancel_at_period_end,schedule_id,schedule_status,schedule_end_behavior,schedule_phase_count,schedule_last_phase_end,schedule_phases,all_schedule_phase_items_same,all_phase_business_settings_same,phase_business_differences,action,safe_to_apply,reason,error
sub_1TqYIUE2kujhweZx6UmAf2ZE,cus_UqElbX5rsYSfwY,active,2026-07-07,2076-07-07,2029-07-07,,,False,,,,0,,[],False,False,[],already_forever,True,"Subscription has no cancel_at, cancel_at_period_end is false, and no schedule is attached.",
sub_1TqY58E2kujhweZxemyjqeqN,cus_UqEYxkHhGHQAFs,active,2026-07-07,2076-07-07,2029-07-07,1878091200,2029-07-07,False,sub_sched_1TqY58E2kujhweZx4L6STMdT,active,cancel,1,2029-07-07,"[{""end_date"": ""2029-07-07"", ""items"": [{""price_id"": ""price_1Tdil4E2kujhweZx7YmcsX59"", ""quantity"": 1}, {""price_id"": ""price_1R8l1SE2kujhweZxySQB0Ift"", ""quantity"": 1}], ""proration_behavior"": ""none"", ""start_date"": ""2026-06-08""}]",True,True,[],would_release_schedule,True,Subscription has one active schedule phase with end_behavior=cancel. The schedule can be released and the remaining cancel_at can be cleared.,
sub_1TgUVnE2kujhweZxbWmSqmZ6,cus_UfqC7GkPLuoLue,active,2026-06-09,2076-06-09,2029-06-09,1875672000,2029-06-09,False,sub_sched_1TgUVnE2kujhweZxqnWnW30S,active,cancel,1,2029-06-09,"[{""end_date"": ""2029-06-09"", ""items"": [{""price_id"": ""price_1TgUVnE2kujhweZxUw2hKls7"", ""quantity"": 1}, {""price_id"": ""price_1R8l1SE2kujhweZxySQB0Ift"", ""quantity"": 1}], ""proration_behavior"": ""none"", ""start_date"": ""2026-05-20""}]",True,True,[],would_release_schedule,True,Subscription has one active schedule phase with end_behavior=cancel. The schedule can be released and the remaining cancel_at can be cleared.,
sub_1TgSSmE2kujhweZx0omYjE9V,cus_Ufo3f662KEk9vy,active,2026-06-09,2076-06-09,2029-06-09,1875672000,2029-06-09,False,sub_sched_1TgSSmE2kujhweZxINMBP510,active,cancel,1,2029-06-09,"[{""end_date"": ""2029-06-09"", ""items"": [{""price_id"": ""price_1Tdil5E2kujhweZxFAgI5vXC"", ""quantity"": 1}, {""price_id"": ""price_1R8l1SE2kujhweZxySQB0Ift"", ""quantity"": 1}], ""proration_behavior"": ""none"", ""start_date"": ""2026-05-27""}]",True,True,[],would_release_schedule,True,Subscription has one active schedule phase with end_behavior=cancel. The schedule can be released and the remaining cancel_at can be cleared.,
sub_1TgRmtE2kujhweZxH0ak7I7c,cus_UfnNlu2CK38zxo,active,2026-06-09,2076-06-09,2029-06-09,1875672000,2029-06-09,False,sub_sched_1TgRmsE2kujhweZxsdQJEVea,active,cancel,1,2029-06-09,"[{""end_date"": ""2029-06-09"", ""items"": [{""price_id"": ""price_1Tdil9E2kujhweZx0Oaxyq85"", ""quantity"": 1}, {""price_id"": ""price_1R8l1SE2kujhweZxySQB0Ift"", ""quantity"": 1}], ""proration_behavior"": ""none"", ""start_date"": ""2026-05-21""}]",True,True,[],would_release_schedule,True,Subscription has one active schedule phase with end_behavior=cancel. The schedule can be released and the remaining cancel_at can be cleared.,
sub_1TgR5rE2kujhweZxc3IpXDaB,cus_Ufmfy38ySmL4qV,active,2026-06-09,2076-06-09,2029-06-09,1875672000,2029-06-09,False,sub_sched_1TgR5rE2kujhweZxewCRbJFa,active,cancel,1,2029-06-09,"[{""end_date"": ""2029-06-09"", ""items"": [{""price_id"": ""price_1Tdil9E2kujhweZx0Oaxyq85"", ""quantity"": 1}, {""price_id"": ""price_1R8l1SE2kujhweZxySQB0Ift"", ""quantity"": 1}], ""proration_behavior"": ""none"", ""start_date"": ""2026-05-21""}]",True,True,[],would_release_schedule,True,Subscription has one active schedule phase with end_behavior=cancel. The schedule can be released and the remaining cancel_at can be cleared.,
sub_1TgQycE2kujhweZxiSDqLZ7d,cus_UfmXOfNLyvqNED,active,2026-06-09,2076-06-09,2029-06-09,1875672000,2029-06-09,False,sub_sched_1TgQycE2kujhweZx41PN75Zo,active,cancel,1,2029-06-09,"[{""end_date"": ""2029-06-09"", ""items"": [{""price_id"": ""price_1TgQycE2kujhweZxapZt1CWK"", ""quantity"": 1}, {""price_id"": ""price_1R8l1SE2kujhweZxySQB0Ift"", ""quantity"": 1}], ""proration_behavior"": ""none"", ""start_date"": ""2026-05-21""}]",True,True,[],would_release_schedule,True,Subscription has one active schedule phase with end_behavior=cancel. The schedule can be released and the remaining cancel_at can be cleared.,
sub_1TgQsIE2kujhweZxrVKdu2pA,cus_UfmQZ3A9lnBMiX,active,2026-06-09,2076-06-09,2029-06-09,1875672000,2029-06-09,False,sub_sched_1TgQsIE2kujhweZxgY5iK6Sy,active,cancel,1,2029-06-09,"[{""end_date"": ""2029-06-09"", ""items"": [{""price_id"": ""price_1Tdil5E2kujhweZxFAgI5vXC"", ""quantity"": 1}, {""price_id"": ""price_1R8l1SE2kujhweZxySQB0Ift"", ""quantity"": 1}], ""proration_behavior"": ""none"", ""start_date"": ""2026-05-21""}]",True,True,[],would_release_schedule,True,Subscription has one active schedule phase with end_behavior=cancel. The schedule can be released and the remaining cancel_at can be cleared.,
sub_1TgQgqE2kujhweZxZNGzQWWk,cus_UfmEkXJGLjTlUM,active,2026-06-09,2076-06-09,2029-06-09,1875672000,2029-06-09,False,sub_sched_1TgQgpE2kujhweZxAuGAUwxP,active,cancel,1,2029-06-09,"[{""end_date"": ""2029-06-09"", ""items"": [{""price_id"": ""price_1Tdil9E2kujhweZx0Oaxyq85"", ""quantity"": 1}, {""price_id"": ""price_1R8l1SE2kujhweZxySQB0Ift"", ""quantity"": 1}], ""proration_behavior"": ""none"", ""start_date"": ""2026-05-20""}]",True,True,[],would_release_schedule,True,Subscription has one active schedule phase with end_behavior=cancel. The schedule can be released and the remaining cancel_at can be cleared.,
sub_1TgQ2AE2kujhweZxQ4ENWBEZ,cus_UflZpdhBbU40SI,active,2026-06-09,2076-06-09,2029-06-09,1875672000,2029-06-09,False,sub_sched_1TgQ2AE2kujhweZxYriSkUiF,active,cancel,1,2029-06-09,"[{""end_date"": ""2029-06-09"", ""items"": [{""price_id"": ""price_1TgQ29E2kujhweZxRaLvH3p7"", ""quantity"": 1}, {""price_id"": ""price_1R8l1SE2kujhweZxySQB0Ift"", ""quantity"": 1}], ""proration_behavior"": ""none"", ""start_date"": ""2026-05-14""}]",True,True,[],would_release_schedule,True,Subscription has one active schedule phase with end_behavior=cancel. The schedule can be released and the remaining cancel_at can be cleared.,
sub_1TgPtqE2kujhweZxojdhDtQ0,cus_UflQ09lyQ7BM2m,active,2026-06-09,2076-06-09,2029-06-09,1875672000,2029-06-09,False,sub_sched_1TgPtqE2kujhweZxYlngcBa0,active,cancel,1,2029-06-09,"[{""end_date"": ""2029-06-09"", ""items"": [{""price_id"": ""price_1Tdil5E2kujhweZxFAgI5vXC"", ""quantity"": 1}, {""price_id"": ""price_1R8l1SE2kujhweZxySQB0Ift"", ""quantity"": 1}], ""proration_behavior"": ""none"", ""start_date"": ""2026-05-07""}]",True,True,[],would_release_schedule,True,Subscription has one active schedule phase with end_behavior=cancel. The schedule can be released and the remaining cancel_at can be cleared.,
sub_1Tf0mbE2kujhweZxBkklcyWP,cus_UeJPzA3VbtKL9y,active,2026-06-05,2076-06-05,2029-06-05,1875371985,2029-06-05,False,sub_sched_1Tf0mbE2kujhweZxrrvLGgPM,active,cancel,1,2029-06-05,"[{""end_date"": ""2029-06-05"", ""items"": [{""price_id"": ""price_1Tdil4E2kujhweZx7YmcsX59"", ""quantity"": 1}, {""price_id"": ""price_1R8l1SE2kujhweZxySQB0Ift"", ""quantity"": 1}], ""proration_behavior"": ""none"", ""start_date"": ""2026-07-05""}]",True,True,[],would_release_schedule,True,Subscription has one active schedule phase with end_behavior=cancel. The schedule can be released and the remaining cancel_at can be cleared.,
sub_1Tf0g6E2kujhweZxUgJTEjKg,cus_UeJIxHxj2FXlc8,active,2026-06-05,2076-06-05,2029-06-05,1875326400,2029-06-05,False,sub_sched_1Tf0g6E2kujhweZxbItpL0YV,active,cancel,1,2029-06-05,"[{""end_date"": ""2029-06-05"", ""items"": [{""price_id"": ""price_1Tdil4E2kujhweZx7YmcsX59"", ""quantity"": 1}, {""price_id"": ""price_1R8l1SE2kujhweZxySQB0Ift"", ""quantity"": 1}], ""proration_behavior"": ""none"", ""start_date"": ""2026-05-28""}]",True,True,[],would_release_schedule,True,Subscription has one active schedule phase with end_behavior=cancel. The schedule can be released and the remaining cancel_at can be cleared.,
sub_1Tf0OZE2kujhweZxhRcHPnZE,cus_UeJ0sq2owRo6dd,active,2026-06-05,2076-06-05,2029-06-05,1875326400,2029-06-05,False,sub_sched_1Tf0OZE2kujhweZxn9FJwjiC,active,cancel,1,2029-06-05,"[{""end_date"": ""2029-06-05"", ""items"": [{""price_id"": ""price_1Tdil4E2kujhweZx7YmcsX59"", ""quantity"": 1}, {""price_id"": ""price_1R8l1SE2kujhweZxySQB0Ift"", ""quantity"": 1}], ""proration_behavior"": ""none"", ""start_date"": ""2026-05-28""}]",True,True,[],would_release_schedule,True,Subscription has one active schedule phase with end_behavior=cancel. The schedule can be released and the remaining cancel_at can be cleared.,
sub_1Tf08qE2kujhweZxg1Yz74NM,cus_UeIkzZoxc5BELd,active,2026-06-05,2076-06-05,2029-06-05,1875326400,2029-06-05,False,sub_sched_1Tf08qE2kujhweZxIESTyGhm,active,cancel,1,2029-06-05,"[{""end_date"": ""2029-06-05"", ""items"": [{""price_id"": ""price_1Tdil5E2kujhweZxFAgI5vXC"", ""quantity"": 1}, {""price_id"": ""price_1R8l1SE2kujhweZxySQB0Ift"", ""quantity"": 1}], ""proration_behavior"": ""none"", ""start_date"": ""2026-05-26""}]",True,True,[],would_release_schedule,True,Subscription has one active schedule phase with end_behavior=cancel. The schedule can be released and the remaining cancel_at can be cleared.,
sub_1TezyhE2kujhweZxV86zzj0i,cus_UeIZ0SwN62XnyV,active,2026-06-05,2076-06-05,2029-06-05,1875326400,2029-06-05,False,sub_sched_1TezyhE2kujhweZxV9rYgZds,active,cancel,1,2029-06-05,"[{""end_date"": ""2029-06-05"", ""items"": [{""price_id"": ""price_1Tdil4E2kujhweZx7YmcsX59"", ""quantity"": 1}, {""price_id"": ""price_1R8l1SE2kujhweZxySQB0Ift"", ""quantity"": 1}], ""proration_behavior"": ""none"", ""start_date"": ""2026-05-21""}]",True,True,[],would_release_schedule,True,Subscription has one active schedule phase with end_behavior=cancel. The schedule can be released and the remaining cancel_at can be cleared.,
sub_1TezkpE2kujhweZx2T0MXmGH,cus_UeILyiRqnGC9Mi,active,2026-06-05,2076-06-05,2029-06-05,1875326400,2029-06-05,False,sub_sched_1TezkpE2kujhweZxhoighXED,active,cancel,1,2029-06-05,"[{""end_date"": ""2029-06-05"", ""items"": [{""price_id"": ""price_1Tdil4E2kujhweZx7YmcsX59"", ""quantity"": 1}, {""price_id"": ""price_1R8l1SE2kujhweZxySQB0Ift"", ""quantity"": 1}], ""proration_behavior"": ""none"", ""start_date"": ""2026-05-21""}]",True,True,[],would_release_schedule,True,Subscription has one active schedule phase with end_behavior=cancel. The schedule can be released and the remaining cancel_at can be cleared.,
sub_1Tey5wE2kujhweZxJHzFWAUQ,cus_UeGctl1iPY011Y,active,2026-06-05,2076-06-05,2029-06-05,1875326400,2029-06-05,False,sub_sched_1Tey5wE2kujhweZxdvMfqn62,active,cancel,1,2029-06-05,"[{""end_date"": ""2029-06-05"", ""items"": [{""price_id"": ""price_1Tdil4E2kujhweZx7YmcsX59"", ""quantity"": 1}, {""price_id"": ""price_1R8l1SE2kujhweZxySQB0Ift"", ""quantity"": 1}], ""proration_behavior"": ""none"", ""start_date"": ""2026-05-07""}]",True,True,[],would_release_schedule,True,Subscription has one active schedule phase with end_behavior=cancel. The schedule can be released and the remaining cancel_at can be cleared.,
sub_1TexuhE2kujhweZx3ALYf76C,cus_UeGRodfO0LnigF,active,2026-06-05,2076-06-05,2029-06-05,1875326400,2029-06-05,False,sub_sched_1TexuhE2kujhweZx28mIOU6q,active,cancel,1,2029-06-05,"[{""end_date"": ""2029-06-05"", ""items"": [{""price_id"": ""price_1Tdil9E2kujhweZx0Oaxyq85"", ""quantity"": 1}, {""price_id"": ""price_1R8l1SE2kujhweZxySQB0Ift"", ""quantity"": 1}], ""proration_behavior"": ""none"", ""start_date"": ""2026-05-07""}]",True,True,[],would_release_schedule,True,Subscription has one active schedule phase with end_behavior=cancel. The schedule can be released and the remaining cancel_at can be cleared.,
sub_1TexnZE2kujhweZxHAVd30UB,cus_UeGK1xSB51hYJp,active,2026-06-05,2076-06-05,2029-06-05,1875326400,2029-06-05,False,sub_sched_1TexnZE2kujhweZxvRemUA0s,active,cancel,1,2029-06-05,"[{""end_date"": ""2029-06-05"", ""items"": [{""price_id"": ""price_1Tdil5E2kujhweZxFAgI5vXC"", ""quantity"": 1}, {""price_id"": ""price_1R8l1SE2kujhweZxySQB0Ift"", ""quantity"": 1}], ""proration_behavior"": ""none"", ""start_date"": ""2026-05-06""}]",True,True,[],would_release_schedule,True,Subscription has one active schedule phase with end_behavior=cancel. The schedule can be released and the remaining cancel_at can be cleared.,
sub_1TexQIE2kujhweZxKCBgJYUf,cus_UeFwR5skAIThOZ,active,2026-06-05,2076-06-05,2029-06-05,1875326400,2029-06-05,False,sub_sched_1TexQIE2kujhweZxePZRWxs8,active,cancel,1,2029-06-05,"[{""end_date"": ""2029-06-05"", ""items"": [{""price_id"": ""price_1Tdil2E2kujhweZxGCe25OmM"", ""quantity"": 1}, {""price_id"": ""price_1R8l1SE2kujhweZxySQB0Ift"", ""quantity"": 1}], ""proration_behavior"": ""none"", ""start_date"": ""2026-05-28""}]",True,True,[],would_release_schedule,True,Subscription has one active schedule phase with end_behavior=cancel. The schedule can be released and the remaining cancel_at can be cleared.,
sub_1Tex7lE2kujhweZxd3Cx9Gav,cus_UeFcRmTvqgTC6E,active,2026-06-05,2076-06-05,2029-06-05,1875326400,2029-06-05,False,sub_sched_1Tex7lE2kujhweZxQAxSCIfg,active,cancel,1,2029-06-05,"[{""end_date"": ""2029-06-05"", ""items"": [{""price_id"": ""price_1Tdil2E2kujhweZxGCe25OmM"", ""quantity"": 1}, {""price_id"": ""price_1R8l1SE2kujhweZxySQB0Ift"", ""quantity"": 1}], ""proration_behavior"": ""none"", ""start_date"": ""2026-05-13""}]",True,True,[],would_release_schedule,True,Subscription has one active schedule phase with end_behavior=cancel. The schedule can be released and the remaining cancel_at can be cleared.,
sub_1TewrgE2kujhweZx3gv0M1r8,cus_UeFMyy0yGxIC3r,active,2026-06-05,2076-06-05,2029-06-05,1875326400,2029-06-05,False,sub_sched_1TewrgE2kujhweZxF2hVADAj,active,cancel,1,2029-06-05,"[{""end_date"": ""2029-06-05"", ""items"": [{""price_id"": ""price_1Tdil2E2kujhweZxGCe25OmM"", ""quantity"": 1}, {""price_id"": ""price_1R8l1SE2kujhweZxySQB0Ift"", ""quantity"": 1}], ""proration_behavior"": ""none"", ""start_date"": ""2026-05-01""}]",True,True,[],would_release_schedule,True,Subscription has one active schedule phase with end_behavior=cancel. The schedule can be released and the remaining cancel_at can be cleared.,
sub_1TTnDHE2kujhweZxsJOp2viU,cus_USieRzJ5q7pL3Y,active,2026-05-05,2076-05-05,2029-05-05,1872698214,2029-05-05,False,sub_sched_1TTnDGE2kujhweZxQJ3YSAHb,active,cancel,1,2029-05-05,"[{""end_date"": ""2029-05-05"", ""items"": [{""price_id"": ""price_1TdN62E2kujhweZxRDlo8Fw8"", ""quantity"": 1}, {""price_id"": ""price_1R8l1SE2kujhweZxySQB0Ift"", ""quantity"": 1}], ""proration_behavior"": ""none"", ""start_date"": ""2026-07-05""}]",True,True,[],would_release_schedule,True,Subscription has one active schedule phase with end_behavior=cancel. The schedule can be released and the remaining cancel_at can be cleared.,
sub_1TTn7zE2kujhweZxmbSnfsCA,cus_USiYqIBaFkHvPQ,active,2026-05-05,2076-05-05,2029-05-05,1872648304,2029-05-05,False,sub_sched_1TTn7zE2kujhweZxBM74zW5Q,active,cancel,1,2029-05-05,"[{""end_date"": ""2029-05-05"", ""items"": [{""price_id"": ""price_1TdN63E2kujhweZxmopqha3B"", ""quantity"": 1}, {""price_id"": ""price_1R8l1SE2kujhweZxySQB0Ift"", ""quantity"": 1}], ""proration_behavior"": ""none"", ""start_date"": ""2026-06-01""}]",True,True,[],would_release_schedule,True,Subscription has one active schedule phase with end_behavior=cancel. The schedule can be released and the remaining cancel_at can be cleared.,
sub_1TTmzQE2kujhweZx8Lb8yR7Q,cus_USiQD9LO82Foy1,active,2026-05-05,2076-05-05,2029-05-05,1872697355,2029-05-05,False,sub_sched_1TTmzQE2kujhweZxc1y5WWkZ,active,cancel,1,2029-05-05,"[{""end_date"": ""2029-05-05"", ""items"": [{""price_id"": ""price_1TdN65E2kujhweZxSJcdBlkr"", ""quantity"": 1}, {""price_id"": ""price_1R8l1SE2kujhweZxySQB0Ift"", ""quantity"": 1}], ""proration_behavior"": ""none"", ""start_date"": ""2026-07-05""}]",True,True,[],would_release_schedule,True,Subscription has one active schedule phase with end_behavior=cancel. The schedule can be released and the remaining cancel_at can be cleared.,
sub_1TTmraE2kujhweZx6eh2OUTM,cus_USiHeVxUVXQycP,active,2026-05-05,2076-05-05,2029-05-05,1872648307,2029-05-05,False,sub_sched_1TTmraE2kujhweZxoEGfYCV6,active,cancel,1,2029-05-05,"[{""end_date"": ""2029-05-05"", ""items"": [{""price_id"": ""price_1TdN67E2kujhweZx14tUBlu8"", ""quantity"": 1}, {""price_id"": ""price_1R8l1SE2kujhweZxySQB0Ift"", ""quantity"": 1}], ""proration_behavior"": ""none"", ""start_date"": ""2026-06-01""}]",True,True,[],would_release_schedule,True,Subscription has one active schedule phase with end_behavior=cancel. The schedule can be released and the remaining cancel_at can be cleared.,
sub_1TTmmSE2kujhweZxLn7oxX5H,cus_USiCERRBbD3Tdg,active,2026-05-05,2076-05-05,2029-05-05,1872648309,2029-05-05,False,sub_sched_1TTmmSE2kujhweZx0bJCZfHr,active,cancel,1,2029-05-05,"[{""end_date"": ""2029-05-05"", ""items"": [{""price_id"": ""price_1TdN68E2kujhweZxAuRxqNWu"", ""quantity"": 1}, {""price_id"": ""price_1R8l1SE2kujhweZxySQB0Ift"", ""quantity"": 1}], ""proration_behavior"": ""none"", ""start_date"": ""2026-06-01""}]",True,True,[],would_release_schedule,True,Subscription has one active schedule phase with end_behavior=cancel. The schedule can be released and the remaining cancel_at can be cleared.,
sub_1TTmhaE2kujhweZxSLp7TjSH,cus_USi76sdJ1UVgsm,active,2026-05-05,2076-05-05,2029-05-05,1872648310,2029-05-05,False,sub_sched_1TTmhaE2kujhweZxVoSO8bnq,active,cancel,1,2029-05-05,"[{""end_date"": ""2029-05-05"", ""items"": [{""price_id"": ""price_1TdN6AE2kujhweZxfkf0tDEv"", ""quantity"": 1}, {""price_id"": ""price_1R8l1SE2kujhweZxySQB0Ift"", ""quantity"": 1}], ""proration_behavior"": ""none"", ""start_date"": ""2026-06-01""}]",True,True,[],would_release_schedule,True,Subscription has one active schedule phase with end_behavior=cancel. The schedule can be released and the remaining cancel_at can be cleared.,
sub_1TThTGE2kujhweZxfCCbTfTB,cus_UScitaCk28EshL,active,2026-05-05,2076-05-05,2029-05-05,1872648312,2029-05-05,False,sub_sched_1TThTGE2kujhweZxs7GJ0dxm,active,cancel,1,2029-05-05,"[{""end_date"": ""2029-05-05"", ""items"": [{""price_id"": ""price_1TdN6BE2kujhweZxaPTeHcmp"", ""quantity"": 1}, {""price_id"": ""price_1R8l1SE2kujhweZxySQB0Ift"", ""quantity"": 1}], ""proration_behavior"": ""none"", ""start_date"": ""2026-06-01""}]",True,True,[],would_release_schedule,True,Subscription has one active schedule phase with end_behavior=cancel. The schedule can be released and the remaining cancel_at can be cleared.,
sub_1TThLQE2kujhweZxBGs9Qoij,cus_UScYE3CARaR1vk,active,2026-05-05,2076-05-05,2029-05-05,1872675656,2029-05-05,False,sub_sched_1TThLQE2kujhweZxXmKhgPbv,active,cancel,1,2029-05-05,"[{""end_date"": ""2029-05-05"", ""items"": [{""price_id"": ""price_1TdN6DE2kujhweZxQOUAafEn"", ""quantity"": 1}, {""price_id"": ""price_1R8l1SE2kujhweZxySQB0Ift"", ""quantity"": 1}], ""proration_behavior"": ""none"", ""start_date"": ""2026-06-05""}]",True,True,[],would_release_schedule,True,Subscription has one active schedule phase with end_behavior=cancel. The schedule can be released and the remaining cancel_at can be cleared.,
sub_1TThC8E2kujhweZxdSqudiUU,cus_UScQ8ed5np1RVK,active,2026-05-05,2076-05-05,2029-05-05,1872648315,2029-05-05,False,sub_sched_1TThC8E2kujhweZxU6aAXsbW,active,cancel,1,2029-05-05,"[{""end_date"": ""2029-05-05"", ""items"": [{""price_id"": ""price_1TdN6FE2kujhweZxKvhag39c"", ""quantity"": 1}, {""price_id"": ""price_1R8l1SE2kujhweZxySQB0Ift"", ""quantity"": 1}], ""proration_behavior"": ""none"", ""start_date"": ""2026-06-01""}]",True,True,[],would_release_schedule,True,Subscription has one active schedule phase with end_behavior=cancel. The schedule can be released and the remaining cancel_at can be cleared.,
sub_1TTQsyE2kujhweZxSzWNUD8s,cus_USLZo2T8Mt452c,active,2026-05-04,2076-05-04,2029-05-04,1872561917,2029-05-04,False,sub_sched_1TTQsxE2kujhweZx4FAmh1eb,active,cancel,1,2029-05-04,"[{""end_date"": ""2029-05-04"", ""items"": [{""price_id"": ""price_1TdN6HE2kujhweZxTaJOeEtL"", ""quantity"": 1}, {""price_id"": ""price_1R8l1SE2kujhweZxySQB0Ift"", ""quantity"": 1}], ""proration_behavior"": ""none"", ""start_date"": ""2026-06-01""}]",True,True,[],would_release_schedule,True,Subscription has one active schedule phase with end_behavior=cancel. The schedule can be released and the remaining cancel_at can be cleared.,
sub_1TTQowE2kujhweZxGLTa4ils,cus_USLVz6JeOtlNho,active,2026-05-04,2076-05-04,2029-05-04,1872612138,2029-05-04,False,sub_sched_1TTQowE2kujhweZxtfXGyzYw,active,cancel,1,2029-05-04,"[{""end_date"": ""2029-05-04"", ""items"": [{""price_id"": ""price_1TdN6JE2kujhweZxzmoOLITk"", ""quantity"": 1}, {""price_id"": ""price_1R8l1SE2kujhweZxySQB0Ift"", ""quantity"": 1}], ""proration_behavior"": ""none"", ""start_date"": ""2026-07-04""}]",True,True,[],would_release_schedule,True,Subscription has one active schedule phase with end_behavior=cancel. The schedule can be released and the remaining cancel_at can be cleared.,
sub_1TTQi6E2kujhweZxBZ6MnM4A,cus_USLOqmA4XaqTa8,active,2026-05-04,2076-05-04,2029-05-04,1872561921,2029-05-04,False,sub_sched_1TTQi6E2kujhweZxFdzU1WEK,active,cancel,1,2029-05-04,"[{""end_date"": ""2029-05-04"", ""items"": [{""price_id"": ""price_1TdN6LE2kujhweZx0RjhCqlm"", ""quantity"": 1}, {""price_id"": ""price_1R8l1SE2kujhweZxySQB0Ift"", ""quantity"": 1}], ""proration_behavior"": ""none"", ""start_date"": ""2026-06-01""}]",True,True,[],would_release_schedule,True,Subscription has one active schedule phase with end_behavior=cancel. The schedule can be released and the remaining cancel_at can be cleared.,
sub_1TTQWoE2kujhweZx0NtbzPat,cus_USLDwIDJbO19rs,active,2026-05-04,2076-05-04,2029-05-04,1872561923,2029-05-04,False,sub_sched_1TTQWoE2kujhweZxYPAUH7zQ,active,cancel,1,2029-05-04,"[{""end_date"": ""2029-05-04"", ""items"": [{""price_id"": ""price_1TdN6ME2kujhweZx5mAMaNiV"", ""quantity"": 1}, {""price_id"": ""price_1R8l1SE2kujhweZxySQB0Ift"", ""quantity"": 1}], ""proration_behavior"": ""none"", ""start_date"": ""2026-06-01""}]",True,True,[],would_release_schedule,True,Subscription has one active schedule phase with end_behavior=cancel. The schedule can be released and the remaining cancel_at can be cleared.,
sub_1TTQQyE2kujhweZxtoPHxD9O,cus_USL71BSD7ayXnj,active,2026-05-04,2076-05-04,2029-05-04,1872561925,2029-05-04,False,sub_sched_1TTQQyE2kujhweZxyOsiVMs7,active,cancel,1,2029-05-04,"[{""end_date"": ""2029-05-04"", ""items"": [{""price_id"": ""price_1TdN6OE2kujhweZxH3BkxVmW"", ""quantity"": 1}, {""price_id"": ""price_1R8l1SE2kujhweZxySQB0Ift"", ""quantity"": 1}], ""proration_behavior"": ""none"", ""start_date"": ""2026-06-01""}]",True,True,[],would_release_schedule,True,Subscription has one active schedule phase with end_behavior=cancel. The schedule can be released and the remaining cancel_at can be cleared.,
sub_1TTQIfE2kujhweZx2evxs9w9,cus_USKy2pNentbuFy,active,2026-05-04,2076-05-04,2029-05-04,1872561927,2029-05-04,False,sub_sched_1TTQIfE2kujhweZxkR5vble2,active,cancel,1,2029-05-04,"[{""end_date"": ""2029-05-04"", ""items"": [{""price_id"": ""price_1TdN6QE2kujhweZxfuotWKUG"", ""quantity"": 1}, {""price_id"": ""price_1R8l1SE2kujhweZxySQB0Ift"", ""quantity"": 1}], ""proration_behavior"": ""none"", ""start_date"": ""2026-06-01""}]",True,True,[],would_release_schedule,True,Subscription has one active schedule phase with end_behavior=cancel. The schedule can be released and the remaining cancel_at can be cleared.,
sub_1TTQ9nE2kujhweZxApExWUm4,cus_USKp8nfhnqRv7C,active,2026-05-04,2076-05-04,2029-05-04,1872561929,2029-05-04,False,sub_sched_1TTQ9nE2kujhweZxYLswKXY5,active,cancel,1,2029-05-04,"[{""end_date"": ""2029-05-04"", ""items"": [{""price_id"": ""price_1TdN6SE2kujhweZxuarSTTvE"", ""quantity"": 1}, {""price_id"": ""price_1R8l1SE2kujhweZxySQB0Ift"", ""quantity"": 1}], ""proration_behavior"": ""none"", ""start_date"": ""2026-06-01""}]",True,True,[],would_release_schedule,True,Subscription has one active schedule phase with end_behavior=cancel. The schedule can be released and the remaining cancel_at can be cleared.,
sub_1TTQ3uE2kujhweZxpi2ZQmB9,cus_USKjnGPZe1qMfq,active,2026-05-04,2076-05-04,2029-05-04,1872561930,2029-05-04,False,sub_sched_1TTQ3uE2kujhweZxDBnrAw7f,active,cancel,1,2029-05-04,"[{""end_date"": ""2029-05-04"", ""items"": [{""price_id"": ""price_1TdN6UE2kujhweZxKis5vOg2"", ""quantity"": 1}, {""price_id"": ""price_1R8l1SE2kujhweZxySQB0Ift"", ""quantity"": 1}], ""proration_behavior"": ""none"", ""start_date"": ""2026-06-01""}]",True,True,[],would_release_schedule,True,Subscription has one active schedule phase with end_behavior=cancel. The schedule can be released and the remaining cancel_at can be cleared.,
sub_1TTPORE2kujhweZxaU1R3gIU,cus_R2dcfQkRlDccAH,active,2024-10-16,2074-10-16,2027-10-16,1823659200,2027-10-16,False,,,,0,,[],False,False,[],would_clear_cancel_at,True,Subscription has a direct cancel_at date and no schedule. The future apply route could clear cancel_at while keeping the subscription active.,
sub_1TREdPE2kujhweZxnijkjU2G,cus_SIeRTDfvxE7yMR,active,2025-05-12,2075-05-12,2028-05-12,1841717134,2028-05-12,False,sub_sched_1TREe7E2kujhweZxonxm18BS,active,cancel,1,2028-05-12,"[{""end_date"": ""2028-05-12"", ""items"": [{""price_id"": ""price_1TdN6XE2kujhweZxAYtVmOTV"", ""quantity"": 1}, {""price_id"": ""price_1R8l1SE2kujhweZxySQB0Ift"", ""quantity"": 1}], ""proration_behavior"": ""none"", ""start_date"": ""2026-07-09""}]",True,True,[],would_release_schedule,True,Subscription has one active schedule phase with end_behavior=cancel. The schedule can be released and the remaining cancel_at can be cleared.,
sub_1TQpeIE2kujhweZxWynJGFwN,cus_SLethGoBn9Bmko,active,2025-05-20,2075-05-20,2028-05-20,,,False,,,,0,,[],False,False,[],already_forever,True,"Subscription has no cancel_at, cancel_at_period_end is false, and no schedule is attached.",
sub_1TJc2IE2kujhweZxbUxHZJZO,cus_UICROQlL3tp3i9,active,2026-04-07,2076-04-07,2029-04-07,1870229137,2029-04-07,False,sub_sched_1TJc2IE2kujhweZxDcPL7cs5,active,cancel,1,2029-04-07,"[{""end_date"": ""2029-04-07"", ""items"": [{""price_id"": ""price_1TdN6bE2kujhweZx1HWikOYy"", ""quantity"": 1}, {""price_id"": ""price_1R8l1SE2kujhweZxySQB0Ift"", ""quantity"": 1}], ""proration_behavior"": ""none"", ""start_date"": ""2026-06-01""}]",True,True,[],would_release_schedule,True,Subscription has one active schedule phase with end_behavior=cancel. The schedule can be released and the remaining cancel_at can be cleared.,
sub_1TJG2LE2kujhweZxRbeXO5zP,cus_UHphFqEBWhrEK7,active,2026-04-06,2076-04-06,2029-04-06,1870142739,2029-04-06,False,sub_sched_1TJG2LE2kujhweZxKftAiba1,active,cancel,1,2029-04-06,"[{""end_date"": ""2029-04-06"", ""items"": [{""price_id"": ""price_1TdN6dE2kujhweZx0Vx2afoW"", ""quantity"": 1}, {""price_id"": ""price_1R8l1SE2kujhweZxySQB0Ift"", ""quantity"": 1}], ""proration_behavior"": ""none"", ""start_date"": ""2026-06-01""}]",True,True,[],would_release_schedule,True,Subscription has one active schedule phase with end_behavior=cancel. The schedule can be released and the remaining cancel_at can be cleared.,
sub_1TJFtdE2kujhweZxdBPO60WI,cus_UHpY0fheLPJfVg,active,2026-04-06,2076-04-06,2029-04-06,1870186865,2029-04-06,False,sub_sched_1TJFtdE2kujhweZx74Wruk3k,active,cancel,1,2029-04-06,"[{""end_date"": ""2029-04-06"", ""items"": [{""price_id"": ""price_1TdN6fE2kujhweZxnI27A1sz"", ""quantity"": 1}, {""price_id"": ""price_1R8l1SE2kujhweZxySQB0Ift"", ""quantity"": 1}], ""proration_behavior"": ""none"", ""start_date"": ""2026-06-06""}]",True,True,[],would_release_schedule,True,Subscription has one active schedule phase with end_behavior=cancel. The schedule can be released and the remaining cancel_at can be cleared.,
sub_1TJFgKE2kujhweZxUB5IVASp,cus_UHpKEl3wGCxKiB,active,2026-04-06,2076-04-06,2029-04-06,1870142743,2029-04-06,False,sub_sched_1TJFgKE2kujhweZxKWYYOGFR,active,cancel,1,2029-04-06,"[{""end_date"": ""2029-04-06"", ""items"": [{""price_id"": ""price_1TdN6gE2kujhweZxSnP5driY"", ""quantity"": 1}, {""price_id"": ""price_1R8l1SE2kujhweZxySQB0Ift"", ""quantity"": 1}], ""proration_behavior"": ""none"", ""start_date"": ""2026-06-01""}]",True,True,[],would_release_schedule,True,Subscription has one active schedule phase with end_behavior=cancel. The schedule can be released and the remaining cancel_at can be cleared.,
sub_1TJFLeE2kujhweZxn3YWF5by,cus_UHozEVl4CHzIn5,active,2026-04-06,2076-04-06,2029-04-06,1870225968,2029-04-07,False,sub_sched_1TJFLeE2kujhweZx3QsKi4Xg,active,cancel,1,2029-04-07,"[{""end_date"": ""2029-04-07"", ""items"": [{""price_id"": ""price_1Tdil2E2kujhweZxGCe25OmM"", ""quantity"": 1}, {""price_id"": ""price_1R8l1SE2kujhweZxySQB0Ift"", ""quantity"": 1}], ""proration_behavior"": ""none"", ""start_date"": ""2026-06-02""}]",True,True,[],would_release_schedule,True,Subscription has one active schedule phase with end_behavior=cancel. The schedule can be released and the remaining cancel_at can be cleared.,
sub_1THT3BE2kujhweZxmG1fUnwE,cus_UFyzDrjrZhlFd0,active,2026-04-01,2076-04-01,2029-04-01,,,False,,,,0,,[],False,False,[],already_forever,True,"Subscription has no cancel_at, cancel_at_period_end is false, and no schedule is attached.",
sub_1THSv0E2kujhweZxBtf4LH9I,cus_UFyshW0jgXwq4n,active,2026-04-01,2076-04-01,2029-04-01,1869793970,2029-04-02,False,sub_sched_1THSv0E2kujhweZxAUqqO32q,active,cancel,1,2029-04-02,"[{""end_date"": ""2029-04-02"", ""items"": [{""price_id"": ""price_1Tdil4E2kujhweZx7YmcsX59"", ""quantity"": 1}, {""price_id"": ""price_1R8l1SE2kujhweZxySQB0Ift"", ""quantity"": 1}], ""proration_behavior"": ""none"", ""start_date"": ""2026-06-02""}]",True,True,[],would_release_schedule,True,Subscription has one active schedule phase with end_behavior=cancel. The schedule can be released and the remaining cancel_at can be cleared.,
sub_1THSg9E2kujhweZxewKxJlJx,cus_UFybP5ASPM3jIj,active,2026-04-01,2076-04-01,2029-04-01,1869710746,2029-04-01,False,sub_sched_1THSg8E2kujhweZxJ065YANS,active,cancel,1,2029-04-01,"[{""end_date"": ""2029-04-01"", ""items"": [{""price_id"": ""price_1TdN6kE2kujhweZxsAKf1tVw"", ""quantity"": 1}, {""price_id"": ""price_1R8l1SE2kujhweZxySQB0Ift"", ""quantity"": 1}], ""proration_behavior"": ""none"", ""start_date"": ""2026-06-01""}]",True,True,[],would_release_schedule,True,Subscription has one active schedule phase with end_behavior=cancel. The schedule can be released and the remaining cancel_at can be cleared.,
sub_1THSSSE2kujhweZxUBGhWxBh,cus_UFyO7V9rAB9RW8,active,2026-04-01,2076-04-01,2029-04-01,1869793972,2029-04-02,False,sub_sched_1THSSSE2kujhweZxnRW3mUn9,active,cancel,1,2029-04-02,"[{""end_date"": ""2029-04-02"", ""items"": [{""price_id"": ""price_1Tdil5E2kujhweZxFAgI5vXC"", ""quantity"": 1}, {""price_id"": ""price_1R8l1SE2kujhweZxySQB0Ift"", ""quantity"": 1}], ""proration_behavior"": ""none"", ""start_date"": ""2026-06-02""}]",True,True,[],would_release_schedule,True,Subscription has one active schedule phase with end_behavior=cancel. The schedule can be released and the remaining cancel_at can be cleared.,
sub_1T7MpmE2kujhweZxf13at00q,cus_U5Xvh0l6CkPVYn,active,2026-03-04,2076-03-04,2029-03-04,1867291548,2029-03-04,False,sub_sched_1T7MpmE2kujhweZxsNvZhaOA,active,cancel,1,2029-03-04,"[{""end_date"": ""2029-03-04"", ""items"": [{""price_id"": ""price_1TdN6mE2kujhweZxsIDX94Dj"", ""quantity"": 1}, {""price_id"": ""price_1R8l1SE2kujhweZxySQB0Ift"", ""quantity"": 1}], ""proration_behavior"": ""none"", ""start_date"": ""2026-06-01""}]",True,True,[],would_release_schedule,True,Subscription has one active schedule phase with end_behavior=cancel. The schedule can be released and the remaining cancel_at can be cleared.,
sub_1T7MlSE2kujhweZxK2yoc9cq,cus_U5Xr6f64yvPedC,active,2026-03-04,2076-03-04,2029-03-04,1867291550,2029-03-04,False,sub_sched_1T7MlSE2kujhweZxyDTYLerw,active,cancel,1,2029-03-04,"[{""end_date"": ""2029-03-04"", ""items"": [{""price_id"": ""price_1TdN6nE2kujhweZxjX2kPCpE"", ""quantity"": 1}, {""price_id"": ""price_1R8l1SE2kujhweZxySQB0Ift"", ""quantity"": 1}], ""proration_behavior"": ""none"", ""start_date"": ""2026-06-01""}]",True,True,[],would_release_schedule,True,Subscription has one active schedule phase with end_behavior=cancel. The schedule can be released and the remaining cancel_at can be cleared.,
sub_1T7Md8E2kujhweZxNi8DV9Bl,cus_U5XiAcxxUmTDNP,active,2026-03-04,2076-03-04,2029-03-04,1867352814,2029-03-04,False,sub_sched_1T7Md8E2kujhweZxKtIkQIR6,active,cancel,1,2029-03-04,"[{""end_date"": ""2029-03-04"", ""items"": [{""price_id"": ""price_1TdN6pE2kujhweZx5IjTn3dF"", ""quantity"": 1}, {""price_id"": ""price_1R8l1SE2kujhweZxySQB0Ift"", ""quantity"": 1}], ""proration_behavior"": ""none"", ""start_date"": ""2026-06-04""}]",True,True,[],would_release_schedule,True,Subscription has one active schedule phase with end_behavior=cancel. The schedule can be released and the remaining cancel_at can be cleared.,
sub_1T7MNXE2kujhweZxuVGL1wZi,cus_U5XSeZo2Bt7HGF,active,2026-03-04,2076-03-04,2029-03-04,1867291553,2029-03-04,False,sub_sched_1T7MNXE2kujhweZxOHIIDrYJ,active,cancel,1,2029-03-04,"[{""end_date"": ""2029-03-04"", ""items"": [{""price_id"": ""price_1TdN6rE2kujhweZxbbuHNSdk"", ""quantity"": 1}, {""price_id"": ""price_1R8l1SE2kujhweZxySQB0Ift"", ""quantity"": 1}], ""proration_behavior"": ""none"", ""start_date"": ""2026-06-01""}]",True,True,[],would_release_schedule,True,Subscription has one active schedule phase with end_behavior=cancel. The schedule can be released and the remaining cancel_at can be cleared.,
sub_1T7MGhE2kujhweZxhYTw8Tnk,cus_U5XL5rC9zfLeoq,active,2026-03-04,2076-03-04,2029-03-04,1867291555,2029-03-04,False,sub_sched_1T7MGhE2kujhweZxCQIF8tck,active,cancel,1,2029-03-04,"[{""end_date"": ""2029-03-04"", ""items"": [{""price_id"": ""price_1TdN6sE2kujhweZxiCkryzCI"", ""quantity"": 1}, {""price_id"": ""price_1R8l1SE2kujhweZxySQB0Ift"", ""quantity"": 1}], ""proration_behavior"": ""none"", ""start_date"": ""2026-06-01""}]",True,True,[],would_release_schedule,True,Subscription has one active schedule phase with end_behavior=cancel. The schedule can be released and the remaining cancel_at can be cleared.,
sub_1T7M7IE2kujhweZxgGYLF34D,cus_U5XBcUhMoRFR9F,active,2026-03-04,2076-03-04,2029-03-04,1867291556,2029-03-04,False,sub_sched_1T7M7IE2kujhweZxejoLcg49,active,cancel,1,2029-03-04,"[{""end_date"": ""2029-03-04"", ""items"": [{""price_id"": ""price_1TdN6uE2kujhweZx1WKhUZcW"", ""quantity"": 1}, {""price_id"": ""price_1R8l1SE2kujhweZxySQB0Ift"", ""quantity"": 1}], ""proration_behavior"": ""none"", ""start_date"": ""2026-06-01""}]",True,True,[],would_release_schedule,True,Subscription has one active schedule phase with end_behavior=cancel. The schedule can be released and the remaining cancel_at can be cleared.,
sub_1T7M2FE2kujhweZx7vmqAo34,cus_U5X6r3eutzFpad,active,2026-03-04,2076-03-04,2029-03-04,1867291558,2029-03-04,False,sub_sched_1T7M2FE2kujhweZxvAeaJe8i,active,cancel,1,2029-03-04,"[{""end_date"": ""2029-03-04"", ""items"": [{""price_id"": ""price_1TdN6wE2kujhweZxlY5JRLNr"", ""quantity"": 1}, {""price_id"": ""price_1R8l1SE2kujhweZxySQB0Ift"", ""quantity"": 1}], ""proration_behavior"": ""none"", ""start_date"": ""2026-06-01""}]",True,True,[],would_release_schedule,True,Subscription has one active schedule phase with end_behavior=cancel. The schedule can be released and the remaining cancel_at can be cleared.,
sub_1T7Lv7E2kujhweZx9HxFLoPM,cus_U5WyLs5f0gV5x3,active,2026-03-04,2076-03-04,2029-03-04,1867374774,2029-03-05,False,sub_sched_1T7Lv7E2kujhweZx5nZDjkRq,active,cancel,1,2029-03-05,"[{""end_date"": ""2029-03-05"", ""items"": [{""price_id"": ""price_1Tdil7E2kujhweZxQallGlFt"", ""quantity"": 1}, {""price_id"": ""price_1R8l1SE2kujhweZxySQB0Ift"", ""quantity"": 1}], ""proration_behavior"": ""none"", ""start_date"": ""2026-06-02""}]",True,True,[],would_release_schedule,True,Subscription has one active schedule phase with end_behavior=cancel. The schedule can be released and the remaining cancel_at can be cleared.,
sub_1T7LpkE2kujhweZx7cMIWtoe,cus_U5WtwHgFoVdrMT,active,2026-03-04,2076-03-04,2029-03-04,1867291560,2029-03-04,False,sub_sched_1T7LpkE2kujhweZxzPOmWjmD,active,cancel,1,2029-03-04,"[{""end_date"": ""2029-03-04"", ""items"": [{""price_id"": ""price_1TdN6xE2kujhweZxCcqGwujh"", ""quantity"": 1}, {""price_id"": ""price_1R8l1SE2kujhweZxySQB0Ift"", ""quantity"": 1}], ""proration_behavior"": ""none"", ""start_date"": ""2026-06-01""}]",True,True,[],would_release_schedule,True,Subscription has one active schedule phase with end_behavior=cancel. The schedule can be released and the remaining cancel_at can be cleared.,
sub_1T6afME2kujhweZxHIf3taWd,cus_U4k9bqslu8OwCN,active,2026-03-02,2076-03-02,2029-03-02,1867118761,2029-03-02,False,sub_sched_1T6afME2kujhweZxs8t0xToc,active,cancel,1,2029-03-02,"[{""end_date"": ""2029-03-02"", ""items"": [{""price_id"": ""price_1TdN6zE2kujhweZxRcB2KH4u"", ""quantity"": 1}, {""price_id"": ""price_1R8l1SE2kujhweZxySQB0Ift"", ""quantity"": 1}], ""proration_behavior"": ""none"", ""start_date"": ""2026-06-01""}]",True,True,[],would_release_schedule,True,Subscription has one active schedule phase with end_behavior=cancel. The schedule can be released and the remaining cancel_at can be cleared.,
sub_1T6aYoE2kujhweZxwDzespw5,cus_U4k2Gq3nqLjFoi,active,2026-03-02,2076-03-02,2029-03-02,1867118763,2029-03-02,False,sub_sched_1T6aYoE2kujhweZxnwsAHAVv,active,cancel,1,2029-03-02,"[{""end_date"": ""2029-03-02"", ""items"": [{""price_id"": ""price_1TdN71E2kujhweZxxmjfM9Si"", ""quantity"": 1}, {""price_id"": ""price_1R8l1SE2kujhweZxySQB0Ift"", ""quantity"": 1}], ""proration_behavior"": ""none"", ""start_date"": ""2026-06-01""}]",True,True,[],would_release_schedule,True,Subscription has one active schedule phase with end_behavior=cancel. The schedule can be released and the remaining cancel_at can be cleared.,
sub_1T6aH4E2kujhweZx34eS9wNk,cus_U4jkjAEDU7aPx6,active,2026-03-02,2076-03-02,2029-03-02,1867118764,2029-03-02,False,sub_sched_1T6aH4E2kujhweZxFTH9xxbT,active,cancel,1,2029-03-02,"[{""end_date"": ""2029-03-02"", ""items"": [{""price_id"": ""price_1TdN72E2kujhweZxVKwGR9Nh"", ""quantity"": 1}, {""price_id"": ""price_1R8l1SE2kujhweZxySQB0Ift"", ""quantity"": 1}], ""proration_behavior"": ""none"", ""start_date"": ""2026-06-01""}]",True,True,[],would_release_schedule,True,Subscription has one active schedule phase with end_behavior=cancel. The schedule can be released and the remaining cancel_at can be cleared.,
sub_1T5XvrE2kujhweZxUPALA1p4,cus_U3fGw5irS6rEMT,active,2026-02-27,2076-02-27,2029-02-27,1866859566,2029-02-27,False,sub_sched_1T5XvrE2kujhweZxSAtdRu8O,active,cancel,1,2029-02-27,"[{""end_date"": ""2029-02-27"", ""items"": [{""price_id"": ""price_1TdN74E2kujhweZxN0AbDB1E"", ""quantity"": 1}, {""price_id"": ""price_1R8l1SE2kujhweZxySQB0Ift"", ""quantity"": 1}], ""proration_behavior"": ""none"", ""start_date"": ""2026-06-01""}]",True,True,[],would_release_schedule,True,Subscription has one active schedule phase with end_behavior=cancel. The schedule can be released and the remaining cancel_at can be cleared.,
sub_1T5WsOE2kujhweZxftJWp1is,cus_U3eALIfadsDEwc,active,2026-02-27,2076-02-27,2029-02-27,1866859568,2029-02-27,False,sub_sched_1T5WsOE2kujhweZxzQiIqMA2,active,cancel,1,2029-02-27,"[{""end_date"": ""2029-02-27"", ""items"": [{""price_id"": ""price_1TdN75E2kujhweZxy5CLlGYY"", ""quantity"": 1}, {""price_id"": ""price_1R8l1SE2kujhweZxySQB0Ift"", ""quantity"": 1}], ""proration_behavior"": ""none"", ""start_date"": ""2026-06-01""}]",True,True,[],would_release_schedule,True,Subscription has one active schedule phase with end_behavior=cancel. The schedule can be released and the remaining cancel_at can be cleared.,
sub_1T5WiDE2kujhweZxF37mGTiL,cus_U3dz6fux58NBVv,active,2026-02-27,2076-02-27,2029-02-27,1866859569,2029-02-27,False,sub_sched_1T5WiDE2kujhweZxkFOrvQdd,active,cancel,1,2029-02-27,"[{""end_date"": ""2029-02-27"", ""items"": [{""price_id"": ""price_1TdN77E2kujhweZxwnOLKepo"", ""quantity"": 1}, {""price_id"": ""price_1R8l1SE2kujhweZxySQB0Ift"", ""quantity"": 1}], ""proration_behavior"": ""none"", ""start_date"": ""2026-06-01""}]",True,True,[],would_release_schedule,True,Subscription has one active schedule phase with end_behavior=cancel. The schedule can be released and the remaining cancel_at can be cleared.,
sub_1T5VobE2kujhweZxMIukrY2R,cus_U3d4eSQdBztBum,active,2026-02-27,2076-02-27,2029-02-27,1866859571,2029-02-27,False,sub_sched_1T5VobE2kujhweZxjPnhkj9c,active,cancel,1,2029-02-27,"[{""end_date"": ""2029-02-27"", ""items"": [{""price_id"": ""price_1TdN79E2kujhweZxpPk16OIT"", ""quantity"": 1}, {""price_id"": ""price_1R8l1SE2kujhweZxySQB0Ift"", ""quantity"": 1}], ""proration_behavior"": ""none"", ""start_date"": ""2026-06-01""}]",True,True,[],would_release_schedule,True,Subscription has one active schedule phase with end_behavior=cancel. The schedule can be released and the remaining cancel_at can be cleared.,
sub_1SyzuoE2kujhweZxG043LCs3,cus_Twti18y39aowVc,active,2026-02-09,2076-02-09,2029-02-09,1865304373,2029-02-09,False,sub_sched_1SyzuoE2kujhweZx3JDV46Rk,active,cancel,1,2029-02-09,"[{""end_date"": ""2029-02-09"", ""items"": [{""price_id"": ""price_1TdN7BE2kujhweZxPVEj8BnQ"", ""quantity"": 1}, {""price_id"": ""price_1R8l1SE2kujhweZxySQB0Ift"", ""quantity"": 1}], ""proration_behavior"": ""none"", ""start_date"": ""2026-06-01""}]",True,True,[],would_release_schedule,True,Subscription has one active schedule phase with end_behavior=cancel. The schedule can be released and the remaining cancel_at can be cleared.,
sub_1SyzqkE2kujhweZxBd3LjGdn,cus_Twtd81CgCgF14X,active,2026-02-09,2076-02-09,2029-02-09,1865304375,2029-02-09,False,sub_sched_1SyzqkE2kujhweZxuUaLxGav,active,cancel,1,2029-02-09,"[{""end_date"": ""2029-02-09"", ""items"": [{""price_id"": ""price_1TdN7CE2kujhweZxJ1TV0D1L"", ""quantity"": 1}, {""price_id"": ""price_1R8l1SE2kujhweZxySQB0Ift"", ""quantity"": 1}], ""proration_behavior"": ""none"", ""start_date"": ""2026-06-01""}]",True,True,[],would_release_schedule,True,Subscription has one active schedule phase with end_behavior=cancel. The schedule can be released and the remaining cancel_at can be cleared.,
sub_1SyyG3E2kujhweZxwMyyJinB,cus_Twrweb8U5jb5KL,active,2026-02-09,2076-02-09,2029-02-09,1865304376,2029-02-09,False,sub_sched_1SyyG3E2kujhweZx9GStPP6J,active,cancel,1,2029-02-09,"[{""end_date"": ""2029-02-09"", ""items"": [{""price_id"": ""price_1TdN7EE2kujhweZxwdNfhmBS"", ""quantity"": 1}, {""price_id"": ""price_1R8l1SE2kujhweZxySQB0Ift"", ""quantity"": 1}], ""proration_behavior"": ""none"", ""start_date"": ""2026-06-01""}]",True,True,[],would_release_schedule,True,Subscription has one active schedule phase with end_behavior=cancel. The schedule can be released and the remaining cancel_at can be cleared.,
sub_1SyxmuE2kujhweZx3BNJFVO2,cus_TwrVcFkCAQzRY1,active,2026-02-09,2076-02-09,2029-02-09,1865350696,2029-02-09,False,sub_sched_1SyxmuE2kujhweZxJP7MWSkb,active,cancel,1,2029-02-09,"[{""end_date"": ""2029-02-09"", ""items"": [{""price_id"": ""price_1TdN7GE2kujhweZx59hjzJtZ"", ""quantity"": 1}, {""price_id"": ""price_1R8l1SE2kujhweZxySQB0Ift"", ""quantity"": 1}], ""proration_behavior"": ""none"", ""start_date"": ""2026-07-09""}]",True,True,[],would_release_schedule,True,Subscription has one active schedule phase with end_behavior=cancel. The schedule can be released and the remaining cancel_at can be cleared.,
sub_1SyxZIE2kujhweZxKgkxdNcJ,cus_TwrHtvk6VT9mxr,active,2026-02-09,2076-02-09,2029-02-09,1865304381,2029-02-09,False,sub_sched_1SyxZIE2kujhweZx5RKJsQkB,active,cancel,1,2029-02-09,"[{""end_date"": ""2029-02-09"", ""items"": [{""price_id"": ""price_1TdN7JE2kujhweZxPG9sb8xh"", ""quantity"": 1}, {""price_id"": ""price_1R8l1SE2kujhweZxySQB0Ift"", ""quantity"": 1}], ""proration_behavior"": ""none"", ""start_date"": ""2026-06-01""}]",True,True,[],would_release_schedule,True,Subscription has one active schedule phase with end_behavior=cancel. The schedule can be released and the remaining cancel_at can be cleared.,
sub_1SyxM0E2kujhweZxlJMs13gR,cus_Twr4dZHq4E8eDn,active,2026-02-09,2076-02-09,2029-02-09,1865304383,2029-02-09,False,sub_sched_1SyxM0E2kujhweZxdiyOaiRu,active,cancel,1,2029-02-09,"[{""end_date"": ""2029-02-09"", ""items"": [{""price_id"": ""price_1TdN7KE2kujhweZx4uXagUQh"", ""quantity"": 1}, {""price_id"": ""price_1R8l1SE2kujhweZxySQB0Ift"", ""quantity"": 1}], ""proration_behavior"": ""none"", ""start_date"": ""2026-06-01""}]",True,True,[],would_release_schedule,True,Subscription has one active schedule phase with end_behavior=cancel. The schedule can be released and the remaining cancel_at can be cleared.,
sub_1SyxHeE2kujhweZxGcDxmbUL,cus_TwqzpfY9TP06Tn,active,2026-02-09,2076-02-09,2029-02-09,1865387575,2029-02-10,False,sub_sched_1SyxHeE2kujhweZxfkk4FrtM,active,cancel,1,2029-02-10,"[{""end_date"": ""2029-02-10"", ""items"": [{""price_id"": ""price_1Tdil9E2kujhweZx0Oaxyq85"", ""quantity"": 1}, {""price_id"": ""price_1R8l1SE2kujhweZxySQB0Ift"", ""quantity"": 1}], ""proration_behavior"": ""none"", ""start_date"": ""2026-06-02""}]",True,True,[],would_release_schedule,True,Subscription has one active schedule phase with end_behavior=cancel. The schedule can be released and the remaining cancel_at can be cleared.,
sub_1SywvWE2kujhweZxTW4viwgO,cus_TwqcjDB8NFH7bG,active,2026-02-09,2076-02-09,2029-02-09,1865304385,2029-02-09,False,sub_sched_1SywvWE2kujhweZxpgFEsHOP,active,cancel,1,2029-02-09,"[{""end_date"": ""2029-02-09"", ""items"": [{""price_id"": ""price_1TdN7ME2kujhweZxBxXmyI1y"", ""quantity"": 1}, {""price_id"": ""price_1R8l1SE2kujhweZxySQB0Ift"", ""quantity"": 1}], ""proration_behavior"": ""none"", ""start_date"": ""2026-06-01""}]",True,True,[],would_release_schedule,True,Subscription has one active schedule phase with end_behavior=cancel. The schedule can be released and the remaining cancel_at can be cleared.,
sub_1Sywo6E2kujhweZxUzNKdLdV,cus_TwqVXDVtlqwqPZ,active,2026-02-09,2076-02-09,2029-02-09,1865304386,2029-02-09,False,sub_sched_1Sywo6E2kujhweZxzCO5F04c,active,cancel,1,2029-02-09,"[{""end_date"": ""2029-02-09"", ""items"": [{""price_id"": ""price_1TdN7OE2kujhweZxDSsBZirc"", ""quantity"": 1}, {""price_id"": ""price_1R8l1SE2kujhweZxySQB0Ift"", ""quantity"": 1}], ""proration_behavior"": ""none"", ""start_date"": ""2026-06-01""}]",True,True,[],would_release_schedule,True,Subscription has one active schedule phase with end_behavior=cancel. The schedule can be released and the remaining cancel_at can be cleared.,
sub_1SywhWE2kujhweZxQqvTQ3Vc,cus_TwqOMQmH37KYmP,active,2026-02-09,2076-02-09,2029-02-09,1865304388,2029-02-09,False,sub_sched_1SywhWE2kujhweZxi4belVmF,active,cancel,1,2029-02-09,"[{""end_date"": ""2029-02-09"", ""items"": [{""price_id"": ""price_1TdN7QE2kujhweZxoE3hmklM"", ""quantity"": 1}, {""price_id"": ""price_1R8l1SE2kujhweZxySQB0Ift"", ""quantity"": 1}], ""proration_behavior"": ""none"", ""start_date"": ""2026-06-01""}]",True,True,[],would_release_schedule,True,Subscription has one active schedule phase with end_behavior=cancel. The schedule can be released and the remaining cancel_at can be cleared.,
sub_1SywTKE2kujhweZx0MSIqGcB,cus_Twq9JpfSDQUuXc,active,2026-02-09,2076-02-09,2029-02-09,1865372834,2029-02-09,False,sub_sched_1SywTKE2kujhweZxvCuVAzCO,active,cancel,1,2029-02-09,"[{""end_date"": ""2029-02-09"", ""items"": [{""price_id"": ""price_1TdevNE2kujhweZxIGArW7uy"", ""quantity"": 1}, {""price_id"": ""price_1R8l1SE2kujhweZxySQB0Ift"", ""quantity"": 1}], ""proration_behavior"": ""none"", ""start_date"": ""2026-06-01""}]",True,True,[],would_release_schedule,True,Subscription has one active schedule phase with end_behavior=cancel. The schedule can be released and the remaining cancel_at can be cleared.,
sub_1SxubxE2kujhweZxOOIhX7hE,cus_TvmAemcZu5H42G,active,2026-02-06,2076-02-06,2029-02-06,1865045190,2029-02-06,False,sub_sched_1SxubxE2kujhweZxISkhO97c,active,cancel,1,2029-02-06,"[{""end_date"": ""2029-02-06"", ""items"": [{""price_id"": ""price_1TdN7SE2kujhweZxJAgUmK5K"", ""quantity"": 1}, {""price_id"": ""price_1R8l1SE2kujhweZxySQB0Ift"", ""quantity"": 1}], ""proration_behavior"": ""none"", ""start_date"": ""2026-06-01""}]",True,True,[],would_release_schedule,True,Subscription has one active schedule phase with end_behavior=cancel. The schedule can be released and the remaining cancel_at can be cleared.,
sub_1SxuJlE2kujhweZx2VbtYj3b,cus_TvlrTi4yyyqAy1,active,2026-02-06,2076-02-06,2029-02-06,1865099029,2029-02-06,False,sub_sched_1SxuJlE2kujhweZxzXmqctVd,active,cancel,1,2029-02-06,"[{""end_date"": ""2029-02-06"", ""items"": [{""price_id"": ""price_1TdN7TE2kujhweZxoChhqTdL"", ""quantity"": 1}, {""price_id"": ""price_1R8l1SE2kujhweZxySQB0Ift"", ""quantity"": 1}], ""proration_behavior"": ""none"", ""start_date"": ""2026-06-06""}]",True,True,[],would_release_schedule,True,Subscription has one active schedule phase with end_behavior=cancel. The schedule can be released and the remaining cancel_at can be cleared.,
sub_1SxtvME2kujhweZxVfE432dy,cus_TvlSQpGCuhXX3g,active,2026-02-06,2076-02-06,2029-02-06,1865045193,2029-02-06,False,sub_sched_1SxtvME2kujhweZxYCb4AaRi,active,cancel,1,2029-02-06,"[{""end_date"": ""2029-02-06"", ""items"": [{""price_id"": ""price_1TdN7VE2kujhweZxVwvhXUme"", ""quantity"": 1}, {""price_id"": ""price_1R8l1SE2kujhweZxySQB0Ift"", ""quantity"": 1}], ""proration_behavior"": ""none"", ""start_date"": ""2026-06-01""}]",True,True,[],would_release_schedule,True,Subscription has one active schedule phase with end_behavior=cancel. The schedule can be released and the remaining cancel_at can be cleared.,
sub_1Swl6JE2kujhweZx2nkjDkws,cus_TuaGWU67FnhNLF,active,2026-02-03,2076-02-03,2029-02-03,1864785995,2029-02-03,False,sub_sched_1Swl6JE2kujhweZx4n1Ukf70,active,cancel,1,2029-02-03,"[{""end_date"": ""2029-02-03"", ""items"": [{""price_id"": ""price_1TdN7XE2kujhweZxy3OluhI5"", ""quantity"": 1}, {""price_id"": ""price_1R8l1SE2kujhweZxySQB0Ift"", ""quantity"": 1}], ""proration_behavior"": ""none"", ""start_date"": ""2026-06-01""}]",True,True,[],would_release_schedule,True,Subscription has one active schedule phase with end_behavior=cancel. The schedule can be released and the remaining cancel_at can be cleared.,
sub_1SwTYsE2kujhweZxBm0nviF4,cus_TuI8H704b9IO8i,active,2026-02-02,2076-02-02,2029-02-02,1864699597,2029-02-02,False,sub_sched_1SwTYsE2kujhweZxaf0Hvkp6,active,cancel,1,2029-02-02,"[{""end_date"": ""2029-02-02"", ""items"": [{""price_id"": ""price_1TdN7YE2kujhweZxzg7R6Udg"", ""quantity"": 1}, {""price_id"": ""price_1R8l1SE2kujhweZxySQB0Ift"", ""quantity"": 1}], ""proration_behavior"": ""none"", ""start_date"": ""2026-06-01""}]",True,True,[],would_release_schedule,True,Subscription has one active schedule phase with end_behavior=cancel. The schedule can be released and the remaining cancel_at can be cleared.,
sub_1SwShYE2kujhweZx9G1w62fS,cus_TuHFXfBTj2hk6r,active,2026-02-02,2076-02-02,2029-02-02,1864699599,2029-02-02,False,sub_sched_1SwShYE2kujhweZxNSerYHtG,active,cancel,1,2029-02-02,"[{""end_date"": ""2029-02-02"", ""items"": [{""price_id"": ""price_1TdN7aE2kujhweZxxDoM47KG"", ""quantity"": 1}, {""price_id"": ""price_1R8l1SE2kujhweZxySQB0Ift"", ""quantity"": 1}], ""proration_behavior"": ""none"", ""start_date"": ""2026-06-01""}]",True,True,[],would_release_schedule,True,Subscription has one active schedule phase with end_behavior=cancel. The schedule can be released and the remaining cancel_at can be cleared.,
sub_1SwSRVE2kujhweZxn1HK1ah9,cus_TuGzWs5sI2eAKT,active,2026-02-02,2076-02-02,2029-02-02,1864699600,2029-02-02,False,sub_sched_1SwSRVE2kujhweZxzlW07xDD,active,cancel,1,2029-02-02,"[{""end_date"": ""2029-02-02"", ""items"": [{""price_id"": ""price_1TdN7cE2kujhweZx8hHK1t4Z"", ""quantity"": 1}, {""price_id"": ""price_1R8l1SE2kujhweZxySQB0Ift"", ""quantity"": 1}], ""proration_behavior"": ""none"", ""start_date"": ""2026-06-01""}]",True,True,[],would_release_schedule,True,Subscription has one active schedule phase with end_behavior=cancel. The schedule can be released and the remaining cancel_at can be cleared.,
sub_1SwSEvE2kujhweZxdENpmBN5,cus_TuGmeHGqc441FO,active,2026-02-02,2076-02-02,2029-02-02,1864699602,2029-02-02,False,sub_sched_1SwSEuE2kujhweZxshirHBU2,active,cancel,1,2029-02-02,"[{""end_date"": ""2029-02-02"", ""items"": [{""price_id"": ""price_1TdN7eE2kujhweZxjZqCxfnt"", ""quantity"": 1}, {""price_id"": ""price_1R8l1SE2kujhweZxySQB0Ift"", ""quantity"": 1}], ""proration_behavior"": ""none"", ""start_date"": ""2026-06-01""}]",True,True,[],would_release_schedule,True,Subscription has one active schedule phase with end_behavior=cancel. The schedule can be released and the remaining cancel_at can be cleared.,
sub_1SwRxcE2kujhweZxCMQasOE7,cus_TuGSMus9JCmxMq,active,2026-02-02,2076-02-02,2029-02-02,1864699604,2029-02-02,False,sub_sched_1SwRxcE2kujhweZxEyVXrz7k,active,cancel,1,2029-02-02,"[{""end_date"": ""2029-02-02"", ""items"": [{""price_id"": ""price_1TdN7fE2kujhweZxM5mzh1o6"", ""quantity"": 1}, {""price_id"": ""price_1R8l1SE2kujhweZxySQB0Ift"", ""quantity"": 1}], ""proration_behavior"": ""none"", ""start_date"": ""2026-06-01""}]",True,True,[],would_release_schedule,True,Subscription has one active schedule phase with end_behavior=cancel. The schedule can be released and the remaining cancel_at can be cleared.,
sub_1SpEOoE2kujhweZxLEBVV9YU,cus_TmnynrhqLRqOMN,active,2026-01-13,2076-01-13,2029-01-13,1862971605,2029-01-13,False,sub_sched_1SpEOoE2kujhweZxO8p2Nlln,active,cancel,1,2029-01-13,"[{""end_date"": ""2029-01-13"", ""items"": [{""price_id"": ""price_1TdN7hE2kujhweZxUFl5MMr8"", ""quantity"": 1}, {""price_id"": ""price_1R8l1SE2kujhweZxySQB0Ift"", ""quantity"": 1}], ""proration_behavior"": ""none"", ""start_date"": ""2026-06-01""}]",True,True,[],would_release_schedule,True,Subscription has one active schedule phase with end_behavior=cancel. The schedule can be released and the remaining cancel_at can be cleared.,
sub_1Sor3WE2kujhweZxldsAhyrP,cus_TmPt2iVHu6nPCA,active,2026-01-12,2076-01-12,2029-01-12,1862885208,2029-01-12,False,sub_sched_1Sor3WE2kujhweZxSbw7oD3v,active,cancel,1,2029-01-12,"[{""end_date"": ""2029-01-12"", ""items"": [{""price_id"": ""price_1TdN7jE2kujhweZxu68cQSyH"", ""quantity"": 1}, {""price_id"": ""price_1R8l1SE2kujhweZxySQB0Ift"", ""quantity"": 1}], ""proration_behavior"": ""none"", ""start_date"": ""2026-06-01""}]",True,True,[],would_release_schedule,True,Subscription has one active schedule phase with end_behavior=cancel. The schedule can be released and the remaining cancel_at can be cleared.,
sub_1SoqtqE2kujhweZxECHrtg4K,cus_TmPjEcqWY0tSJD,active,2026-01-12,2076-01-12,2029-01-12,1862885210,2029-01-12,False,sub_sched_1SoqtqE2kujhweZxAOWmhzcY,active,cancel,1,2029-01-12,"[{""end_date"": ""2029-01-12"", ""items"": [{""price_id"": ""price_1R8l1SE2kujhweZxySQB0Ift"", ""quantity"": 1}, {""price_id"": ""price_1TdN7lE2kujhweZxr2Mwks8u"", ""quantity"": 1}], ""proration_behavior"": ""none"", ""start_date"": ""2026-06-01""}]",True,True,[],would_release_schedule,True,Subscription has one active schedule phase with end_behavior=cancel. The schedule can be released and the remaining cancel_at can be cleared.,
sub_1SoqjHE2kujhweZx1vZdge74,cus_TmPYAO2n1q2ol5,active,2026-01-12,2076-01-12,2029-01-12,1862918535,2029-01-12,False,sub_sched_1SoqjHE2kujhweZxEwMCRJvY,active,cancel,1,2029-01-12,"[{""end_date"": ""2029-01-12"", ""items"": [{""price_id"": ""price_1TdN7nE2kujhweZxcprAoaQf"", ""quantity"": 1}, {""price_id"": ""price_1R8l1SE2kujhweZxySQB0Ift"", ""quantity"": 1}], ""proration_behavior"": ""none"", ""start_date"": ""2026-07-09""}]",True,True,[],would_release_schedule,True,Subscription has one active schedule phase with end_behavior=cancel. The schedule can be released and the remaining cancel_at can be cleared.,
sub_1SoqZnE2kujhweZx0qtDLzTv,cus_TmPOlGSaycn08p,active,2026-01-12,2076-01-12,2029-01-12,1862885213,2029-01-12,False,sub_sched_1SoqZnE2kujhweZxEQxwghg7,active,cancel,1,2029-01-12,"[{""end_date"": ""2029-01-12"", ""items"": [{""price_id"": ""price_1TdN7pE2kujhweZxxaYFmCXF"", ""quantity"": 1}, {""price_id"": ""price_1R8l1SE2kujhweZxySQB0Ift"", ""quantity"": 1}], ""proration_behavior"": ""none"", ""start_date"": ""2026-06-01""}]",True,True,[],would_release_schedule,True,Subscription has one active schedule phase with end_behavior=cancel. The schedule can be released and the remaining cancel_at can be cleared.,
sub_1SoqQTE2kujhweZxi80wZAJX,cus_TmPEaAN68nn9R7,active,2026-01-12,2076-01-12,2029-01-12,1862885215,2029-01-12,False,sub_sched_1SoqQTE2kujhweZxT5sHCZoq,active,cancel,1,2029-01-12,"[{""end_date"": ""2029-01-12"", ""items"": [{""price_id"": ""price_1TdN7qE2kujhweZxmM7t1hLA"", ""quantity"": 1}, {""price_id"": ""price_1R8l1SE2kujhweZxySQB0Ift"", ""quantity"": 1}], ""proration_behavior"": ""none"", ""start_date"": ""2026-06-01""}]",True,True,[],would_release_schedule,True,Subscription has one active schedule phase with end_behavior=cancel. The schedule can be released and the remaining cancel_at can be cleared.,
sub_1SooTNE2kujhweZxhvsorm08,cus_TmNDIxw1cgtczI,active,2026-01-12,2076-01-12,2029-01-12,1862885216,2029-01-12,False,sub_sched_1SooTME2kujhweZx5h3LBv5Y,active,cancel,1,2029-01-12,"[{""end_date"": ""2029-01-12"", ""items"": [{""price_id"": ""price_1TdN7sE2kujhweZxlae7MQhB"", ""quantity"": 1}, {""price_id"": ""price_1R8l1SE2kujhweZxySQB0Ift"", ""quantity"": 1}], ""proration_behavior"": ""none"", ""start_date"": ""2026-06-01""}]",True,True,[],would_release_schedule,True,Subscription has one active schedule phase with end_behavior=cancel. The schedule can be released and the remaining cancel_at can be cleared.,
sub_1SontQE2kujhweZxnyRvsGB1,cus_TmMc4dkZpMwCxo,active,2026-01-12,2076-01-12,2029-01-12,1862885218,2029-01-12,False,sub_sched_1SontQE2kujhweZxJaEhc86c,active,cancel,1,2029-01-12,"[{""end_date"": ""2029-01-12"", ""items"": [{""price_id"": ""price_1TdN7uE2kujhweZxcllyTWyV"", ""quantity"": 1}, {""price_id"": ""price_1R8l1SE2kujhweZxySQB0Ift"", ""quantity"": 1}], ""proration_behavior"": ""none"", ""start_date"": ""2026-06-01""}]",True,True,[],would_release_schedule,True,Subscription has one active schedule phase with end_behavior=cancel. The schedule can be released and the remaining cancel_at can be cleared.,
sub_1SonlfE2kujhweZx9K408SKF,cus_TmMU2ydVnzgyli,active,2026-01-12,2076-01-12,2029-01-12,1862885220,2029-01-12,False,sub_sched_1SonlfE2kujhweZxGBgeMw2M,active,cancel,1,2029-01-12,"[{""end_date"": ""2029-01-12"", ""items"": [{""price_id"": ""price_1TdN7vE2kujhweZxBQAHmlOq"", ""quantity"": 1}, {""price_id"": ""price_1R8l1SE2kujhweZxySQB0Ift"", ""quantity"": 1}], ""proration_behavior"": ""none"", ""start_date"": ""2026-06-01""}]",True,True,[],would_release_schedule,True,Subscription has one active schedule phase with end_behavior=cancel. The schedule can be released and the remaining cancel_at can be cleared.,
sub_1SoneAE2kujhweZxk67JNvlQ,cus_TmMM7mAcIQZF0c,active,2026-01-12,2076-01-12,2029-01-12,1862885221,2029-01-12,False,sub_sched_1SoneAE2kujhweZxWk8XbmEd,active,cancel,1,2029-01-12,"[{""end_date"": ""2029-01-12"", ""items"": [{""price_id"": ""price_1TdN7xE2kujhweZxR6EaXVFq"", ""quantity"": 1}, {""price_id"": ""price_1R8l1SE2kujhweZxySQB0Ift"", ""quantity"": 1}], ""proration_behavior"": ""none"", ""start_date"": ""2026-06-01""}]",True,True,[],would_release_schedule,True,Subscription has one active schedule phase with end_behavior=cancel. The schedule can be released and the remaining cancel_at can be cleared.,
sub_1ShucwE2kujhweZx9prlUW88,cus_TfF7SBDHcZOy9l,active,2025-12-24,2075-12-24,2028-12-24,1861243625,2028-12-24,False,sub_sched_1ShucwE2kujhweZxWJAnwk2F,active,cancel,1,2028-12-24,"[{""end_date"": ""2028-12-24"", ""items"": [{""price_id"": ""price_1TdN81E2kujhweZx9L6n6y8q"", ""quantity"": 1}, {""price_id"": ""price_1R8l1SE2kujhweZxySQB0Ift"", ""quantity"": 1}], ""proration_behavior"": ""none"", ""start_date"": ""2026-06-01""}]",True,True,[],would_release_schedule,True,Subscription has one active schedule phase with end_behavior=cancel. The schedule can be released and the remaining cancel_at can be cleared.,
sub_1ShuQpE2kujhweZxpPBWL9Sp,cus_TfEu3iFRoaAAj4,active,2025-12-24,2075-12-24,2028-12-24,1861243627,2028-12-24,False,sub_sched_1ShuQpE2kujhweZxFJXkUkpT,active,cancel,1,2028-12-24,"[{""end_date"": ""2028-12-24"", ""items"": [{""price_id"": ""price_1TdN83E2kujhweZxMLAofn2G"", ""quantity"": 1}, {""price_id"": ""price_1R8l1SE2kujhweZxySQB0Ift"", ""quantity"": 1}], ""proration_behavior"": ""none"", ""start_date"": ""2026-06-01""}]",True,True,[],would_release_schedule,True,Subscription has one active schedule phase with end_behavior=cancel. The schedule can be released and the remaining cancel_at can be cleared.,
sub_1ShuAyE2kujhweZx11pdapaC,cus_TfEeJhJmv0HRYr,active,2025-12-24,2075-12-24,2028-12-24,1861243629,2028-12-24,False,sub_sched_1ShuAyE2kujhweZxmQD77Gpc,active,cancel,1,2028-12-24,"[{""end_date"": ""2028-12-24"", ""items"": [{""price_id"": ""price_1TdN84E2kujhweZxhhHEum9d"", ""quantity"": 1}, {""price_id"": ""price_1R8l1SE2kujhweZxySQB0Ift"", ""quantity"": 1}], ""proration_behavior"": ""none"", ""start_date"": ""2026-06-01""}]",True,True,[],would_release_schedule,True,Subscription has one active schedule phase with end_behavior=cancel. The schedule can be released and the remaining cancel_at can be cleared.,
sub_1Shu5sE2kujhweZxrk3pO4qZ,cus_TfEYTG965hoFyW,active,2025-12-24,2075-12-24,2028-12-24,1861243630,2028-12-24,False,sub_sched_1Shu5sE2kujhweZxZz1sUa8v,active,cancel,1,2028-12-24,"[{""end_date"": ""2028-12-24"", ""items"": [{""price_id"": ""price_1TdN86E2kujhweZxFxGXHGDd"", ""quantity"": 1}, {""price_id"": ""price_1R8l1SE2kujhweZxySQB0Ift"", ""quantity"": 1}], ""proration_behavior"": ""none"", ""start_date"": ""2026-06-01""}]",True,True,[],would_release_schedule,True,Subscription has one active schedule phase with end_behavior=cancel. The schedule can be released and the remaining cancel_at can be cleared.,
sub_1ShtzDE2kujhweZxGRVWnyl2,cus_TfESmGy5wYfiBg,active,2025-12-24,2075-12-24,2028-12-24,1861243632,2028-12-24,False,sub_sched_1ShtzDE2kujhweZxOYsiDdqV,active,cancel,1,2028-12-24,"[{""end_date"": ""2028-12-24"", ""items"": [{""price_id"": ""price_1TdN88E2kujhweZxu4hzdyZv"", ""quantity"": 1}, {""price_id"": ""price_1R8l1SE2kujhweZxySQB0Ift"", ""quantity"": 1}], ""proration_behavior"": ""none"", ""start_date"": ""2026-06-01""}]",True,True,[],would_release_schedule,True,Subscription has one active schedule phase with end_behavior=cancel. The schedule can be released and the remaining cancel_at can be cleared.,
sub_1ShtpvE2kujhweZxdXuO8cv0,cus_TfEIpSPG4v1x6x,active,2025-12-24,2075-12-24,2028-12-24,1861243634,2028-12-24,False,sub_sched_1ShtpvE2kujhweZxRAOZCtdj,active,cancel,1,2028-12-24,"[{""end_date"": ""2028-12-24"", ""items"": [{""price_id"": ""price_1TdN89E2kujhweZxER4aCUvT"", ""quantity"": 1}, {""price_id"": ""price_1R8l1SE2kujhweZxySQB0Ift"", ""quantity"": 1}], ""proration_behavior"": ""none"", ""start_date"": ""2026-06-01""}]",True,True,[],would_release_schedule,True,Subscription has one active schedule phase with end_behavior=cancel. The schedule can be released and the remaining cancel_at can be cleared.,
sub_1Shtb7E2kujhweZxMyK7WMon,cus_TfE2XAZf2j9pgh,active,2025-12-24,2075-12-24,2028-12-24,1861243635,2028-12-24,False,sub_sched_1Shtb7E2kujhweZxtLEkiYKb,active,cancel,1,2028-12-24,"[{""end_date"": ""2028-12-24"", ""items"": [{""price_id"": ""price_1TdN8BE2kujhweZxz4yU66sd"", ""quantity"": 1}, {""price_id"": ""price_1R8l1SE2kujhweZxySQB0Ift"", ""quantity"": 1}], ""proration_behavior"": ""none"", ""start_date"": ""2026-06-01""}]",True,True,[],would_release_schedule,True,Subscription has one active schedule phase with end_behavior=cancel. The schedule can be released and the remaining cancel_at can be cleared.,
sub_1Sfmv6E2kujhweZxQfazFiOy,cus_QcQ74a9nR8owLz,active,2024-08-07,2074-08-07,2027-08-07,1817611200,2027-08-07,False,sub_sched_1Sfmv6E2kujhweZxrL8DKLrY,active,cancel,1,2027-08-07,"[{""end_date"": ""2027-08-07"", ""items"": [{""price_id"": ""price_1TdN8DE2kujhweZxhyJJOnBl"", ""quantity"": 1}, {""price_id"": ""price_1PahsjE2kujhweZxZUnm9a53"", ""quantity"": 1}], ""proration_behavior"": ""none"", ""start_date"": ""2026-06-01""}]",True,True,[],would_release_schedule,True,Subscription has one active schedule phase with end_behavior=cancel. The schedule can be released and the remaining cancel_at can be cleared.,
sub_1ScBMkE2kujhweZxuAW64dJT,cus_TZK0xxwHGhbIpv,active,2025-12-08,2075-12-08,2028-12-08,1859861239,2028-12-08,False,sub_sched_1ScBMkE2kujhweZxNt4DUoud,active,cancel,1,2028-12-08,"[{""end_date"": ""2028-12-08"", ""items"": [{""price_id"": ""price_1TdN8EE2kujhweZxA4JGHyTA"", ""quantity"": 1}, {""price_id"": ""price_1R8l1SE2kujhweZxySQB0Ift"", ""quantity"": 1}], ""proration_behavior"": ""none"", ""start_date"": ""2026-06-01""}]",True,True,[],would_release_schedule,True,Subscription has one active schedule phase with end_behavior=cancel. The schedule can be released and the remaining cancel_at can be cleared.,
sub_1SZZiAE2kujhweZxAyRUYadT,cus_TWcx79v3LYXLQ9,active,2025-12-01,2075-12-01,2028-12-01,1859256440,2028-12-01,False,sub_sched_1SZZiAE2kujhweZx3Arsz1VN,active,cancel,1,2028-12-01,"[{""end_date"": ""2028-12-01"", ""items"": [{""price_id"": ""price_1TdN8GE2kujhweZxxt9eBf5P"", ""quantity"": 1}, {""price_id"": ""price_1R8l1SE2kujhweZxySQB0Ift"", ""quantity"": 1}], ""proration_behavior"": ""none"", ""start_date"": ""2026-06-01""}]",True,True,[],would_release_schedule,True,Subscription has one active schedule phase with end_behavior=cancel. The schedule can be released and the remaining cancel_at can be cleared.,
sub_1SZZdhE2kujhweZx98uXWs19,cus_TWctPE6NP5OuYI,active,2025-12-01,2075-12-01,2028-12-01,1859256442,2028-12-01,False,sub_sched_1SZZdhE2kujhweZxFRR8TWrT,active,cancel,1,2028-12-01,"[{""end_date"": ""2028-12-01"", ""items"": [{""price_id"": ""price_1TdN8IE2kujhweZxXndeqbE6"", ""quantity"": 1}, {""price_id"": ""price_1R8l1SE2kujhweZxySQB0Ift"", ""quantity"": 1}], ""proration_behavior"": ""none"", ""start_date"": ""2026-06-01""}]",True,True,[],would_release_schedule,True,Subscription has one active schedule phase with end_behavior=cancel. The schedule can be released and the remaining cancel_at can be cleared.,
sub_1SZZZHE2kujhweZxLoo4RVmJ,cus_TWcoOjpCXoL61Y,active,2025-12-01,2075-12-01,2028-12-01,1859256444,2028-12-01,False,sub_sched_1SZZZHE2kujhweZxkZqzRU9v,active,cancel,1,2028-12-01,"[{""end_date"": ""2028-12-01"", ""items"": [{""price_id"": ""price_1TdN8KE2kujhweZxnylPurYt"", ""quantity"": 1}, {""price_id"": ""price_1R8l1SE2kujhweZxySQB0Ift"", ""quantity"": 1}], ""proration_behavior"": ""none"", ""start_date"": ""2026-06-01""}]",True,True,[],would_release_schedule,True,Subscription has one active schedule phase with end_behavior=cancel. The schedule can be released and the remaining cancel_at can be cleared.,
sub_1SZZQ5E2kujhweZx1xvHPKG7,cus_TWcfpWm8Q4RT67,active,2025-12-01,2075-12-01,2028-12-01,1859256446,2028-12-01,False,sub_sched_1SZZQ5E2kujhweZxeR2cTOPD,active,cancel,1,2028-12-01,"[{""end_date"": ""2028-12-01"", ""items"": [{""price_id"": ""price_1TdN8LE2kujhweZxjG5fRcRx"", ""quantity"": 1}, {""price_id"": ""price_1R8l1SE2kujhweZxySQB0Ift"", ""quantity"": 1}], ""proration_behavior"": ""none"", ""start_date"": ""2026-06-01""}]",True,True,[],would_release_schedule,True,Subscription has one active schedule phase with end_behavior=cancel. The schedule can be released and the remaining cancel_at can be cleared.,
sub_1SZZJBE2kujhweZxLtPTD34u,cus_TWcYoZsZnCjwEr,active,2025-12-01,2075-12-01,2028-12-01,1859256447,2028-12-01,False,sub_sched_1SZZJBE2kujhweZxF0c014fQ,active,cancel,1,2028-12-01,"[{""end_date"": ""2028-12-01"", ""items"": [{""price_id"": ""price_1TdN8NE2kujhweZx05xiEoOH"", ""quantity"": 1}, {""price_id"": ""price_1R8l1SE2kujhweZxySQB0Ift"", ""quantity"": 1}], ""proration_behavior"": ""none"", ""start_date"": ""2026-06-01""}]",True,True,[],would_release_schedule,True,Subscription has one active schedule phase with end_behavior=cancel. The schedule can be released and the remaining cancel_at can be cleared.,
sub_1SZZAIE2kujhweZxzT6sDAs8,cus_TWcOlrHcSQT07l,active,2025-12-01,2075-12-01,2028-12-01,1859256449,2028-12-01,False,sub_sched_1SZZAIE2kujhweZxhFU6Gopl,active,cancel,1,2028-12-01,"[{""end_date"": ""2028-12-01"", ""items"": [{""price_id"": ""price_1TdN8PE2kujhweZxyk4sI0q1"", ""quantity"": 1}, {""price_id"": ""price_1R8l1SE2kujhweZxySQB0Ift"", ""quantity"": 1}], ""proration_behavior"": ""none"", ""start_date"": ""2026-06-01""}]",True,True,[],would_release_schedule,True,Subscription has one active schedule phase with end_behavior=cancel. The schedule can be released and the remaining cancel_at can be cleared.,
sub_1SZYsAE2kujhweZxnEgJqdXP,cus_TWc6wKMdnuZ1lC,active,2025-12-01,2075-12-01,2028-12-01,1859256451,2028-12-01,False,sub_sched_1SZYsAE2kujhweZx6TK5tTYr,active,cancel,1,2028-12-01,"[{""end_date"": ""2028-12-01"", ""items"": [{""price_id"": ""price_1TdN8QE2kujhweZxWUHppzrO"", ""quantity"": 1}, {""price_id"": ""price_1R8l1SE2kujhweZxySQB0Ift"", ""quantity"": 1}], ""proration_behavior"": ""none"", ""start_date"": ""2026-06-01""}]",True,True,[],would_release_schedule,True,Subscription has one active schedule phase with end_behavior=cancel. The schedule can be released and the remaining cancel_at can be cleared.,
sub_1SZYdJE2kujhweZx3nPRi21k,cus_TWbqtNgNd6AXOa,active,2025-12-01,2075-12-01,2028-12-01,1859256453,2028-12-01,False,sub_sched_1SZYdJE2kujhweZxfWkLsAU3,active,cancel,1,2028-12-01,"[{""end_date"": ""2028-12-01"", ""items"": [{""price_id"": ""price_1TdN8SE2kujhweZxPmRjIcYR"", ""quantity"": 1}, {""price_id"": ""price_1R8l1SE2kujhweZxySQB0Ift"", ""quantity"": 1}], ""proration_behavior"": ""none"", ""start_date"": ""2026-06-01""}]",True,True,[],would_release_schedule,True,Subscription has one active schedule phase with end_behavior=cancel. The schedule can be released and the remaining cancel_at can be cleared.,
sub_1SXj6pE2kujhweZxEiD5W3E6,cus_TUiX2Hqwn2mD7K,active,2025-11-26,2075-11-26,2028-11-26,1858824454,2028-11-26,False,sub_sched_1SXj6pE2kujhweZxmT3kuNih,active,cancel,1,2028-11-26,"[{""end_date"": ""2028-11-26"", ""items"": [{""price_id"": ""price_1TdN8UE2kujhweZxTeq877ve"", ""quantity"": 1}, {""price_id"": ""price_1R8l1SE2kujhweZxySQB0Ift"", ""quantity"": 1}], ""proration_behavior"": ""none"", ""start_date"": ""2026-06-01""}]",True,True,[],would_release_schedule,True,Subscription has one active schedule phase with end_behavior=cancel. The schedule can be released and the remaining cancel_at can be cleared.,
sub_1SUpFcE2kujhweZxyfUAC0Eq,cus_TRigCinpvu3qai,active,2025-11-18,2075-11-18,2028-11-18,1858133256,2028-11-18,False,sub_sched_1SUpFcE2kujhweZxKLnujE8S,active,cancel,1,2028-11-18,"[{""end_date"": ""2028-11-18"", ""items"": [{""price_id"": ""price_1TdN8VE2kujhweZxWTYnexpf"", ""quantity"": 1}, {""price_id"": ""price_1R8l1SE2kujhweZxySQB0Ift"", ""quantity"": 1}], ""proration_behavior"": ""none"", ""start_date"": ""2026-06-01""}]",True,True,[],would_release_schedule,True,Subscription has one active schedule phase with end_behavior=cancel. The schedule can be released and the remaining cancel_at can be cleared.,
sub_1SUVp2E2kujhweZxeHmOfFYD,cus_TROcnXpmWZA9pG,active,2025-11-17,2075-11-17,2028-11-17,1858046857,2028-11-17,False,sub_sched_1SUVp2E2kujhweZx1wFmCQVB,active,cancel,1,2028-11-17,"[{""end_date"": ""2028-11-17"", ""items"": [{""price_id"": ""price_1TdN8XE2kujhweZx9fMQIaAB"", ""quantity"": 1}, {""price_id"": ""price_1R8l1SE2kujhweZxySQB0Ift"", ""quantity"": 1}], ""proration_behavior"": ""none"", ""start_date"": ""2026-06-01""}]",True,True,[],would_release_schedule,True,Subscription has one active schedule phase with end_behavior=cancel. The schedule can be released and the remaining cancel_at can be cleared.,
sub_1SUUYhE2kujhweZx4LEDELhD,cus_TRNJkoYIG1Cv2y,active,2025-11-17,2075-11-17,2028-11-17,1858046861,2028-11-17,False,sub_sched_1SUUYhE2kujhweZxwddPXGWm,active,cancel,1,2028-11-17,"[{""end_date"": ""2028-11-17"", ""items"": [{""price_id"": ""price_1TdN8bE2kujhweZx8MtOFweA"", ""quantity"": 1}, {""price_id"": ""price_1R8l1SE2kujhweZxySQB0Ift"", ""quantity"": 1}], ""proration_behavior"": ""none"", ""start_date"": ""2026-06-01""}]",True,True,[],would_release_schedule,True,Subscription has one active schedule phase with end_behavior=cancel. The schedule can be released and the remaining cancel_at can be cleared.,
sub_1SUUESE2kujhweZxXeJrwiRZ,cus_TRMx7mDqie9IHI,active,2025-11-17,2075-11-17,2028-11-17,1858046863,2028-11-17,False,sub_sched_1SUUESE2kujhweZxUXJI5IAT,active,cancel,1,2028-11-17,"[{""end_date"": ""2028-11-17"", ""items"": [{""price_id"": ""price_1TdN8dE2kujhweZxc8kUg23Z"", ""quantity"": 1}, {""price_id"": ""price_1R8l1SE2kujhweZxySQB0Ift"", ""quantity"": 1}], ""proration_behavior"": ""none"", ""start_date"": ""2026-06-01""}]",True,True,[],would_release_schedule,True,Subscription has one active schedule phase with end_behavior=cancel. The schedule can be released and the remaining cancel_at can be cleared.,
sub_1SUTvGE2kujhweZxHDncvLyu,cus_TPYCx6H5rpNHEz,active,2025-11-12,2075-11-12,2028-11-12,1855195200,2028-10-15,False,sub_sched_1SUTvGE2kujhweZx9Kr2lFIH,active,cancel,1,2028-10-15,"[{""end_date"": ""2028-10-15"", ""items"": [{""price_id"": ""price_1TdilBE2kujhweZxI3BQjR1m"", ""quantity"": 1}, {""price_id"": ""price_1R8l1SE2kujhweZxySQB0Ift"", ""quantity"": 1}], ""proration_behavior"": ""none"", ""start_date"": ""2026-06-02""}]",True,True,[],would_release_schedule,True,Subscription has one active schedule phase with end_behavior=cancel. The schedule can be released and the remaining cancel_at can be cleared.,
sub_1ST19UE2kujhweZx7a6l7SJn,cus_TPqr6czZanFa1X,active,2025-11-13,2075-11-13,2028-11-13,1857701265,2028-11-13,False,sub_sched_1ST19UE2kujhweZxzirr6gxu,active,cancel,1,2028-11-13,"[{""end_date"": ""2028-11-13"", ""items"": [{""price_id"": ""price_1TdN8eE2kujhweZxdLz8pInI"", ""quantity"": 1}, {""price_id"": ""price_1R8l1SE2kujhweZxySQB0Ift"", ""quantity"": 1}], ""proration_behavior"": ""none"", ""start_date"": ""2026-06-01""}]",True,True,[],would_release_schedule,True,Subscription has one active schedule phase with end_behavior=cancel. The schedule can be released and the remaining cancel_at can be cleared.,
sub_1ST148E2kujhweZxfljEtfuh,cus_TPqlwIlwS28aAF,active,2025-11-13,2075-11-13,2028-11-13,1857701266,2028-11-13,False,sub_sched_1ST148E2kujhweZxnn3p2IDw,active,cancel,1,2028-11-13,"[{""end_date"": ""2028-11-13"", ""items"": [{""price_id"": ""price_1TdN8gE2kujhweZx3hbaS5dw"", ""quantity"": 1}, {""price_id"": ""price_1R8l1SE2kujhweZxySQB0Ift"", ""quantity"": 1}], ""proration_behavior"": ""none"", ""start_date"": ""2026-06-01""}]",True,True,[],would_release_schedule,True,Subscription has one active schedule phase with end_behavior=cancel. The schedule can be released and the remaining cancel_at can be cleared.,
sub_1ST0thE2kujhweZxo81kkzJz,cus_TPqa1H2yrO8Lav,active,2025-11-13,2075-11-13,2028-11-13,1857701268,2028-11-13,False,sub_sched_1ST0thE2kujhweZxgwajfSHS,active,cancel,1,2028-11-13,"[{""end_date"": ""2028-11-13"", ""items"": [{""price_id"": ""price_1TdN8iE2kujhweZxRSlpHXsI"", ""quantity"": 1}, {""price_id"": ""price_1R8l1SE2kujhweZxySQB0Ift"", ""quantity"": 1}], ""proration_behavior"": ""none"", ""start_date"": ""2026-06-01""}]",True,True,[],would_release_schedule,True,Subscription has one active schedule phase with end_behavior=cancel. The schedule can be released and the remaining cancel_at can be cleared.,
sub_1SSjKeE2kujhweZxsDykNwjI,cus_TPYRFRmXhyrfuS,active,2025-11-12,2075-11-12,2028-11-12,1857614870,2028-11-12,False,sub_sched_1SSjKeE2kujhweZx79BPb0P5,active,cancel,1,2028-11-12,"[{""end_date"": ""2028-11-12"", ""items"": [{""price_id"": ""price_1TdN8jE2kujhweZx24Szq7Uf"", ""quantity"": 1}, {""price_id"": ""price_1R8l1SE2kujhweZxySQB0Ift"", ""quantity"": 1}], ""proration_behavior"": ""none"", ""start_date"": ""2026-06-01""}]",True,True,[],would_release_schedule,True,Subscription has one active schedule phase with end_behavior=cancel. The schedule can be released and the remaining cancel_at can be cleared.,
sub_1SSjDzE2kujhweZxe2lWcwMe,cus_TPYKVYmkTXdCn3,active,2025-11-12,2075-11-12,2028-11-12,1857614871,2028-11-12,False,sub_sched_1SSjDzE2kujhweZxsEJW1ZPG,active,cancel,1,2028-11-12,"[{""end_date"": ""2028-11-12"", ""items"": [{""price_id"": ""price_1TdN8lE2kujhweZxBWN4elcE"", ""quantity"": 1}, {""price_id"": ""price_1R8l1SE2kujhweZxySQB0Ift"", ""quantity"": 1}], ""proration_behavior"": ""none"", ""start_date"": ""2026-06-01""}]",True,True,[],would_release_schedule,True,Subscription has one active schedule phase with end_behavior=cancel. The schedule can be released and the remaining cancel_at can be cleared.,
sub_1SSiubE2kujhweZxLSyTLSgh,cus_TPY0h2a9VDc3Nq,active,2025-11-12,2075-11-12,2028-11-12,1857614873,2028-11-12,False,sub_sched_1SSiubE2kujhweZxSG1ahP3i,active,cancel,1,2028-11-12,"[{""end_date"": ""2028-11-12"", ""items"": [{""price_id"": ""price_1TdN8nE2kujhweZxa93U2oXV"", ""quantity"": 1}, {""price_id"": ""price_1R8l1SE2kujhweZxySQB0Ift"", ""quantity"": 1}], ""proration_behavior"": ""none"", ""start_date"": ""2026-06-01""}]",True,True,[],would_release_schedule,True,Subscription has one active schedule phase with end_behavior=cancel. The schedule can be released and the remaining cancel_at can be cleared.,
sub_1SSinKE2kujhweZxbpJo2lgb,cus_TPXs2AwxBgruYf,active,2025-11-12,2075-11-12,2028-11-12,1857614875,2028-11-12,False,sub_sched_1SSinKE2kujhweZxDbRH324u,active,cancel,1,2028-11-12,"[{""end_date"": ""2028-11-12"", ""items"": [{""price_id"": ""price_1TdN8oE2kujhweZx0uVHUDTa"", ""quantity"": 1}, {""price_id"": ""price_1R8l1SE2kujhweZxySQB0Ift"", ""quantity"": 1}], ""proration_behavior"": ""none"", ""start_date"": ""2026-06-01""}]",True,True,[],would_release_schedule,True,Subscription has one active schedule phase with end_behavior=cancel. The schedule can be released and the remaining cancel_at can be cleared.,
sub_1SSihEE2kujhweZxm9bDm9Xg,cus_TPXmhFgZ4Q16Av,active,2025-11-12,2075-11-12,2028-11-12,1857614877,2028-11-12,False,sub_sched_1SSihEE2kujhweZx75o1ndxP,active,cancel,1,2028-11-12,"[{""end_date"": ""2028-11-12"", ""items"": [{""price_id"": ""price_1TdN8qE2kujhweZx1zjIpMy5"", ""quantity"": 1}, {""price_id"": ""price_1R8l1SE2kujhweZxySQB0Ift"", ""quantity"": 1}], ""proration_behavior"": ""none"", ""start_date"": ""2026-06-01""}]",True,True,[],would_release_schedule,True,Subscription has one active schedule phase with end_behavior=cancel. The schedule can be released and the remaining cancel_at can be cleared.,
sub_1SSibgE2kujhweZx9DveCuJN,cus_TPXgcYHbFljTGf,active,2025-11-12,2075-11-12,2028-11-12,1857614878,2028-11-12,False,sub_sched_1SSibgE2kujhweZxYP7ZHVRr,active,cancel,1,2028-11-12,"[{""end_date"": ""2028-11-12"", ""items"": [{""price_id"": ""price_1TdN8sE2kujhweZxH3laUxwn"", ""quantity"": 1}, {""price_id"": ""price_1R8l1SE2kujhweZxySQB0Ift"", ""quantity"": 1}], ""proration_behavior"": ""none"", ""start_date"": ""2026-06-01""}]",True,True,[],would_release_schedule,True,Subscription has one active schedule phase with end_behavior=cancel. The schedule can be released and the remaining cancel_at can be cleared.,
sub_1SSiVEE2kujhweZxpABhYVCv,cus_TPXZaslMOsOalr,active,2025-11-12,2075-11-12,2028-11-12,1857614880,2028-11-12,False,sub_sched_1SSiVEE2kujhweZxMsDZviMQ,active,cancel,1,2028-11-12,"[{""end_date"": ""2028-11-12"", ""items"": [{""price_id"": ""price_1TdN8uE2kujhweZxfx0wMXaW"", ""quantity"": 1}, {""price_id"": ""price_1R8l1SE2kujhweZxySQB0Ift"", ""quantity"": 1}], ""proration_behavior"": ""none"", ""start_date"": ""2026-06-01""}]",True,True,[],would_release_schedule,True,Subscription has one active schedule phase with end_behavior=cancel. The schedule can be released and the remaining cancel_at can be cleared.,
sub_1SShtpE2kujhweZxgLBuqGhB,cus_TPWxKkKaYMyRi5,active,2025-11-12,2075-11-12,2028-11-12,1857614882,2028-11-12,False,sub_sched_1SShtpE2kujhweZxZ0MPhX1E,active,cancel,1,2028-11-12,"[{""end_date"": ""2028-11-12"", ""items"": [{""price_id"": ""price_1TdN8wE2kujhweZxbIljWaid"", ""quantity"": 1}, {""price_id"": ""price_1R8l1SE2kujhweZxySQB0Ift"", ""quantity"": 1}], ""proration_behavior"": ""none"", ""start_date"": ""2026-06-01""}]",True,True,[],would_release_schedule,True,Subscription has one active schedule phase with end_behavior=cancel. The schedule can be released and the remaining cancel_at can be cleared.,
sub_1SShEME2kujhweZxtH869NCa,cus_TPWGSmWqgbdSqb,active,2025-11-12,2075-11-12,2028-11-12,1857614883,2028-11-12,False,sub_sched_1SShELE2kujhweZxEjYv0SrU,active,cancel,1,2028-11-12,"[{""end_date"": ""2028-11-12"", ""items"": [{""price_id"": ""price_1TdN8xE2kujhweZx0F0vGITj"", ""quantity"": 1}, {""price_id"": ""price_1R8l1SE2kujhweZxySQB0Ift"", ""quantity"": 1}], ""proration_behavior"": ""none"", ""start_date"": ""2026-06-01""}]",True,True,[],would_release_schedule,True,Subscription has one active schedule phase with end_behavior=cancel. The schedule can be released and the remaining cancel_at can be cleared.,
sub_1SSh70E2kujhweZxcAWtzE4w,cus_TPW8NqOtY9NNhY,active,2025-11-12,2075-11-12,2028-11-12,1857614885,2028-11-12,False,sub_sched_1SSh70E2kujhweZxAS4myjtq,active,cancel,1,2028-11-12,"[{""end_date"": ""2028-11-12"", ""items"": [{""price_id"": ""price_1TdN8zE2kujhweZxrbtTwvMq"", ""quantity"": 1}, {""price_id"": ""price_1R8l1SE2kujhweZxySQB0Ift"", ""quantity"": 1}], ""proration_behavior"": ""none"", ""start_date"": ""2026-06-01""}]",True,True,[],would_release_schedule,True,Subscription has one active schedule phase with end_behavior=cancel. The schedule can be released and the remaining cancel_at can be cleared.,
sub_1SQBiKE2kujhweZxjdKUUvSo,cus_TMvZYfBtLhexms,active,2025-11-05,2075-11-05,2028-11-05,1857010087,2028-11-05,False,sub_sched_1SQBiJE2kujhweZxGFDFmNI2,active,cancel,1,2028-11-05,"[{""end_date"": ""2028-11-05"", ""items"": [{""price_id"": ""price_1TdN91E2kujhweZxJlBU60K9"", ""quantity"": 1}, {""price_id"": ""price_1R8l1SE2kujhweZxySQB0Ift"", ""quantity"": 1}], ""proration_behavior"": ""none"", ""start_date"": ""2026-06-01""}]",True,True,[],would_release_schedule,True,Subscription has one active schedule phase with end_behavior=cancel. The schedule can be released and the remaining cancel_at can be cleared.,
sub_1SIAbCE2kujhweZxJXxGC5FA,cus_TEdsRYAKSJl52l,active,2025-10-14,2075-10-14,2028-10-14,1855109289,2028-10-14,False,sub_sched_1SIAbCE2kujhweZxMLNCbsmN,active,cancel,1,2028-10-14,"[{""end_date"": ""2028-10-14"", ""items"": [{""price_id"": ""price_1TdN92E2kujhweZxHSi21RkE"", ""quantity"": 1}, {""price_id"": ""price_1R8l1SE2kujhweZxySQB0Ift"", ""quantity"": 1}], ""proration_behavior"": ""none"", ""start_date"": ""2026-06-01""}]",True,True,[],would_release_schedule,True,Subscription has one active schedule phase with end_behavior=cancel. The schedule can be released and the remaining cancel_at can be cleared.,
sub_1SIAQgE2kujhweZxMrAtdKp9,cus_TEdh8xkSsMqYLI,active,2025-10-14,2075-10-14,2028-10-14,1855109290,2028-10-14,False,sub_sched_1SIAQgE2kujhweZxhhgAkarf,active,cancel,1,2028-10-14,"[{""end_date"": ""2028-10-14"", ""items"": [{""price_id"": ""price_1TdN94E2kujhweZxYPz6v7p5"", ""quantity"": 1}, {""price_id"": ""price_1R8l1SE2kujhweZxySQB0Ift"", ""quantity"": 1}], ""proration_behavior"": ""none"", ""start_date"": ""2026-06-01""}]",True,True,[],would_release_schedule,True,Subscription has one active schedule phase with end_behavior=cancel. The schedule can be released and the remaining cancel_at can be cleared.,
sub_1SIAK4E2kujhweZxCALLXwSN,cus_TEdbdGlf1qYaQg,active,2025-10-14,2075-10-14,2028-10-14,1854072000,2028-10-02,False,sub_sched_1SIAK4E2kujhweZxmMd7d7Ki,active,cancel,1,2028-10-02,"[{""end_date"": ""2028-10-02"", ""items"": [{""price_id"": ""price_1TdN96E2kujhweZxqSlKThcK"", ""quantity"": 1}, {""price_id"": ""price_1R8l1SE2kujhweZxySQB0Ift"", ""quantity"": 1}], ""proration_behavior"": ""none"", ""start_date"": ""2026-06-01""}]",True,True,[],would_release_schedule,True,Subscription has one active schedule phase with end_behavior=cancel. The schedule can be released and the remaining cancel_at can be cleared.,
sub_1SFGzhE2kujhweZxYcJoEjnZ,cus_TBeHeAIg8rxkf2,active,2025-10-06,2075-10-06,2028-10-06,1854418094,2028-10-06,False,sub_sched_1SFGzhE2kujhweZxeQEBTIyn,active,cancel,1,2028-10-06,"[{""end_date"": ""2028-10-06"", ""items"": [{""price_id"": ""price_1TdN98E2kujhweZxOe6c00hd"", ""quantity"": 1}, {""price_id"": ""price_1R8l1SE2kujhweZxySQB0Ift"", ""quantity"": 1}], ""proration_behavior"": ""none"", ""start_date"": ""2026-06-01""}]",True,True,[],would_release_schedule,True,Subscription has one active schedule phase with end_behavior=cancel. The schedule can be released and the remaining cancel_at can be cleared.,
sub_1SFGtOE2kujhweZxHv5eufak,cus_TBeBaZJDBQnwRA,active,2025-10-06,2075-10-06,2028-10-06,1854418096,2028-10-06,False,sub_sched_1SFGtOE2kujhweZxQhsN2nek,active,cancel,1,2028-10-06,"[{""end_date"": ""2028-10-06"", ""items"": [{""price_id"": ""price_1TdN9AE2kujhweZxw800fb3Z"", ""quantity"": 1}, {""price_id"": ""price_1R8l1SE2kujhweZxySQB0Ift"", ""quantity"": 1}], ""proration_behavior"": ""none"", ""start_date"": ""2026-06-01""}]",True,True,[],would_release_schedule,True,Subscription has one active schedule phase with end_behavior=cancel. The schedule can be released and the remaining cancel_at can be cleared.,
sub_1SFGiVE2kujhweZx2lybzmin,cus_TBe0jT9tIw9UXR,active,2025-10-06,2075-10-06,2028-10-06,1854418098,2028-10-06,False,sub_sched_1SFGiVE2kujhweZx0UkguLUy,active,cancel,1,2028-10-06,"[{""end_date"": ""2028-10-06"", ""items"": [{""price_id"": ""price_1TdN9BE2kujhweZxD7OKvVQw"", ""quantity"": 1}, {""price_id"": ""price_1R8l1SE2kujhweZxySQB0Ift"", ""quantity"": 1}], ""proration_behavior"": ""none"", ""start_date"": ""2026-06-01""}]",True,True,[],would_release_schedule,True,Subscription has one active schedule phase with end_behavior=cancel. The schedule can be released and the remaining cancel_at can be cleared.,
sub_1SFGb2E2kujhweZx3d1Y8qD8,cus_TBdsVRZwT2wwdW,active,2025-10-06,2075-10-06,2028-10-06,1854418099,2028-10-06,False,sub_sched_1SFGb2E2kujhweZxPB4iovCQ,active,cancel,1,2028-10-06,"[{""end_date"": ""2028-10-06"", ""items"": [{""price_id"": ""price_1TdN9DE2kujhweZxyqlAo2JF"", ""quantity"": 1}, {""price_id"": ""price_1R8l1SE2kujhweZxySQB0Ift"", ""quantity"": 1}], ""proration_behavior"": ""none"", ""start_date"": ""2026-06-01""}]",True,True,[],would_release_schedule,True,Subscription has one active schedule phase with end_behavior=cancel. The schedule can be released and the remaining cancel_at can be cleared.,
sub_1SFGS4E2kujhweZxbi8qNr1a,cus_TBdjB25QSTzuSz,active,2025-10-06,2075-10-06,2028-10-06,1854459352,2028-10-06,False,sub_sched_1SFGS4E2kujhweZxH59pM2Cl,active,cancel,1,2028-10-06,"[{""end_date"": ""2028-10-06"", ""items"": [{""price_id"": ""price_1TdN9FE2kujhweZxLgtBK2cs"", ""quantity"": 1}, {""price_id"": ""price_1R8l1SE2kujhweZxySQB0Ift"", ""quantity"": 1}], ""proration_behavior"": ""none"", ""start_date"": ""2026-07-06""}]",True,True,[],would_release_schedule,True,Subscription has one active schedule phase with end_behavior=cancel. The schedule can be released and the remaining cancel_at can be cleared.,
sub_1SCiWbE2kujhweZxeFup2cza,cus_QPlkakagCgP1rI,active,2024-07-04,2074-07-04,2027-07-04,1814674103,2027-07-04,False,sub_sched_1SCiWbE2kujhweZxNXw4H16A,active,cancel,1,2027-07-04,"[{""end_date"": ""2027-07-04"", ""items"": [{""price_id"": ""price_1PahsjE2kujhweZxZUnm9a53"", ""quantity"": 1}, {""price_id"": ""price_1TdN9HE2kujhweZxMAeCaw8s"", ""quantity"": 1}], ""proration_behavior"": ""none"", ""start_date"": ""2026-06-01""}]",True,True,[],would_release_schedule,True,Subscription has one active schedule phase with end_behavior=cancel. The schedule can be released and the remaining cancel_at can be cleared.,
sub_1SBljAE2kujhweZxUdW04JKn,cus_SLeIHZFtv8AOIg,active,2025-05-20,2075-05-20,2028-05-20,1842408505,2028-05-20,False,sub_sched_1SBljAE2kujhweZx2oFv7jOX,active,cancel,1,2028-05-20,"[{""end_date"": ""2028-05-20"", ""items"": [{""price_id"": ""price_1R8l1SE2kujhweZxySQB0Ift"", ""quantity"": 1}, {""price_id"": ""price_1TdN9IE2kujhweZxiF5ztkV2"", ""quantity"": 1}], ""proration_behavior"": ""none"", ""start_date"": ""2026-06-01""}]",True,True,[],would_release_schedule,True,Subscription has one active schedule phase with end_behavior=cancel. The schedule can be released and the remaining cancel_at can be cleared.,
sub_1SAERbE2kujhweZxQ1e1qgl5,cus_T6RGOyvtfjoGhR,active,2025-09-22,2075-09-22,2028-09-22,1853208506,2028-09-22,False,sub_sched_1SAERaE2kujhweZxU6mkYr3w,active,cancel,1,2028-09-22,"[{""end_date"": ""2028-09-22"", ""items"": [{""price_id"": ""price_1TdN9KE2kujhweZxFxaJdXmI"", ""quantity"": 1}, {""price_id"": ""price_1R8l1SE2kujhweZxySQB0Ift"", ""quantity"": 1}], ""proration_behavior"": ""none"", ""start_date"": ""2026-06-01""}]",True,True,[],would_release_schedule,True,Subscription has one active schedule phase with end_behavior=cancel. The schedule can be released and the remaining cancel_at can be cleared.,
sub_1SAEDxE2kujhweZx7VmrjsrF,cus_T6R5Rfe42F55BE,active,2025-09-22,2075-09-22,2028-09-22,1853208508,2028-09-22,False,sub_sched_1SAEDxE2kujhweZxNNxPbkMb,active,cancel,1,2028-09-22,"[{""end_date"": ""2028-09-22"", ""items"": [{""price_id"": ""price_1TdN9LE2kujhweZxAx0utGVw"", ""quantity"": 1}, {""price_id"": ""price_1R8l1SE2kujhweZxySQB0Ift"", ""quantity"": 1}], ""proration_behavior"": ""none"", ""start_date"": ""2026-06-01""}]",True,True,[],would_release_schedule,True,Subscription has one active schedule phase with end_behavior=cancel. The schedule can be released and the remaining cancel_at can be cleared.,
sub_1SADsNE2kujhweZxfd1hzSGa,cus_T6QjxyRyCcIPy5,active,2025-09-22,2075-09-22,2028-09-22,1853208509,2028-09-22,False,sub_sched_1SADsNE2kujhweZxhSsY95Zv,active,cancel,1,2028-09-22,"[{""end_date"": ""2028-09-22"", ""items"": [{""price_id"": ""price_1TdN9NE2kujhweZxNfuU91PM"", ""quantity"": 1}, {""price_id"": ""price_1R8l1SE2kujhweZxySQB0Ift"", ""quantity"": 1}], ""proration_behavior"": ""none"", ""start_date"": ""2026-06-01""}]",True,True,[],would_release_schedule,True,Subscription has one active schedule phase with end_behavior=cancel. The schedule can be released and the remaining cancel_at can be cleared.,
sub_1SADjvE2kujhweZxbCfBe4vS,cus_T6QayZsqpyHv6V,active,2025-09-22,2075-09-22,2028-09-22,1853208511,2028-09-22,False,sub_sched_1SADjvE2kujhweZxwfortgsY,active,cancel,1,2028-09-22,"[{""end_date"": ""2028-09-22"", ""items"": [{""price_id"": ""price_1TdN9PE2kujhweZx9QrdEPgY"", ""quantity"": 1}, {""price_id"": ""price_1R8l1SE2kujhweZxySQB0Ift"", ""quantity"": 1}], ""proration_behavior"": ""none"", ""start_date"": ""2026-06-01""}]",True,True,[],would_release_schedule,True,Subscription has one active schedule phase with end_behavior=cancel. The schedule can be released and the remaining cancel_at can be cleared.,
sub_1SADbpE2kujhweZx7Smz3agh,cus_T6QSn0aRlbZbir,active,2025-09-22,2075-09-22,2028-09-22,1853208513,2028-09-22,False,sub_sched_1SADbpE2kujhweZxgDPuhnBV,active,cancel,1,2028-09-22,"[{""end_date"": ""2028-09-22"", ""items"": [{""price_id"": ""price_1TdN9RE2kujhweZxTr6Z2PAL"", ""quantity"": 1}, {""price_id"": ""price_1R8l1SE2kujhweZxySQB0Ift"", ""quantity"": 1}], ""proration_behavior"": ""none"", ""start_date"": ""2026-06-01""}]",True,True,[],would_release_schedule,True,Subscription has one active schedule phase with end_behavior=cancel. The schedule can be released and the remaining cancel_at can be cleared.,
sub_1SADUkE2kujhweZxi8A5EN2u,cus_T6QLv3rk2eRs9P,active,2025-09-22,2075-09-22,2028-09-22,1853208515,2028-09-22,False,sub_sched_1SADUkE2kujhweZxnJBEvO8e,active,cancel,1,2028-09-22,"[{""end_date"": ""2028-09-22"", ""items"": [{""price_id"": ""price_1TdN9SE2kujhweZx0SHq6Ydg"", ""quantity"": 1}, {""price_id"": ""price_1R8l1SE2kujhweZxySQB0Ift"", ""quantity"": 1}], ""proration_behavior"": ""none"", ""start_date"": ""2026-06-01""}]",True,True,[],would_release_schedule,True,Subscription has one active schedule phase with end_behavior=cancel. The schedule can be released and the remaining cancel_at can be cleared.,
sub_1SADLnE2kujhweZxwaHx4gxV,cus_T6QBp7y3tleCOY,active,2025-09-22,2075-09-22,2028-09-22,1853208516,2028-09-22,False,sub_sched_1SADLnE2kujhweZxKokJR1Cc,active,cancel,1,2028-09-22,"[{""end_date"": ""2028-09-22"", ""items"": [{""price_id"": ""price_1TdN9UE2kujhweZxIHSVsnm7"", ""quantity"": 1}, {""price_id"": ""price_1R8l1SE2kujhweZxySQB0Ift"", ""quantity"": 1}], ""proration_behavior"": ""none"", ""start_date"": ""2026-06-01""}]",True,True,[],would_release_schedule,True,Subscription has one active schedule phase with end_behavior=cancel. The schedule can be released and the remaining cancel_at can be cleared.,
sub_1SAD5nE2kujhweZxB58MZrvR,cus_T6PvA5MOT08FZp,active,2025-09-22,2075-09-22,2028-09-22,1853208518,2028-09-22,False,sub_sched_1SAD5mE2kujhweZxd2xVqlhZ,active,cancel,1,2028-09-22,"[{""end_date"": ""2028-09-22"", ""items"": [{""price_id"": ""price_1TdN9WE2kujhweZxU2VWnZFA"", ""quantity"": 1}, {""price_id"": ""price_1R8l1SE2kujhweZxySQB0Ift"", ""quantity"": 1}], ""proration_behavior"": ""none"", ""start_date"": ""2026-06-01""}]",True,True,[],would_release_schedule,True,Subscription has one active schedule phase with end_behavior=cancel. The schedule can be released and the remaining cancel_at can be cleared.,
sub_1SACvFE2kujhweZxENVPfHOg,cus_T6PkEeZuHjZfc3,active,2025-09-22,2075-09-22,2028-09-22,1853208520,2028-09-22,False,sub_sched_1SACvFE2kujhweZxW91pytq3,active,cancel,1,2028-09-22,"[{""end_date"": ""2028-09-22"", ""items"": [{""price_id"": ""price_1TdN9XE2kujhweZxLGCE7Ouf"", ""quantity"": 1}, {""price_id"": ""price_1R8l1SE2kujhweZxySQB0Ift"", ""quantity"": 1}], ""proration_behavior"": ""none"", ""start_date"": ""2026-06-01""}]",True,True,[],would_release_schedule,True,Subscription has one active schedule phase with end_behavior=cancel. The schedule can be released and the remaining cancel_at can be cleared.,
sub_1SACg5E2kujhweZxwJGcil2j,cus_T6PUYXohbPlGfC,active,2025-09-22,2075-09-22,2028-09-22,1853208521,2028-09-22,False,sub_sched_1SACg5E2kujhweZxSgGP2KvR,active,cancel,1,2028-09-22,"[{""end_date"": ""2028-09-22"", ""items"": [{""price_id"": ""price_1TdN9ZE2kujhweZxMdJjtSX0"", ""quantity"": 1}, {""price_id"": ""price_1R8l1SE2kujhweZxySQB0Ift"", ""quantity"": 1}], ""proration_behavior"": ""none"", ""start_date"": ""2026-06-01""}]",True,True,[],would_release_schedule,True,Subscription has one active schedule phase with end_behavior=cancel. The schedule can be released and the remaining cancel_at can be cleared.,
sub_1SACWKE2kujhweZxyHi6aCwU,cus_T6PK44wwdwf5jQ,active,2025-09-22,2075-09-22,2028-09-22,1853208523,2028-09-22,False,sub_sched_1SACWKE2kujhweZxbIeKdmmU,active,cancel,1,2028-09-22,"[{""end_date"": ""2028-09-22"", ""items"": [{""price_id"": ""price_1TdN9aE2kujhweZxjAZEn4yw"", ""quantity"": 1}, {""price_id"": ""price_1R8l1SE2kujhweZxySQB0Ift"", ""quantity"": 1}], ""proration_behavior"": ""none"", ""start_date"": ""2026-06-01""}]",True,True,[],would_release_schedule,True,Subscription has one active schedule phase with end_behavior=cancel. The schedule can be released and the remaining cancel_at can be cleared.,
sub_1S83KVE2kujhweZxbjXzesKt,cus_SM2934gPckz2ui,active,2025-05-21,2075-05-21,2028-05-21,1842494925,2028-05-21,False,sub_sched_1S83MnE2kujhweZxxzGbvbw0,active,cancel,1,2028-05-21,"[{""end_date"": ""2028-05-21"", ""items"": [{""price_id"": ""price_1R8l1SE2kujhweZxySQB0Ift"", ""quantity"": 1}, {""price_id"": ""price_1TdN9cE2kujhweZxMbsSgDnc"", ""quantity"": 1}], ""proration_behavior"": ""none"", ""start_date"": ""2026-07-09""}]",True,True,[],would_release_schedule,True,Subscription has one active schedule phase with end_behavior=cancel. The schedule can be released and the remaining cancel_at can be cleared.,
sub_1S59WLE2kujhweZxoOeQwN1Q,cus_T1BrcSptuljD5n,active,2025-09-08,2075-09-08,2028-09-08,1851998926,2028-09-08,False,sub_sched_1S59WLE2kujhweZxEIIEpOHz,active,cancel,1,2028-09-08,"[{""end_date"": ""2028-09-08"", ""items"": [{""price_id"": ""price_1TdN9eE2kujhweZxvbSJw9le"", ""quantity"": 1}, {""price_id"": ""price_1R8l1SE2kujhweZxySQB0Ift"", ""quantity"": 1}], ""proration_behavior"": ""none"", ""start_date"": ""2026-06-01""}]",True,True,[],would_release_schedule,True,Subscription has one active schedule phase with end_behavior=cancel. The schedule can be released and the remaining cancel_at can be cleared.,
sub_1S59BFE2kujhweZxfXUOtZ3b,cus_T1BXGXC6iwPw6j,active,2025-09-08,2075-09-08,2028-09-08,1851998928,2028-09-08,False,sub_sched_1S59BFE2kujhweZxirgq2uWS,active,cancel,1,2028-09-08,"[{""end_date"": ""2028-09-08"", ""items"": [{""price_id"": ""price_1TdN9gE2kujhweZxjMO5WndN"", ""quantity"": 1}, {""price_id"": ""price_1R8l1SE2kujhweZxySQB0Ift"", ""quantity"": 1}], ""proration_behavior"": ""none"", ""start_date"": ""2026-06-01""}]",True,True,[],would_release_schedule,True,Subscription has one active schedule phase with end_behavior=cancel. The schedule can be released and the remaining cancel_at can be cleared.,
sub_1S58ogE2kujhweZxekYlMNNW,cus_T1BAoLgcIykSnO,active,2025-09-08,2075-09-08,2028-09-08,1851998930,2028-09-08,False,sub_sched_1S58ogE2kujhweZxjP0igyWn,active,cancel,1,2028-09-08,"[{""end_date"": ""2028-09-08"", ""items"": [{""price_id"": ""price_1TdN9hE2kujhweZxAIP4iJDm"", ""quantity"": 1}, {""price_id"": ""price_1R8l1SE2kujhweZxySQB0Ift"", ""quantity"": 1}], ""proration_behavior"": ""none"", ""start_date"": ""2026-06-01""}]",True,True,[],would_release_schedule,True,Subscription has one active schedule phase with end_behavior=cancel. The schedule can be released and the remaining cancel_at can be cleared.,
sub_1S58IoE2kujhweZxMSFdB2Tn,cus_T1Ad31saVtw0m5,active,2025-09-08,2075-09-08,2028-09-08,1851998931,2028-09-08,False,sub_sched_1S58IoE2kujhweZxGtxd5Ux2,active,cancel,1,2028-09-08,"[{""end_date"": ""2028-09-08"", ""items"": [{""price_id"": ""price_1TdN9jE2kujhweZxEIFahRol"", ""quantity"": 1}, {""price_id"": ""price_1R8l1SE2kujhweZxySQB0Ift"", ""quantity"": 1}], ""proration_behavior"": ""none"", ""start_date"": ""2026-06-01""}]",True,True,[],would_release_schedule,True,Subscription has one active schedule phase with end_behavior=cancel. The schedule can be released and the remaining cancel_at can be cleared.,
sub_1S57nYE2kujhweZxE468Uhp8,cus_T1A7V3rmoF9MnH,active,2025-09-08,2075-09-08,2028-09-08,1851998933,2028-09-08,False,sub_sched_1S57nYE2kujhweZxmqxi0yC7,active,cancel,1,2028-09-08,"[{""end_date"": ""2028-09-08"", ""items"": [{""price_id"": ""price_1R8l1SE2kujhweZxySQB0Ift"", ""quantity"": 1}, {""price_id"": ""price_1TdN9lE2kujhweZxlV0QHg7S"", ""quantity"": 1}], ""proration_behavior"": ""none"", ""start_date"": ""2026-06-01""}]",True,True,[],would_release_schedule,True,Subscription has one active schedule phase with end_behavior=cancel. The schedule can be released and the remaining cancel_at can be cleared.,
sub_1S57g9E2kujhweZxiIDLiSHZ,cus_T19zcpRAjahCWb,active,2025-09-08,2075-09-08,2028-09-08,1851998935,2028-09-08,False,sub_sched_1S57g9E2kujhweZxyLHR1k2B,active,cancel,1,2028-09-08,"[{""end_date"": ""2028-09-08"", ""items"": [{""price_id"": ""price_1R8l1SE2kujhweZxySQB0Ift"", ""quantity"": 1}, {""price_id"": ""price_1TdN9nE2kujhweZxm0r49D7t"", ""quantity"": 1}], ""proration_behavior"": ""none"", ""start_date"": ""2026-06-01""}]",True,True,[],would_release_schedule,True,Subscription has one active schedule phase with end_behavior=cancel. The schedule can be released and the remaining cancel_at can be cleared.,
sub_1S0ll8E2kujhweZxYDzN65VA,cus_Swf5dxbyDlCNcD,active,2025-08-27,2075-08-27,2028-08-27,1850962138,2028-08-27,False,sub_sched_1S0ll8E2kujhweZxELUGwM3m,active,cancel,1,2028-08-27,"[{""end_date"": ""2028-08-27"", ""items"": [{""price_id"": ""price_1TdN9qE2kujhweZxYr53Z9Jo"", ""quantity"": 1}, {""price_id"": ""price_1R8l1SE2kujhweZxySQB0Ift"", ""quantity"": 1}], ""proration_behavior"": ""none"", ""start_date"": ""2026-06-01""}]",True,True,[],would_release_schedule,True,Subscription has one active schedule phase with end_behavior=cancel. The schedule can be released and the remaining cancel_at can be cleared.,
sub_1S0le6E2kujhweZxn135yt8v,cus_SwexNPBP186vAu,active,2025-08-27,2075-08-27,2028-08-27,1850962139,2028-08-27,False,sub_sched_1S0le6E2kujhweZxLDVg3CYY,active,cancel,1,2028-08-27,"[{""end_date"": ""2028-08-27"", ""items"": [{""price_id"": ""price_1TdN9rE2kujhweZxnYQZM7ej"", ""quantity"": 1}, {""price_id"": ""price_1R8l1SE2kujhweZxySQB0Ift"", ""quantity"": 1}], ""proration_behavior"": ""none"", ""start_date"": ""2026-06-01""}]",True,True,[],would_release_schedule,True,Subscription has one active schedule phase with end_behavior=cancel. The schedule can be released and the remaining cancel_at can be cleared.,
sub_1S0lQAE2kujhweZxXRvshppR,cus_SwejflGyRgH1fO,active,2025-08-27,2075-08-27,2028-08-27,1850962141,2028-08-27,False,sub_sched_1S0lQAE2kujhweZxCkSujUry,active,cancel,1,2028-08-27,"[{""end_date"": ""2028-08-27"", ""items"": [{""price_id"": ""price_1TdN9tE2kujhweZxXUXudymN"", ""quantity"": 1}, {""price_id"": ""price_1R8l1SE2kujhweZxySQB0Ift"", ""quantity"": 1}], ""proration_behavior"": ""none"", ""start_date"": ""2026-06-01""}]",True,True,[],would_release_schedule,True,Subscription has one active schedule phase with end_behavior=cancel. The schedule can be released and the remaining cancel_at can be cleared.,
sub_1S0lIgE2kujhweZxPsBemMAh,cus_SwebGBZDYr3k46,active,2025-08-27,2075-08-27,2028-08-27,1850962142,2028-08-27,False,sub_sched_1S0lIgE2kujhweZxgHTiGvcV,active,cancel,1,2028-08-27,"[{""end_date"": ""2028-08-27"", ""items"": [{""price_id"": ""price_1TdN9uE2kujhweZxLa1RIXMa"", ""quantity"": 1}, {""price_id"": ""price_1R8l1SE2kujhweZxySQB0Ift"", ""quantity"": 1}], ""proration_behavior"": ""none"", ""start_date"": ""2026-06-01""}]",True,True,[],would_release_schedule,True,Subscription has one active schedule phase with end_behavior=cancel. The schedule can be released and the remaining cancel_at can be cleared.,
sub_1S0l5gE2kujhweZxV2nbauIM,cus_SweOyxCgcSd1V5,active,2025-08-27,2075-08-27,2028-08-27,1850962144,2028-08-27,False,sub_sched_1S0l5gE2kujhweZxtcEeMM7J,active,cancel,1,2028-08-27,"[{""end_date"": ""2028-08-27"", ""items"": [{""price_id"": ""price_1TdN9wE2kujhweZxH7DsRbuU"", ""quantity"": 1}, {""price_id"": ""price_1R8l1SE2kujhweZxySQB0Ift"", ""quantity"": 1}], ""proration_behavior"": ""none"", ""start_date"": ""2026-06-01""}]",True,True,[],would_release_schedule,True,Subscription has one active schedule phase with end_behavior=cancel. The schedule can be released and the remaining cancel_at can be cleared.,
sub_1S0kxUE2kujhweZxl1LbYYtO,cus_SweFZqv7CzREAz,active,2025-08-27,2075-08-27,2028-08-27,1850962146,2028-08-27,False,sub_sched_1S0kxUE2kujhweZxtKlXooa0,active,cancel,1,2028-08-27,"[{""end_date"": ""2028-08-27"", ""items"": [{""price_id"": ""price_1TdN9yE2kujhweZxniAHGVFF"", ""quantity"": 1}, {""price_id"": ""price_1R8l1SE2kujhweZxySQB0Ift"", ""quantity"": 1}], ""proration_behavior"": ""none"", ""start_date"": ""2026-06-01""}]",True,True,[],would_release_schedule,True,Subscription has one active schedule phase with end_behavior=cancel. The schedule can be released and the remaining cancel_at can be cleared.,
sub_1S0kfxE2kujhweZxL9d4AH3H,cus_SwdxCk8z1vLjWU,active,2025-08-27,2075-08-27,2028-08-27,1850962148,2028-08-27,False,sub_sched_1S0kfxE2kujhweZxPSTTtHXb,active,cancel,1,2028-08-27,"[{""end_date"": ""2028-08-27"", ""items"": [{""price_id"": ""price_1TdN9zE2kujhweZxeg2M4HTX"", ""quantity"": 1}, {""price_id"": ""price_1R8l1SE2kujhweZxySQB0Ift"", ""quantity"": 1}], ""proration_behavior"": ""none"", ""start_date"": ""2026-06-01""}]",True,True,[],would_release_schedule,True,Subscription has one active schedule phase with end_behavior=cancel. The schedule can be released and the remaining cancel_at can be cleared.,
sub_1S0kUOE2kujhweZxGN2JpOqp,cus_SwdjdqJXqVBO8W,active,2025-08-27,2075-08-27,2028-08-27,1851045181,2028-08-28,False,sub_sched_1S0kUOE2kujhweZxNTRFllcM,active,cancel,1,2028-08-28,"[{""end_date"": ""2028-08-28"", ""items"": [{""price_id"": ""price_1TdilEE2kujhweZxiwjcu4OK"", ""quantity"": 1}, {""price_id"": ""price_1R8l1SE2kujhweZxySQB0Ift"", ""quantity"": 1}], ""proration_behavior"": ""none"", ""start_date"": ""2026-06-02""}]",True,True,[],would_release_schedule,True,Subscription has one active schedule phase with end_behavior=cancel. The schedule can be released and the remaining cancel_at can be cleared.,
sub_1S0kCkE2kujhweZx3lKUOEIf,cus_SwdSVaNafAEyfZ,active,2025-08-27,2075-08-27,2028-08-27,1850962149,2028-08-27,False,sub_sched_1S0kCkE2kujhweZxsXj3N6fS,active,cancel,1,2028-08-27,"[{""end_date"": ""2028-08-27"", ""items"": [{""price_id"": ""price_1TdNA1E2kujhweZxcnSjPXAR"", ""quantity"": 1}, {""price_id"": ""price_1R8l1SE2kujhweZxySQB0Ift"", ""quantity"": 1}], ""proration_behavior"": ""none"", ""start_date"": ""2026-06-01""}]",True,True,[],would_release_schedule,True,Subscription has one active schedule phase with end_behavior=cancel. The schedule can be released and the remaining cancel_at can be cleared.,
sub_1S0jmOE2kujhweZx1si8sJn0,cus_SwcoaqfTWPAWxd,active,2025-08-27,2075-08-27,2028-08-27,1850962151,2028-08-27,False,sub_sched_1S0jmOE2kujhweZxAnnDaOvG,active,cancel,1,2028-08-27,"[{""end_date"": ""2028-08-27"", ""items"": [{""price_id"": ""price_1TdNA3E2kujhweZxyqyRw7aU"", ""quantity"": 1}, {""price_id"": ""price_1R8l1SE2kujhweZxySQB0Ift"", ""quantity"": 1}], ""proration_behavior"": ""none"", ""start_date"": ""2026-06-01""}]",True,True,[],would_release_schedule,True,Subscription has one active schedule phase with end_behavior=cancel. The schedule can be released and the remaining cancel_at can be cleared.,
sub_1S04t3E2kujhweZxw2RRdmPg,cus_QMPByU1mVALeJq,active,2024-06-25,2074-06-25,2027-06-25,1813896000,2027-06-25,False,sub_sched_1TqyIpE2kujhweZxlFHEGIiG,active,cancel,1,2027-06-25,"[{""end_date"": ""2027-06-25"", ""items"": [{""price_id"": ""price_1TdNA4E2kujhweZxwJvyy7N3"", ""quantity"": 1}], ""proration_behavior"": ""none"", ""start_date"": ""2026-07-09""}]",True,True,[],would_release_schedule,True,Subscription has one active schedule phase with end_behavior=cancel. The schedule can be released and the remaining cancel_at can be cleared.,
sub_1RvHcEE2kujhweZxxRRBxB7I,cus_SqzavDGc88vsmD,active,2025-08-12,2075-08-12,2028-08-12,1849697266,2028-08-12,False,sub_sched_1RvHcEE2kujhweZxV7knibhy,active,cancel,1,2028-08-12,"[{""end_date"": ""2028-08-12"", ""items"": [{""price_id"": ""price_1TdNA6E2kujhweZxpU9vGcys"", ""quantity"": 1}, {""price_id"": ""price_1R8l1SE2kujhweZxySQB0Ift"", ""quantity"": 1}], ""proration_behavior"": ""none"", ""start_date"": ""2026-06-01""}]",True,True,[],would_release_schedule,True,Subscription has one active schedule phase with end_behavior=cancel. The schedule can be released and the remaining cancel_at can be cleared.,
sub_1RvHWbE2kujhweZxtIJSNvJ1,cus_SqzU3XxZiq79Qg,active,2025-08-12,2075-08-12,2028-08-12,1849696917,2028-08-12,False,sub_sched_1TqyMTE2kujhweZxJlyumkwk,active,cancel,1,2028-08-12,"[{""end_date"": ""2028-08-12"", ""items"": [{""price_id"": ""price_1TdilGE2kujhweZx2Emuch1V"", ""quantity"": 1}, {""price_id"": ""price_1R8l1SE2kujhweZxySQB0Ift"", ""quantity"": 1}], ""proration_behavior"": ""none"", ""start_date"": ""2026-07-09""}]",True,True,[],would_release_schedule,True,Subscription has one active schedule phase with end_behavior=cancel. The schedule can be released and the remaining cancel_at can be cleared.,
sub_1RvHSbE2kujhweZxWhe1XR7r,cus_SqzOPJtLlPxjFq,active,2025-08-12,2075-08-12,2028-08-12,1849696669,2028-08-12,False,sub_sched_1RvHZhE2kujhweZxi5zp7dZ5,active,cancel,1,2028-08-12,"[{""end_date"": ""2028-08-12"", ""items"": [{""price_id"": ""price_1TdNA7E2kujhweZxpnaopyWf"", ""quantity"": 1}, {""price_id"": ""price_1R8l1SE2kujhweZxySQB0Ift"", ""quantity"": 1}], ""proration_behavior"": ""none"", ""start_date"": ""2026-06-01""}]",True,True,[],would_release_schedule,True,Subscription has one active schedule phase with end_behavior=cancel. The schedule can be released and the remaining cancel_at can be cleared.,
sub_1RvHFEE2kujhweZxwLQUaGUk,cus_SqzCOH36HTTeXt,active,2025-08-12,2075-08-12,2028-08-12,1849695840,2028-08-12,False,sub_sched_1RvHYcE2kujhweZxy01btMco,active,cancel,1,2028-08-12,"[{""end_date"": ""2028-08-12"", ""items"": [{""price_id"": ""price_1TdNA9E2kujhweZxqomyKVN1"", ""quantity"": 1}, {""price_id"": ""price_1R8l1SE2kujhweZxySQB0Ift"", ""quantity"": 1}], ""proration_behavior"": ""none"", ""start_date"": ""2026-06-01""}]",True,True,[],would_release_schedule,True,Subscription has one active schedule phase with end_behavior=cancel. The schedule can be released and the remaining cancel_at can be cleared.,
sub_1RvH4aE2kujhweZx3Cty2CSR,cus_SqyyOT8ylaKNDv,active,2025-08-12,2075-08-12,2028-08-12,1849695180,2028-08-12,False,sub_sched_1RvHYvE2kujhweZxvWu5uiIF,active,cancel,1,2028-08-12,"[{""end_date"": ""2028-08-12"", ""items"": [{""price_id"": ""price_1TdNABE2kujhweZxwoRsc9S0"", ""quantity"": 1}, {""price_id"": ""price_1R8l1SE2kujhweZxySQB0Ift"", ""quantity"": 1}], ""proration_behavior"": ""none"", ""start_date"": ""2026-06-01""}]",True,True,[],would_release_schedule,True,Subscription has one active schedule phase with end_behavior=cancel. The schedule can be released and the remaining cancel_at can be cleared.,
sub_1Rr4dLE2kujhweZxN1jsuxFs,cus_SmdtpVVVGrIH4e,active,2025-07-31,2075-07-31,2028-07-31,1848694051,2028-07-31,False,sub_sched_1Rr4dLE2kujhweZxOlj7HpFz,active,cancel,1,2028-07-31,"[{""end_date"": ""2028-07-31"", ""items"": [{""price_id"": ""price_1R8l1SE2kujhweZxySQB0Ift"", ""quantity"": 1}, {""price_id"": ""price_1TdNADE2kujhweZx8vZDgemn"", ""quantity"": 1}], ""proration_behavior"": ""none"", ""start_date"": ""2026-06-01""}]",True,True,[],would_release_schedule,True,Subscription has one active schedule phase with end_behavior=cancel. The schedule can be released and the remaining cancel_at can be cleared.,
sub_1Rr4ZyE2kujhweZx9zi5li3e,cus_SmdqE4QPmcFIbN,active,2025-07-31,2075-07-31,2028-07-31,1848693842,2028-07-31,False,sub_sched_1Rr4ZyE2kujhweZxTF7s1zgM,active,cancel,1,2028-07-31,"[{""end_date"": ""2028-07-31"", ""items"": [{""price_id"": ""price_1R8l1SE2kujhweZxySQB0Ift"", ""quantity"": 1}, {""price_id"": ""price_1TdNAEE2kujhweZxgRXvZnUb"", ""quantity"": 1}], ""proration_behavior"": ""none"", ""start_date"": ""2026-06-01""}]",True,True,[],would_release_schedule,True,Subscription has one active schedule phase with end_behavior=cancel. The schedule can be released and the remaining cancel_at can be cleared.,
sub_1Rr4WmE2kujhweZxySVRn5nL,cus_SmdnO8Hfv2FAgV,active,2025-07-31,2075-07-31,2028-07-31,1848693643,2028-07-31,False,sub_sched_1Rr4WmE2kujhweZxJ7qE09LC,active,cancel,1,2028-07-31,"[{""end_date"": ""2028-07-31"", ""items"": [{""price_id"": ""price_1R8l1SE2kujhweZxySQB0Ift"", ""quantity"": 1}, {""price_id"": ""price_1TdNAGE2kujhweZxogOCjnK8"", ""quantity"": 1}], ""proration_behavior"": ""none"", ""start_date"": ""2026-06-01""}]",True,True,[],would_release_schedule,True,Subscription has one active schedule phase with end_behavior=cancel. The schedule can be released and the remaining cancel_at can be cleared.,
sub_1Rr4W9E2kujhweZxBiPr51iJ,cus_SmdY7Rt66PgUGe,active,2025-07-31,2075-07-31,2028-07-31,1848693605,2028-07-31,False,sub_sched_1Rr4W9E2kujhweZxXNFaJ0ms,active,cancel,2,2028-07-31,"[{""end_date"": ""2026-06-30"", ""items"": [{""price_id"": ""price_1R8l1SE2kujhweZxySQB0Ift"", ""quantity"": 1}, {""price_id"": ""price_1TdilIE2kujhweZx8m8IbqAE"", ""quantity"": 1}], ""proration_behavior"": ""create_prorations"", ""start_date"": ""2026-06-02""}, {""end_date"": ""2028-07-31"", ""items"": [{""price_id"": ""price_1R8l1SE2kujhweZxySQB0Ift"", ""quantity"": 1}, {""price_id"": ""price_1TdilIE2kujhweZx8m8IbqAE"", ""quantity"": 1}], ""proration_behavior"": ""none"", ""start_date"": ""2026-06-30""}]",True,False,"[{""fields"": [""invoice_settings"", ""metadata""], ""phase_number"": 2, ""values"": {""invoice_settings"": {""phase_1"": null, ""phase_2"": ""{\n  \""account_tax_ids\"": null,\n  \""custom_fields\"": null,\n  \""days_until_due\"": null,\n  \""description\"": \""As of May 20, 2025, DivFern Geothermal Limited Partnership \\u201cDivFern Energy\\u201d has taken over the ownership and operation of Fensby Geothermal Limited. There will not be any interruption to the Energy Services for your home, and all terms and conditions of the Residential Energy Services Agreement you signed will remain the same. For any questions about this change or your system, please visit us at www.divfern.com.\\n\\nThank you for being a valued member of our growing DivFern community. \"",\n  \""footer\"": \""Terms and Conditions: \\na) Should you elect to pay a bill by bank debit or credit card (if permitted), you consent to our payment processing vendor retaining your payment information and automatically applying it on a recurring basis to the payment of each subsequent bill unless and until you provide an alternate payment method. You will promptly inform us of any change in: (i) your mailing address at least 30 days in advance of such change; and/or (ii) if previously provided, bank account or credit card information you provided us promptly after such change is made.\\nb) A late payment charge will apply to all overdue amounts on your bill, including applicable federal and provincial taxes. The rate for late payment charges is 1.5% per month or 18% per year (for an effective rate of 19.56% per year). Your bill is due on the date indicated on the bill, or if not indicated, within 20 days\\nc) Should any payment be returned for non-sufficient funds (\\u201cNSF\\u201d), you agree to pay a NSF charge of $25\"",\n  \""issuer\"": null\n}""}, ""metadata"": {""phase_1"": {}, ""phase_2"": {""last_increase_year"": ""2026""}}}}]",manual_review,False,"Schedule requires manual review: multiple_schedule_phases_2, schedule_phases_have_different_business_settings",
sub_1RnkDOE2kujhweZxIlexgYi4,cus_SjCX8SbS85YeWj,active,2025-07-22,2075-07-22,2028-07-22,1847900578,2028-07-22,False,sub_sched_1RnkDOE2kujhweZxtI1lnI7Q,active,cancel,1,2028-07-22,"[{""end_date"": ""2028-07-22"", ""items"": [{""price_id"": ""price_1TdilJE2kujhweZxWtovANcw"", ""quantity"": 1}, {""price_id"": ""price_1R8l1SE2kujhweZxySQB0Ift"", ""quantity"": 1}], ""proration_behavior"": ""none"", ""start_date"": ""2026-06-02""}]",True,True,[],would_release_schedule,True,Subscription has one active schedule phase with end_behavior=cancel. The schedule can be released and the remaining cancel_at can be cleared.,
sub_1RnjVqE2kujhweZxlKETTxzO,cus_SjBtG4ChfSsyRE,active,2025-07-22,2075-07-22,2028-07-22,1847897878,2028-07-22,False,sub_sched_1RnjVqE2kujhweZxHofW8Rh4,active,cancel,1,2028-07-22,"[{""end_date"": ""2028-07-22"", ""items"": [{""price_id"": ""price_1R8l1SE2kujhweZxySQB0Ift"", ""quantity"": 1}, {""price_id"": ""price_1TdNAHE2kujhweZxzONsb2u4"", ""quantity"": 1}], ""proration_behavior"": ""none"", ""start_date"": ""2026-06-01""}]",True,True,[],would_release_schedule,True,Subscription has one active schedule phase with end_behavior=cancel. The schedule can be released and the remaining cancel_at can be cleared.,
sub_1RnjTIE2kujhweZxWYibiVtN,cus_SjBppcwIh1IoyY,active,2025-07-22,2075-07-22,2028-07-22,1847851767,2028-07-22,False,sub_sched_1RnjTIE2kujhweZxHyxCCtUF,active,cancel,1,2028-07-22,"[{""end_date"": ""2028-07-22"", ""items"": [{""price_id"": ""price_1TdNAJE2kujhweZxaKf4ERNs"", ""quantity"": 1}, {""price_id"": ""price_1R8l1SE2kujhweZxySQB0Ift"", ""quantity"": 1}], ""proration_behavior"": ""none"", ""start_date"": ""2026-06-01""}]",True,True,[],would_release_schedule,True,Subscription has one active schedule phase with end_behavior=cancel. The schedule can be released and the remaining cancel_at can be cleared.,
sub_1RnjMDE2kujhweZxePCuxgj7,cus_SjBis97ZknYPNZ,active,2025-07-22,2075-07-22,2028-07-22,1847897281,2028-07-22,False,sub_sched_1RnjMDE2kujhweZx8iNSngCM,active,cancel,1,2028-07-22,"[{""end_date"": ""2028-07-22"", ""items"": [{""price_id"": ""price_1TdNAKE2kujhweZxQ7kI1ZHB"", ""quantity"": 1}, {""price_id"": ""price_1R8l1SE2kujhweZxySQB0Ift"", ""quantity"": 1}], ""proration_behavior"": ""none"", ""start_date"": ""2026-06-01""}]",True,True,[],would_release_schedule,True,Subscription has one active schedule phase with end_behavior=cancel. The schedule can be released and the remaining cancel_at can be cleared.,
sub_1RnjE8E2kujhweZxoLaMuCMX,cus_SjBaKHN6ao91Pf,active,2025-07-22,2075-07-22,2028-07-22,1847896779,2028-07-22,False,sub_sched_1RnjE7E2kujhweZxNfQPemT7,active,cancel,1,2028-07-22,"[{""end_date"": ""2028-07-22"", ""items"": [{""price_id"": ""price_1TdNAME2kujhweZxWBpqFWiq"", ""quantity"": 1}, {""price_id"": ""price_1R8l1SE2kujhweZxySQB0Ift"", ""quantity"": 1}], ""proration_behavior"": ""none"", ""start_date"": ""2026-06-01""}]",True,True,[],would_release_schedule,True,Subscription has one active schedule phase with end_behavior=cancel. The schedule can be released and the remaining cancel_at can be cleared.,
sub_1Rnj3DE2kujhweZxurB4zzh8,cus_SjA4a3mTBCazoy,active,2025-07-22,2075-07-22,2028-07-22,1847896103,2028-07-22,False,sub_sched_1Rnj3DE2kujhweZxWMYUUNdM,active,cancel,1,2028-07-22,"[{""end_date"": ""2028-07-22"", ""items"": [{""price_id"": ""price_1TdNANE2kujhweZxGbG0pQAE"", ""quantity"": 1}, {""price_id"": ""price_1R8l1SE2kujhweZxySQB0Ift"", ""quantity"": 1}], ""proration_behavior"": ""none"", ""start_date"": ""2026-06-01""}]",True,True,[],would_release_schedule,True,Subscription has one active schedule phase with end_behavior=cancel. The schedule can be released and the remaining cancel_at can be cleared.,
sub_1Rnj0cE2kujhweZxPpHx7nHF,cus_SjA2TkyG97lsls,active,2025-07-22,2075-07-22,2028-07-22,1847895942,2028-07-22,False,sub_sched_1Rnj0cE2kujhweZxjVdU6o89,active,cancel,1,2028-07-22,"[{""end_date"": ""2028-07-22"", ""items"": [{""price_id"": ""price_1TdNAPE2kujhweZxHO6caiKJ"", ""quantity"": 1}, {""price_id"": ""price_1R8l1SE2kujhweZxySQB0Ift"", ""quantity"": 1}], ""proration_behavior"": ""none"", ""start_date"": ""2026-06-01""}]",True,True,[],would_release_schedule,True,Subscription has one active schedule phase with end_behavior=cancel. The schedule can be released and the remaining cancel_at can be cleared.,
sub_1Rniy7E2kujhweZxh9PgHNEK,cus_SjA0KYSGZVsZbd,active,2025-07-22,2075-07-22,2028-07-22,1847895787,2028-07-22,False,sub_sched_1Rniy7E2kujhweZxzRXoHWyc,active,cancel,1,2028-07-22,"[{""end_date"": ""2028-07-22"", ""items"": [{""price_id"": ""price_1TdNARE2kujhweZxBHM35eT5"", ""quantity"": 1}, {""price_id"": ""price_1R8l1SE2kujhweZxySQB0Ift"", ""quantity"": 1}], ""proration_behavior"": ""none"", ""start_date"": ""2026-06-01""}]",True,True,[],would_release_schedule,True,Subscription has one active schedule phase with end_behavior=cancel. The schedule can be released and the remaining cancel_at can be cleared.,
sub_1RniskE2kujhweZxntQqz8a5,cus_Sj9ygp5ndRi9M0,active,2025-07-22,2075-07-22,2028-07-22,1847895454,2028-07-22,False,sub_sched_1RniskE2kujhweZxGqA6l8qf,active,cancel,1,2028-07-22,"[{""end_date"": ""2028-07-22"", ""items"": [{""price_id"": ""price_1TdNATE2kujhweZxnQVzTvnN"", ""quantity"": 1}, {""price_id"": ""price_1R8l1SE2kujhweZxySQB0Ift"", ""quantity"": 1}], ""proration_behavior"": ""none"", ""start_date"": ""2026-06-01""}]",True,True,[],would_release_schedule,True,Subscription has one active schedule phase with end_behavior=cancel. The schedule can be released and the remaining cancel_at can be cleared.,
sub_1RnidcE2kujhweZxg814RmO2,cus_Sj9vrh44SN8GSi,active,2025-07-22,2075-07-22,2028-07-22,1847894516,2028-07-22,False,sub_sched_1RnidcE2kujhweZxO43vAnnU,active,cancel,1,2028-07-22,"[{""end_date"": ""2028-07-22"", ""items"": [{""price_id"": ""price_1TdNAUE2kujhweZxLcumc2QX"", ""quantity"": 1}, {""price_id"": ""price_1R8l1SE2kujhweZxySQB0Ift"", ""quantity"": 1}], ""proration_behavior"": ""none"", ""start_date"": ""2026-06-01""}]",True,True,[],would_release_schedule,True,Subscription has one active schedule phase with end_behavior=cancel. The schedule can be released and the remaining cancel_at can be cleared.,
sub_1RniXGE2kujhweZxrAa5LjW1,cus_Sj9u37rYwaGqAV,active,2025-07-22,2075-07-22,2028-07-22,1847894122,2028-07-22,False,sub_sched_1RniXGE2kujhweZxP1mTaXlh,active,cancel,1,2028-07-22,"[{""end_date"": ""2028-07-22"", ""items"": [{""price_id"": ""price_1TdNAWE2kujhweZxWVIE094u"", ""quantity"": 1}, {""price_id"": ""price_1R8l1SE2kujhweZxySQB0Ift"", ""quantity"": 1}], ""proration_behavior"": ""none"", ""start_date"": ""2026-06-01""}]",True,True,[],would_release_schedule,True,Subscription has one active schedule phase with end_behavior=cancel. The schedule can be released and the remaining cancel_at can be cleared.,
sub_1Rni3eE2kujhweZxrL8eIeXP,cus_Sj9s4iBq0XxWIM,active,2025-07-22,2075-07-22,2028-07-22,1847892286,2028-07-22,False,sub_sched_1Rni3eE2kujhweZxc6Ie7NSR,active,cancel,1,2028-07-22,"[{""end_date"": ""2028-07-22"", ""items"": [{""price_id"": ""price_1TdNAYE2kujhweZxAc9J4psd"", ""quantity"": 1}, {""price_id"": ""price_1R8l1SE2kujhweZxySQB0Ift"", ""quantity"": 1}], ""proration_behavior"": ""none"", ""start_date"": ""2026-06-01""}]",True,True,[],would_release_schedule,True,Subscription has one active schedule phase with end_behavior=cancel. The schedule can be released and the remaining cancel_at can be cleared.,
sub_1RgHqwE2kujhweZx3T9AQcr2,cus_RKMOiLmIrjh1H2,active,2024-12-02,2074-12-02,2027-12-02,1827803587,2027-12-03,False,sub_sched_1RbkGgE2kujhweZxmd0YpqeV,active,cancel,1,2027-12-03,"[{""end_date"": ""2027-12-03"", ""items"": [{""price_id"": ""price_1PahsjE2kujhweZxZUnm9a53"", ""quantity"": 1}, {""price_id"": ""price_1TdilLE2kujhweZxGEKOLqRf"", ""quantity"": 1}], ""proration_behavior"": ""none"", ""start_date"": ""2026-06-02""}]",True,True,[],would_release_schedule,True,Subscription has one active schedule phase with end_behavior=cancel. The schedule can be released and the remaining cancel_at can be cleared.,
sub_1RfioEE2kujhweZxNAnK7lAt,cus_SaubLFjsgYbIO4,active,2025-06-30,2075-06-30,2028-06-30,1845950985,2028-06-30,False,sub_sched_1RfioEE2kujhweZxYjri0Cmq,active,cancel,1,2028-06-30,"[{""end_date"": ""2028-06-30"", ""items"": [{""price_id"": ""price_1R8l1SE2kujhweZxySQB0Ift"", ""quantity"": 1}, {""price_id"": ""price_1TdNAaE2kujhweZxe8Ovi2A1"", ""quantity"": 1}], ""proration_behavior"": ""none"", ""start_date"": ""2026-06-01""}]",True,True,[],would_release_schedule,True,Subscription has one active schedule phase with end_behavior=cancel. The schedule can be released and the remaining cancel_at can be cleared.,
sub_1Rfi6aE2kujhweZxJQ86E9k9,cus_SatqZhwmUX7zDi,active,2025-06-30,2075-06-30,2028-06-30,1845950986,2028-06-30,False,sub_sched_1Rfi6aE2kujhweZxCfVGifIi,active,cancel,1,2028-06-30,"[{""end_date"": ""2028-06-30"", ""items"": [{""price_id"": ""price_1TdNAcE2kujhweZxylxF1YVr"", ""quantity"": 1}, {""price_id"": ""price_1R8l1SE2kujhweZxySQB0Ift"", ""quantity"": 1}], ""proration_behavior"": ""none"", ""start_date"": ""2026-06-01""}]",True,True,[],would_release_schedule,True,Subscription has one active schedule phase with end_behavior=cancel. The schedule can be released and the remaining cancel_at can be cleared.,
sub_1RfCQGE2kujhweZx75EnQJv2,cus_R7VBBDawGXgFKK,active,2024-10-29,2074-10-29,2027-10-29,1824782400,2027-10-29,False,sub_sched_1RbkJfE2kujhweZxC1A1EeQu,active,cancel,1,2027-10-29,"[{""end_date"": ""2027-10-29"", ""items"": [{""price_id"": ""price_1PahsjE2kujhweZxZUnm9a53"", ""quantity"": 1}, {""price_id"": ""price_1TdNAeE2kujhweZxPQmozXzv"", ""quantity"": 1}], ""proration_behavior"": ""none"", ""start_date"": ""2026-06-01""}]",True,True,[],would_release_schedule,True,Subscription has one active schedule phase with end_behavior=cancel. The schedule can be released and the remaining cancel_at can be cleared.,
sub_1Rc7XSE2kujhweZxPzhT2qrx,cus_RfG38rnPoBXJqj,active,2025-01-27,2075-01-27,2028-01-27,1832558990,2028-01-27,False,sub_sched_1Rc7XSE2kujhweZxU5wLKCpK,active,cancel,1,2028-01-27,"[{""end_date"": ""2028-01-27"", ""items"": [{""price_id"": ""price_1PahsjE2kujhweZxZUnm9a53"", ""quantity"": 1}, {""price_id"": ""price_1TdNAgE2kujhweZxJqG3qXUg"", ""quantity"": 1}], ""proration_behavior"": ""none"", ""start_date"": ""2026-06-01""}]",True,True,[],would_release_schedule,True,Subscription has one active schedule phase with end_behavior=cancel. The schedule can be released and the remaining cancel_at can be cleared.,
sub_1Rbl6YE2kujhweZxAFqAa2pS,cus_SWoiM3S2vSdRi4,active,2025-06-19,2075-06-19,2028-06-19,1845000592,2028-06-19,False,sub_sched_1Rbl6YE2kujhweZxkRuRltpX,active,cancel,1,2028-06-19,"[{""end_date"": ""2028-06-19"", ""items"": [{""price_id"": ""price_1R8l1SE2kujhweZxySQB0Ift"", ""quantity"": 1}, {""price_id"": ""price_1TdNAhE2kujhweZxXxKqKjtD"", ""quantity"": 1}], ""proration_behavior"": ""none"", ""start_date"": ""2026-06-01""}]",True,True,[],would_release_schedule,True,Subscription has one active schedule phase with end_behavior=cancel. The schedule can be released and the remaining cancel_at can be cleared.,
sub_1Rbl0KE2kujhweZxjGHV3Uew,cus_SWocJD3Z2LbITp,active,2025-06-19,2075-06-19,2028-06-19,1845000593,2028-06-19,False,sub_sched_1Rbl0KE2kujhweZxSjXQVtOm,active,cancel,1,2028-06-19,"[{""end_date"": ""2028-06-19"", ""items"": [{""price_id"": ""price_1R8l1SE2kujhweZxySQB0Ift"", ""quantity"": 1}, {""price_id"": ""price_1TdNAjE2kujhweZxX1sh2YCd"", ""quantity"": 1}], ""proration_behavior"": ""none"", ""start_date"": ""2026-06-01""}]",True,True,[],would_release_schedule,True,Subscription has one active schedule phase with end_behavior=cancel. The schedule can be released and the remaining cancel_at can be cleared.,
sub_1RbkluE2kujhweZxYVOsIaQp,cus_SWoNDoLjIqi9qg,active,2025-06-19,2075-06-19,2028-06-19,1845042782,2028-06-19,False,sub_sched_1RbkluE2kujhweZxXzuzM5J6,active,cancel,1,2028-06-19,"[{""end_date"": ""2028-06-19"", ""items"": [{""price_id"": ""price_1R8l1SE2kujhweZxySQB0Ift"", ""quantity"": 1}, {""price_id"": ""price_1TdNAlE2kujhweZxwP45kUiK"", ""quantity"": 1}], ""proration_behavior"": ""none"", ""start_date"": ""2026-06-01""}]",True,True,[],would_release_schedule,True,Subscription has one active schedule phase with end_behavior=cancel. The schedule can be released and the remaining cancel_at can be cleared.,
sub_1RbiXxE2kujhweZxc8XUg3Ti,cus_SWm3g2VvrVHlVB,active,2025-06-19,2075-06-19,2028-06-19,1845034228,2028-06-19,False,sub_sched_1RbiXwE2kujhweZx0NyVnEhe,active,cancel,1,2028-06-19,"[{""end_date"": ""2028-06-19"", ""items"": [{""price_id"": ""price_1TdNAmE2kujhweZx4p29ROvq"", ""quantity"": 1}, {""price_id"": ""price_1PahsjE2kujhweZxZUnm9a53"", ""quantity"": 1}], ""proration_behavior"": ""none"", ""start_date"": ""2026-06-01""}]",True,True,[],would_release_schedule,True,Subscription has one active schedule phase with end_behavior=cancel. The schedule can be released and the remaining cancel_at can be cleared.,
sub_1RYq3sE2kujhweZx5BzhUeoz,cus_RvmfgsjJtn9Pem,active,2025-03-12,2075-03-12,2028-03-12,1836443589,2028-03-12,False,sub_sched_1RYq3sE2kujhweZxjP1KPdWf,active,cancel,1,2028-03-12,"[{""end_date"": ""2028-03-12"", ""items"": [{""price_id"": ""price_1PahsjE2kujhweZxZUnm9a53"", ""quantity"": 1}, {""price_id"": ""price_1TdilNE2kujhweZxAiMzahFl"", ""quantity"": 1}], ""proration_behavior"": ""none"", ""start_date"": ""2026-06-02""}]",True,True,[],would_release_schedule,True,Subscription has one active schedule phase with end_behavior=cancel. The schedule can be released and the remaining cancel_at can be cleared.,
sub_1RYWOgE2kujhweZxg3EhUybL,cus_STTJGhQ5kaenVd,active,2025-06-10,2075-06-10,2028-06-10,1844272542,2028-06-10,False,sub_sched_1RYWOgE2kujhweZxhWElC13z,active,cancel,1,2028-06-10,"[{""end_date"": ""2028-06-10"", ""items"": [{""price_id"": ""price_1R8l1SE2kujhweZxySQB0Ift"", ""quantity"": 1}, {""price_id"": ""price_1TdNAoE2kujhweZxB1ADw2LR"", ""quantity"": 1}], ""proration_behavior"": ""none"", ""start_date"": ""2026-06-01""}]",True,True,[],would_release_schedule,True,Subscription has one active schedule phase with end_behavior=cancel. The schedule can be released and the remaining cancel_at can be cleared.,
sub_1RTmHSE2kujhweZxzbP7bjQn,cus_SOZOVqt5osVM5l,active,2025-05-28,2075-05-28,2028-05-28,1843141958,2028-05-28,False,sub_sched_1RTmHSE2kujhweZxI8mKgXnJ,active,cancel,1,2028-05-28,"[{""end_date"": ""2028-05-28"", ""items"": [{""price_id"": ""price_1R8l1SE2kujhweZxySQB0Ift"", ""quantity"": 1}, {""price_id"": ""price_1TdNAqE2kujhweZxR0487UOe"", ""quantity"": 1}], ""proration_behavior"": ""none"", ""start_date"": ""2026-06-01""}]",True,True,[],would_release_schedule,True,Subscription has one active schedule phase with end_behavior=cancel. The schedule can be released and the remaining cancel_at can be cleared.,
sub_1RTmD6E2kujhweZxMQ2NQyJw,cus_SOZLzlz8VGYzaO,active,2025-05-28,2075-05-28,2028-05-28,1843141688,2028-05-28,False,sub_sched_1RTmD6E2kujhweZxZzEshn9J,active,cancel,1,2028-05-28,"[{""end_date"": ""2028-05-28"", ""items"": [{""price_id"": ""price_1R8l1SE2kujhweZxySQB0Ift"", ""quantity"": 1}, {""price_id"": ""price_1TdNAsE2kujhweZxAVhVH3Ev"", ""quantity"": 1}], ""proration_behavior"": ""none"", ""start_date"": ""2026-06-01""}]",True,True,[],would_release_schedule,True,Subscription has one active schedule phase with end_behavior=cancel. The schedule can be released and the remaining cancel_at can be cleared.,
sub_1RTm8WE2kujhweZxUePQcFf0,cus_SOZEbOUxM3ju4V,active,2025-05-28,2075-05-28,2028-05-28,1843141404,2028-05-28,False,sub_sched_1RTm8WE2kujhweZxuz7IkZ8u,active,cancel,1,2028-05-28,"[{""end_date"": ""2028-05-28"", ""items"": [{""price_id"": ""price_1R8l1SE2kujhweZxySQB0Ift"", ""quantity"": 1}, {""price_id"": ""price_1TdNAtE2kujhweZxSk4Cm0mg"", ""quantity"": 1}], ""proration_behavior"": ""none"", ""start_date"": ""2026-06-01""}]",True,True,[],would_release_schedule,True,Subscription has one active schedule phase with end_behavior=cancel. The schedule can be released and the remaining cancel_at can be cleared.,
sub_1RTm32E2kujhweZxP7BzUv2r,cus_SOZAH0jciu6zrG,active,2025-05-28,2075-05-28,2028-05-28,1843141064,2028-05-28,False,sub_sched_1RTm32E2kujhweZxS1PeZMj5,active,cancel,1,2028-05-28,"[{""end_date"": ""2028-05-28"", ""items"": [{""price_id"": ""price_1R8l1SE2kujhweZxySQB0Ift"", ""quantity"": 1}, {""price_id"": ""price_1TdNAvE2kujhweZxfub7RGyV"", ""quantity"": 1}], ""proration_behavior"": ""none"", ""start_date"": ""2026-06-01""}]",True,True,[],would_release_schedule,True,Subscription has one active schedule phase with end_behavior=cancel. The schedule can be released and the remaining cancel_at can be cleared.,
sub_1RTly2E2kujhweZxHRXXsek7,cus_SOZ3bZaq639pHm,active,2025-05-28,2075-05-28,2028-05-28,1843140754,2028-05-28,False,sub_sched_1RTly2E2kujhweZxHno4404U,active,cancel,1,2028-05-28,"[{""end_date"": ""2028-05-28"", ""items"": [{""price_id"": ""price_1R8l1SE2kujhweZxySQB0Ift"", ""quantity"": 1}, {""price_id"": ""price_1TdNAxE2kujhweZx5sWvLBpf"", ""quantity"": 1}], ""proration_behavior"": ""none"", ""start_date"": ""2026-06-01""}]",True,True,[],would_release_schedule,True,Subscription has one active schedule phase with end_behavior=cancel. The schedule can be released and the remaining cancel_at can be cleared.,
sub_1RTlpzE2kujhweZxGjWp2xih,cus_SOYwEisBe9Rqqm,active,2025-05-28,2075-05-28,2028-05-28,1843140254,2028-05-28,False,sub_sched_1RTlpzE2kujhweZxK28sL0Tl,active,cancel,1,2028-05-28,"[{""end_date"": ""2028-05-28"", ""items"": [{""price_id"": ""price_1R8l1SE2kujhweZxySQB0Ift"", ""quantity"": 1}, {""price_id"": ""price_1TdNAyE2kujhweZxMQiy0QgC"", ""quantity"": 1}], ""proration_behavior"": ""none"", ""start_date"": ""2026-06-01""}]",True,True,[],would_release_schedule,True,Subscription has one active schedule phase with end_behavior=cancel. The schedule can be released and the remaining cancel_at can be cleared.,
sub_1RTlihE2kujhweZxv0ftRq9F,cus_SOYp2l4E8RwHwi,active,2025-05-28,2075-05-28,2028-05-28,1843139803,2028-05-28,False,sub_sched_1RTlihE2kujhweZxFiCAvrvh,active,cancel,1,2028-05-28,"[{""end_date"": ""2028-05-28"", ""items"": [{""price_id"": ""price_1R8l1SE2kujhweZxySQB0Ift"", ""quantity"": 1}, {""price_id"": ""price_1TdNB0E2kujhweZxTskp31Tp"", ""quantity"": 1}], ""proration_behavior"": ""none"", ""start_date"": ""2026-06-01""}]",True,True,[],would_release_schedule,True,Subscription has one active schedule phase with end_behavior=cancel. The schedule can be released and the remaining cancel_at can be cleared.,
sub_1RTldRE2kujhweZxI9euVxWE,cus_SOYjmZSUX2ZGtE,active,2025-05-28,2075-05-28,2028-05-28,1843139477,2028-05-28,False,sub_sched_1RTldRE2kujhweZxdUIhBEkI,active,cancel,1,2028-05-28,"[{""end_date"": ""2028-05-28"", ""items"": [{""price_id"": ""price_1R8l1SE2kujhweZxySQB0Ift"", ""quantity"": 1}, {""price_id"": ""price_1TdNB2E2kujhweZxrnhs6BTr"", ""quantity"": 1}], ""proration_behavior"": ""none"", ""start_date"": ""2026-06-01""}]",True,True,[],would_release_schedule,True,Subscription has one active schedule phase with end_behavior=cancel. The schedule can be released and the remaining cancel_at can be cleared.,
sub_1RTlWjE2kujhweZx9fbBav6b,cus_SOYdY7Otsx3qVU,active,2025-05-28,2075-05-28,2028-05-28,1843139061,2028-05-28,False,sub_sched_1RTlWjE2kujhweZxjWaNqqXB,active,cancel,1,2028-05-28,"[{""end_date"": ""2028-05-28"", ""items"": [{""price_id"": ""price_1R8l1SE2kujhweZxySQB0Ift"", ""quantity"": 1}, {""price_id"": ""price_1TdNB3E2kujhweZxwPAFPctC"", ""quantity"": 1}], ""proration_behavior"": ""none"", ""start_date"": ""2026-06-01""}]",True,True,[],would_release_schedule,True,Subscription has one active schedule phase with end_behavior=cancel. The schedule can be released and the remaining cancel_at can be cleared.,
sub_1RTlQiE2kujhweZxeRX0rthv,cus_SOYWi3BS6JXiHA,active,2025-05-28,2075-05-28,2028-05-28,1843138688,2028-05-28,False,sub_sched_1RTlQiE2kujhweZx7mowjmpO,active,cancel,1,2028-05-28,"[{""end_date"": ""2028-05-28"", ""items"": [{""price_id"": ""price_1R8l1SE2kujhweZxySQB0Ift"", ""quantity"": 1}, {""price_id"": ""price_1TdNB5E2kujhweZxoikLjJup"", ""quantity"": 1}], ""proration_behavior"": ""none"", ""start_date"": ""2026-06-01""}]",True,True,[],would_release_schedule,True,Subscription has one active schedule phase with end_behavior=cancel. The schedule can be released and the remaining cancel_at can be cleared.,
sub_1RTlIuE2kujhweZxa2c9HR3g,cus_SOYPdKTfFeb76l,active,2025-05-28,2075-05-28,2028-05-28,1843138204,2028-05-28,False,sub_sched_1RTlIuE2kujhweZxYwrwM2to,active,cancel,1,2028-05-28,"[{""end_date"": ""2028-05-28"", ""items"": [{""price_id"": ""price_1R8l1SE2kujhweZxySQB0Ift"", ""quantity"": 1}, {""price_id"": ""price_1TdNB6E2kujhweZxrsDdJwTv"", ""quantity"": 1}], ""proration_behavior"": ""none"", ""start_date"": ""2026-06-01""}]",True,True,[],would_release_schedule,True,Subscription has one active schedule phase with end_behavior=cancel. The schedule can be released and the remaining cancel_at can be cleared.,
sub_1RTlFKE2kujhweZxx3Vd7iCo,cus_SOYL36kxLcYFSS,active,2025-05-28,2075-05-28,2028-05-28,1843137982,2028-05-28,False,sub_sched_1RTlFKE2kujhweZxBvbpgqRn,active,cancel,1,2028-05-28,"[{""end_date"": ""2028-05-28"", ""items"": [{""price_id"": ""price_1R8l1SE2kujhweZxySQB0Ift"", ""quantity"": 1}, {""price_id"": ""price_1TdNB8E2kujhweZxkIAGIGpA"", ""quantity"": 1}], ""proration_behavior"": ""none"", ""start_date"": ""2026-06-01""}]",True,True,[],would_release_schedule,True,Subscription has one active schedule phase with end_behavior=cancel. The schedule can be released and the remaining cancel_at can be cleared.,
sub_1RTlCXE2kujhweZxzZND0aSu,cus_SOYIb1s3F0LrBk,active,2025-05-28,2075-05-28,2028-05-28,1843137809,2028-05-28,False,sub_sched_1RTlCXE2kujhweZxa7bpsSMW,active,cancel,1,2028-05-28,"[{""end_date"": ""2028-05-28"", ""items"": [{""price_id"": ""price_1R8l1SE2kujhweZxySQB0Ift"", ""quantity"": 1}, {""price_id"": ""price_1TdNBAE2kujhweZxkxbtyoof"", ""quantity"": 1}], ""proration_behavior"": ""none"", ""start_date"": ""2026-06-01""}]",True,True,[],would_release_schedule,True,Subscription has one active schedule phase with end_behavior=cancel. The schedule can be released and the remaining cancel_at can be cleared.,
sub_1RTkOsE2kujhweZxCWk2XR3f,cus_SOXT0a5nn1zyxU,active,2025-05-28,2075-05-28,2028-05-28,1843134730,2028-05-28,False,sub_sched_1RTkOsE2kujhweZxgGQYiei2,active,cancel,1,2028-05-28,"[{""end_date"": ""2028-05-28"", ""items"": [{""price_id"": ""price_1R8l1SE2kujhweZxySQB0Ift"", ""quantity"": 1}, {""price_id"": ""price_1TdNBBE2kujhweZxv69RTKxs"", ""quantity"": 1}], ""proration_behavior"": ""none"", ""start_date"": ""2026-06-01""}]",True,True,[],would_release_schedule,True,Subscription has one active schedule phase with end_behavior=cancel. The schedule can be released and the remaining cancel_at can be cleared.,
sub_1RTkMRE2kujhweZxGo4BC73a,cus_SOXQiwlmIyJbEQ,active,2025-05-28,2075-05-28,2028-05-28,1843134579,2028-05-28,False,sub_sched_1RTkMRE2kujhweZxLPmhDy59,active,cancel,1,2028-05-28,"[{""end_date"": ""2028-05-28"", ""items"": [{""price_id"": ""price_1R8l1SE2kujhweZxySQB0Ift"", ""quantity"": 1}, {""price_id"": ""price_1TdNBDE2kujhweZxzN30JUmR"", ""quantity"": 1}], ""proration_behavior"": ""none"", ""start_date"": ""2026-06-01""}]",True,True,[],would_release_schedule,True,Subscription has one active schedule phase with end_behavior=cancel. The schedule can be released and the remaining cancel_at can be cleared.,
sub_1RTk6EE2kujhweZxuCBArFBX,cus_SOX9idj4XPxTwT,active,2025-05-28,2075-05-28,2028-05-28,1843133574,2028-05-28,False,sub_sched_1RTk6EE2kujhweZxfVa6vJCP,active,cancel,1,2028-05-28,"[{""end_date"": ""2028-05-28"", ""items"": [{""price_id"": ""price_1PahsjE2kujhweZxZUnm9a53"", ""quantity"": 1}, {""price_id"": ""price_1TdNBFE2kujhweZxXXmfro5Y"", ""quantity"": 1}], ""proration_behavior"": ""none"", ""start_date"": ""2026-06-01""}]",True,True,[],would_release_schedule,True,Subscription has one active schedule phase with end_behavior=cancel. The schedule can be released and the remaining cancel_at can be cleared.,
sub_1RRKNyE2kujhweZxUaGSX5wl,cus_SM2SbEiLWoJab9,active,2025-05-21,2075-05-21,2028-05-21,1842558074,2028-05-21,False,sub_sched_1RRKNyE2kujhweZxBiHmkoG7,active,cancel,1,2028-05-21,"[{""end_date"": ""2028-05-21"", ""items"": [{""price_id"": ""price_1R8l1SE2kujhweZxySQB0Ift"", ""quantity"": 1}, {""price_id"": ""price_1TdNBGE2kujhweZxEPxc42yK"", ""quantity"": 1}], ""proration_behavior"": ""none"", ""start_date"": ""2026-06-01""}]",True,True,[],would_release_schedule,True,Subscription has one active schedule phase with end_behavior=cancel. The schedule can be released and the remaining cancel_at can be cleared.,
sub_1RRKLtE2kujhweZxPMtTFtc5,cus_SM2QrgznGJq6Lg,active,2025-05-21,2075-05-21,2028-05-21,1842557945,2028-05-21,False,sub_sched_1RRKLtE2kujhweZxabHY53ZG,active,cancel,1,2028-05-21,"[{""end_date"": ""2028-05-21"", ""items"": [{""price_id"": ""price_1R8l1SE2kujhweZxySQB0Ift"", ""quantity"": 1}, {""price_id"": ""price_1TdNBIE2kujhweZxGcaasViC"", ""quantity"": 1}], ""proration_behavior"": ""none"", ""start_date"": ""2026-06-01""}]",True,True,[],would_release_schedule,True,Subscription has one active schedule phase with end_behavior=cancel. The schedule can be released and the remaining cancel_at can be cleared.,
sub_1RRKKEE2kujhweZxPjs4KBzb,cus_SM2OEljC2B4js1,active,2025-05-21,2075-05-21,2028-05-21,1842557842,2028-05-21,False,sub_sched_1RRKKEE2kujhweZxgI60DCNp,active,cancel,1,2028-05-21,"[{""end_date"": ""2028-05-21"", ""items"": [{""price_id"": ""price_1R8l1SE2kujhweZxySQB0Ift"", ""quantity"": 1}, {""price_id"": ""price_1TdNBKE2kujhweZx53TVe8A4"", ""quantity"": 1}], ""proration_behavior"": ""none"", ""start_date"": ""2026-06-01""}]",True,True,[],would_release_schedule,True,Subscription has one active schedule phase with end_behavior=cancel. The schedule can be released and the remaining cancel_at can be cleared.,
sub_1RRKI9E2kujhweZxNCwEs7CY,cus_SM2MjGUoRCW47s,active,2025-05-21,2075-05-21,2028-05-21,1842557713,2028-05-21,False,sub_sched_1RRKI9E2kujhweZxKNwE079d,active,cancel,1,2028-05-21,"[{""end_date"": ""2028-05-21"", ""items"": [{""price_id"": ""price_1R8l1SE2kujhweZxySQB0Ift"", ""quantity"": 1}, {""price_id"": ""price_1TdNBLE2kujhweZx4iIOwzK2"", ""quantity"": 1}], ""proration_behavior"": ""none"", ""start_date"": ""2026-06-01""}]",True,True,[],would_release_schedule,True,Subscription has one active schedule phase with end_behavior=cancel. The schedule can be released and the remaining cancel_at can be cleared.,
sub_1RRKF0E2kujhweZxCehzdOdA,cus_SM2If1EevwP9fL,active,2025-05-21,2075-05-21,2028-05-21,1842557518,2028-05-21,False,sub_sched_1RRKF0E2kujhweZxm4ovhY4z,active,cancel,1,2028-05-21,"[{""end_date"": ""2028-05-21"", ""items"": [{""price_id"": ""price_1R8l1SE2kujhweZxySQB0Ift"", ""quantity"": 1}, {""price_id"": ""price_1TdNBNE2kujhweZx43dLU6bK"", ""quantity"": 1}], ""proration_behavior"": ""none"", ""start_date"": ""2026-06-01""}]",True,True,[],would_release_schedule,True,Subscription has one active schedule phase with end_behavior=cancel. The schedule can be released and the remaining cancel_at can be cleared.,
sub_1RRKCOE2kujhweZxMDY1GZu8,cus_SM2GabIwmFJdTO,active,2025-05-21,2075-05-21,2028-05-21,1842557356,2028-05-21,False,sub_sched_1RRKCOE2kujhweZxz2uxs40B,active,cancel,1,2028-05-21,"[{""end_date"": ""2028-05-21"", ""items"": [{""price_id"": ""price_1R8l1SE2kujhweZxySQB0Ift"", ""quantity"": 1}, {""price_id"": ""price_1TdNBPE2kujhweZxrEDKtJk8"", ""quantity"": 1}], ""proration_behavior"": ""none"", ""start_date"": ""2026-06-01""}]",True,True,[],would_release_schedule,True,Subscription has one active schedule phase with end_behavior=cancel. The schedule can be released and the remaining cancel_at can be cleared.,
sub_1RRKANE2kujhweZxUMx2yOG8,cus_SM2ECSZl6wOyb0,active,2025-05-21,2075-05-21,2028-05-21,1842557231,2028-05-21,False,sub_sched_1RRKANE2kujhweZxWfAw4vUC,active,cancel,1,2028-05-21,"[{""end_date"": ""2028-05-21"", ""items"": [{""price_id"": ""price_1R8l1SE2kujhweZxySQB0Ift"", ""quantity"": 1}, {""price_id"": ""price_1TdNBQE2kujhweZxWUevoWim"", ""quantity"": 1}], ""proration_behavior"": ""none"", ""start_date"": ""2026-06-01""}]",True,True,[],would_release_schedule,True,Subscription has one active schedule phase with end_behavior=cancel. The schedule can be released and the remaining cancel_at can be cleared.,
sub_1RRK7zE2kujhweZxVmwJ0V0S,cus_SM2BPxmF5iMmAf,active,2025-05-21,2075-05-21,2028-05-21,1842557083,2028-05-21,False,sub_sched_1RRK7zE2kujhweZxgiiZRyt9,active,cancel,1,2028-05-21,"[{""end_date"": ""2028-05-21"", ""items"": [{""price_id"": ""price_1R8l1SE2kujhweZxySQB0Ift"", ""quantity"": 1}, {""price_id"": ""price_1TdNBSE2kujhweZx6OHi3iu0"", ""quantity"": 1}], ""proration_behavior"": ""none"", ""start_date"": ""2026-06-01""}]",True,True,[],would_release_schedule,True,Subscription has one active schedule phase with end_behavior=cancel. The schedule can be released and the remaining cancel_at can be cleared.,
sub_1RRK3CE2kujhweZxij1PuXiF,cus_SM262lpu603Dv1,active,2025-05-21,2075-05-21,2028-05-21,1842556786,2028-05-21,False,sub_sched_1RRK3CE2kujhweZx0PspJjDF,active,cancel,1,2028-05-21,"[{""end_date"": ""2028-05-21"", ""items"": [{""price_id"": ""price_1R8l1SE2kujhweZxySQB0Ift"", ""quantity"": 1}, {""price_id"": ""price_1TdNBUE2kujhweZxDEw1PZ55"", ""quantity"": 1}], ""proration_behavior"": ""none"", ""start_date"": ""2026-06-01""}]",True,True,[],would_release_schedule,True,Subscription has one active schedule phase with end_behavior=cancel. The schedule can be released and the remaining cancel_at can be cleared.,
sub_1RRK0kE2kujhweZxAp4Dg88o,cus_SM24wvettITNvV,active,2025-05-21,2075-05-21,2028-05-21,1842556634,2028-05-21,False,sub_sched_1RRK0kE2kujhweZxyjGbLPwI,active,cancel,1,2028-05-21,"[{""end_date"": ""2028-05-21"", ""items"": [{""price_id"": ""price_1R8l1SE2kujhweZxySQB0Ift"", ""quantity"": 1}, {""price_id"": ""price_1TdNBVE2kujhweZxhzY4yOPa"", ""quantity"": 1}], ""proration_behavior"": ""none"", ""start_date"": ""2026-06-01""}]",True,True,[],would_release_schedule,True,Subscription has one active schedule phase with end_behavior=cancel. The schedule can be released and the remaining cancel_at can be cleared.,
sub_1RRJyME2kujhweZxhniOU2lS,cus_SM21yQ5yOlpykw,active,2025-05-21,2075-05-21,2028-05-21,1842556486,2028-05-21,False,sub_sched_1RRJyME2kujhweZx0n6k37Ut,active,cancel,1,2028-05-21,"[{""end_date"": ""2028-05-21"", ""items"": [{""price_id"": ""price_1R8l1SE2kujhweZxySQB0Ift"", ""quantity"": 1}, {""price_id"": ""price_1TdNBXE2kujhweZxTgXkLS0e"", ""quantity"": 1}], ""proration_behavior"": ""none"", ""start_date"": ""2026-06-01""}]",True,True,[],would_release_schedule,True,Subscription has one active schedule phase with end_behavior=cancel. The schedule can be released and the remaining cancel_at can be cleared.,
sub_1RRJvpE2kujhweZxqP2TuXV6,cus_SM1zWCTFcIIicT,active,2025-05-21,2075-05-21,2028-05-21,1842556329,2028-05-21,False,sub_sched_1RRJvpE2kujhweZxZvDtDIwl,active,cancel,1,2028-05-21,"[{""end_date"": ""2028-05-21"", ""items"": [{""price_id"": ""price_1R8l1SE2kujhweZxySQB0Ift"", ""quantity"": 1}, {""price_id"": ""price_1TdNBZE2kujhweZx6FcSV1If"", ""quantity"": 1}], ""proration_behavior"": ""none"", ""start_date"": ""2026-06-01""}]",True,True,[],would_release_schedule,True,Subscription has one active schedule phase with end_behavior=cancel. The schedule can be released and the remaining cancel_at can be cleared.,
sub_1RRJteE2kujhweZx26JDQsn2,cus_SM1wK6cpMxkOLW,active,2025-05-21,2075-05-21,2028-05-21,1842556194,2028-05-21,False,sub_sched_1RRJteE2kujhweZx1m7OTxoD,active,cancel,1,2028-05-21,"[{""end_date"": ""2028-05-21"", ""items"": [{""price_id"": ""price_1R8l1SE2kujhweZxySQB0Ift"", ""quantity"": 1}, {""price_id"": ""price_1TdNBbE2kujhweZxBDL1I4PG"", ""quantity"": 1}], ""proration_behavior"": ""none"", ""start_date"": ""2026-06-01""}]",True,True,[],would_release_schedule,True,Subscription has one active schedule phase with end_behavior=cancel. The schedule can be released and the remaining cancel_at can be cleared.,
sub_1RQxfrE2kujhweZxbGuAouZB,cus_SLezbC54O572gW,active,2025-05-20,2075-05-20,2028-05-20,1842470771,2028-05-20,False,sub_sched_1RQxfrE2kujhweZx18hSmpqZ,active,cancel,1,2028-05-20,"[{""end_date"": ""2028-05-20"", ""items"": [{""price_id"": ""price_1R8l1SE2kujhweZxySQB0Ift"", ""quantity"": 1}, {""price_id"": ""price_1TdNBcE2kujhweZxydf7cDHF"", ""quantity"": 1}], ""proration_behavior"": ""none"", ""start_date"": ""2026-06-01""}]",True,True,[],would_release_schedule,True,Subscription has one active schedule phase with end_behavior=cancel. The schedule can be released and the remaining cancel_at can be cleared.,
sub_1RQxe1E2kujhweZxDyXlerfL,cus_SLexoMz8pyeRDQ,active,2025-05-20,2075-05-20,2028-05-20,1842470657,2028-05-20,False,sub_sched_1RQxe1E2kujhweZx9AkkNiz4,active,cancel,1,2028-05-20,"[{""end_date"": ""2028-05-20"", ""items"": [{""price_id"": ""price_1R8l1SE2kujhweZxySQB0Ift"", ""quantity"": 1}, {""price_id"": ""price_1TdNBeE2kujhweZxfQZQr61f"", ""quantity"": 1}], ""proration_behavior"": ""none"", ""start_date"": ""2026-06-01""}]",True,True,[],would_release_schedule,True,Subscription has one active schedule phase with end_behavior=cancel. The schedule can be released and the remaining cancel_at can be cleared.,
sub_1RQxcEE2kujhweZxe3zfzyJC,cus_SLevfGqpvyHw0l,active,2025-05-20,2075-05-20,2028-05-20,1842470546,2028-05-20,False,sub_sched_1RQxcEE2kujhweZxpCTIObp3,active,cancel,1,2028-05-20,"[{""end_date"": ""2028-05-20"", ""items"": [{""price_id"": ""price_1R8l1SE2kujhweZxySQB0Ift"", ""quantity"": 1}, {""price_id"": ""price_1TdNBgE2kujhweZxnHy9OhuU"", ""quantity"": 1}], ""proration_behavior"": ""none"", ""start_date"": ""2026-06-01""}]",True,True,[],would_release_schedule,True,Subscription has one active schedule phase with end_behavior=cancel. The schedule can be released and the remaining cancel_at can be cleared.,
sub_1RQxXTE2kujhweZx0rEWDti8,cus_SLeqSATuQ9m9sC,active,2025-05-20,2075-05-20,2028-05-20,1842470251,2028-05-20,False,sub_sched_1RQxXTE2kujhweZx9AvDtiF5,active,cancel,1,2028-05-20,"[{""end_date"": ""2028-05-20"", ""items"": [{""price_id"": ""price_1R8l1SE2kujhweZxySQB0Ift"", ""quantity"": 1}, {""price_id"": ""price_1TdNBhE2kujhweZx2i5y8vBr"", ""quantity"": 1}], ""proration_behavior"": ""none"", ""start_date"": ""2026-06-01""}]",True,True,[],would_release_schedule,True,Subscription has one active schedule phase with end_behavior=cancel. The schedule can be released and the remaining cancel_at can be cleared.,
sub_1RQxV4E2kujhweZxcXiTbVJ5,cus_SLeog6MxeMOhAs,active,2025-05-20,2075-05-20,2028-05-20,1842470102,2028-05-20,False,sub_sched_1RQxV4E2kujhweZxmuC8oyuG,active,cancel,1,2028-05-20,"[{""end_date"": ""2028-05-20"", ""items"": [{""price_id"": ""price_1R8l1SE2kujhweZxySQB0Ift"", ""quantity"": 1}, {""price_id"": ""price_1TdNBjE2kujhweZxpAUY0Mz4"", ""quantity"": 1}], ""proration_behavior"": ""none"", ""start_date"": ""2026-06-01""}]",True,True,[],would_release_schedule,True,Subscription has one active schedule phase with end_behavior=cancel. The schedule can be released and the remaining cancel_at can be cleared.,
sub_1RQxSuE2kujhweZxG5c1M6Vn,cus_SLeloraFuCY4oM,active,2025-05-20,2075-05-20,2028-05-20,1842469968,2028-05-20,False,sub_sched_1RQxSuE2kujhweZxvIggoHMf,active,cancel,1,2028-05-20,"[{""end_date"": ""2028-05-20"", ""items"": [{""price_id"": ""price_1R8l1SE2kujhweZxySQB0Ift"", ""quantity"": 1}, {""price_id"": ""price_1TdNBlE2kujhweZxjO57HqGS"", ""quantity"": 1}], ""proration_behavior"": ""none"", ""start_date"": ""2026-06-01""}]",True,True,[],would_release_schedule,True,Subscription has one active schedule phase with end_behavior=cancel. The schedule can be released and the remaining cancel_at can be cleared.,
sub_1RQxQqE2kujhweZxoEGXrrXJ,cus_SLejx45FHySTYf,active,2025-05-20,2075-05-20,2028-05-20,1842469840,2028-05-20,False,sub_sched_1RQxQqE2kujhweZxDgG7dfYO,active,cancel,1,2028-05-20,"[{""end_date"": ""2028-05-20"", ""items"": [{""price_id"": ""price_1R8l1SE2kujhweZxySQB0Ift"", ""quantity"": 1}, {""price_id"": ""price_1TdNBnE2kujhweZx1YP248eS"", ""quantity"": 1}], ""proration_behavior"": ""none"", ""start_date"": ""2026-06-01""}]",True,True,[],would_release_schedule,True,Subscription has one active schedule phase with end_behavior=cancel. The schedule can be released and the remaining cancel_at can be cleared.,
sub_1RQxLpE2kujhweZxGNa2ynlc,cus_SLeeyxtRDFjhuA,active,2025-05-20,2075-05-20,2028-05-20,1842469529,2028-05-20,False,sub_sched_1RQxLpE2kujhweZxZJqz2qur,active,cancel,1,2028-05-20,"[{""end_date"": ""2028-05-20"", ""items"": [{""price_id"": ""price_1R8l1SE2kujhweZxySQB0Ift"", ""quantity"": 1}, {""price_id"": ""price_1TdNBrE2kujhweZxmtLXvGMi"", ""quantity"": 1}], ""proration_behavior"": ""none"", ""start_date"": ""2026-06-01""}]",True,True,[],would_release_schedule,True,Subscription has one active schedule phase with end_behavior=cancel. The schedule can be released and the remaining cancel_at can be cleared.,
sub_1RQxIrE2kujhweZx5qvGeDrW,cus_SLebyyMBDGXKfl,active,2025-05-20,2075-05-20,2028-05-20,1842469345,2028-05-20,False,sub_sched_1RQxIrE2kujhweZxh6vCOZum,active,cancel,1,2028-05-20,"[{""end_date"": ""2028-05-20"", ""items"": [{""price_id"": ""price_1R8l1SE2kujhweZxySQB0Ift"", ""quantity"": 1}, {""price_id"": ""price_1TdNBsE2kujhweZxnt0ZAaGb"", ""quantity"": 1}], ""proration_behavior"": ""none"", ""start_date"": ""2026-06-01""}]",True,True,[],would_release_schedule,True,Subscription has one active schedule phase with end_behavior=cancel. The schedule can be released and the remaining cancel_at can be cleared.,
sub_1RQxGSE2kujhweZx1IoQMJEb,cus_SLeYPc7EfKWYXe,active,2025-05-20,2075-05-20,2028-05-20,1842469196,2028-05-20,False,sub_sched_1RQxGSE2kujhweZxXKFdMsd0,active,cancel,1,2028-05-20,"[{""end_date"": ""2028-05-20"", ""items"": [{""price_id"": ""price_1R8l1SE2kujhweZxySQB0Ift"", ""quantity"": 1}, {""price_id"": ""price_1TdNBuE2kujhweZxc7F4mazj"", ""quantity"": 1}], ""proration_behavior"": ""none"", ""start_date"": ""2026-06-01""}]",True,True,[],would_release_schedule,True,Subscription has one active schedule phase with end_behavior=cancel. The schedule can be released and the remaining cancel_at can be cleared.,
sub_1RQxBmE2kujhweZxKy7CCSmW,cus_SLeU9NHlgXGfZa,active,2025-05-20,2075-05-20,2028-05-20,1842468906,2028-05-20,False,sub_sched_1RQxBmE2kujhweZx2jeWwiF7,active,cancel,1,2028-05-20,"[{""end_date"": ""2028-05-20"", ""items"": [{""price_id"": ""price_1R8l1SE2kujhweZxySQB0Ift"", ""quantity"": 1}, {""price_id"": ""price_1TdNBwE2kujhweZxsRH8qF9i"", ""quantity"": 1}], ""proration_behavior"": ""none"", ""start_date"": ""2026-06-01""}]",True,True,[],would_release_schedule,True,Subscription has one active schedule phase with end_behavior=cancel. The schedule can be released and the remaining cancel_at can be cleared.,
sub_1RQx9aE2kujhweZxvOO8cqnI,cus_SLeRJpxO77LniO,active,2025-05-20,2075-05-20,2028-05-20,1842468770,2028-05-20,False,sub_sched_1RQx9aE2kujhweZxSkOVPoAg,active,cancel,1,2028-05-20,"[{""end_date"": ""2028-05-20"", ""items"": [{""price_id"": ""price_1R8l1SE2kujhweZxySQB0Ift"", ""quantity"": 1}, {""price_id"": ""price_1TdNBxE2kujhweZxksFPfYTp"", ""quantity"": 1}], ""proration_behavior"": ""none"", ""start_date"": ""2026-06-01""}]",True,True,[],would_release_schedule,True,Subscription has one active schedule phase with end_behavior=cancel. The schedule can be released and the remaining cancel_at can be cleared.,
sub_1RQx73E2kujhweZxkBkLqjKP,cus_SLePYwHxHYPEJ3,active,2025-05-20,2075-05-20,2028-05-20,1842468613,2028-05-20,False,sub_sched_1RQx73E2kujhweZxzgwC4Wzk,active,cancel,1,2028-05-20,"[{""end_date"": ""2028-05-20"", ""items"": [{""price_id"": ""price_1R8l1SE2kujhweZxySQB0Ift"", ""quantity"": 1}, {""price_id"": ""price_1TdNBzE2kujhweZxcpEmC04S"", ""quantity"": 1}], ""proration_behavior"": ""none"", ""start_date"": ""2026-06-01""}]",True,True,[],would_release_schedule,True,Subscription has one active schedule phase with end_behavior=cancel. The schedule can be released and the remaining cancel_at can be cleared.,
sub_1RQwxyE2kujhweZxuuC9mc61,cus_SLeE90jbUkblQm,active,2025-05-20,2075-05-20,2028-05-20,1842468050,2028-05-20,False,sub_sched_1RQwxyE2kujhweZxDk0Lo0h6,active,cancel,1,2028-05-20,"[{""end_date"": ""2028-05-20"", ""items"": [{""price_id"": ""price_1R8l1SE2kujhweZxySQB0Ift"", ""quantity"": 1}, {""price_id"": ""price_1TdNC0E2kujhweZxcY1zmmGW"", ""quantity"": 1}], ""proration_behavior"": ""none"", ""start_date"": ""2026-06-01""}]",True,True,[],would_release_schedule,True,Subscription has one active schedule phase with end_behavior=cancel. The schedule can be released and the remaining cancel_at can be cleared.,
sub_1RQwu4E2kujhweZxKqtVZD7R,cus_SLeBBdOorsUJmY,active,2025-05-20,2075-05-20,2028-05-20,1842467808,2028-05-20,False,sub_sched_1RQwu4E2kujhweZxuKI8RGy2,active,cancel,1,2028-05-20,"[{""end_date"": ""2028-05-20"", ""items"": [{""price_id"": ""price_1R8l1SE2kujhweZxySQB0Ift"", ""quantity"": 1}, {""price_id"": ""price_1TdNC2E2kujhweZx258xtemh"", ""quantity"": 1}], ""proration_behavior"": ""none"", ""start_date"": ""2026-06-01""}]",True,True,[],would_release_schedule,True,Subscription has one active schedule phase with end_behavior=cancel. The schedule can be released and the remaining cancel_at can be cleared.,
sub_1RQwrUE2kujhweZxtygp1OtH,cus_SLe8isAndNUHyX,active,2025-05-20,2075-05-20,2028-05-20,1842467648,2028-05-20,False,sub_sched_1RQwrUE2kujhweZxdCkZdkNe,active,cancel,1,2028-05-20,"[{""end_date"": ""2028-05-20"", ""items"": [{""price_id"": ""price_1R8l1SE2kujhweZxySQB0Ift"", ""quantity"": 1}, {""price_id"": ""price_1TdNC4E2kujhweZxvOcqt860"", ""quantity"": 1}], ""proration_behavior"": ""none"", ""start_date"": ""2026-06-01""}]",True,True,[],would_release_schedule,True,Subscription has one active schedule phase with end_behavior=cancel. The schedule can be released and the remaining cancel_at can be cleared.,
sub_1RQwouE2kujhweZxTdPKdrSy,cus_SLe6tYF7ab8OWn,active,2025-05-20,2075-05-20,2028-05-20,1842467488,2028-05-20,False,sub_sched_1RQwouE2kujhweZx8A2kZMaD,active,cancel,1,2028-05-20,"[{""end_date"": ""2028-05-20"", ""items"": [{""price_id"": ""price_1PahsjE2kujhweZxZUnm9a53"", ""quantity"": 1}, {""price_id"": ""price_1TdNC6E2kujhweZxccgNIqRH"", ""quantity"": 1}], ""proration_behavior"": ""none"", ""start_date"": ""2026-06-01""}]",True,True,[],would_release_schedule,True,Subscription has one active schedule phase with end_behavior=cancel. The schedule can be released and the remaining cancel_at can be cleared.,
sub_1RQwmBE2kujhweZxX3iO1G3K,cus_SLe3XrcuWP4GG6,active,2025-05-20,2075-05-20,2028-05-20,1842467319,2028-05-20,False,sub_sched_1RQwmBE2kujhweZxxevh5p36,active,cancel,1,2028-05-20,"[{""end_date"": ""2028-05-20"", ""items"": [{""price_id"": ""price_1R8l1SE2kujhweZxySQB0Ift"", ""quantity"": 1}, {""price_id"": ""price_1TdNC8E2kujhweZxud87eIDL"", ""quantity"": 1}], ""proration_behavior"": ""none"", ""start_date"": ""2026-06-01""}]",True,True,[],would_release_schedule,True,Subscription has one active schedule phase with end_behavior=cancel. The schedule can be released and the remaining cancel_at can be cleared.,
sub_1RO3FoE2kujhweZxeydBAsGh,cus_SIeXjjBIw7Au8a,active,2025-05-12,2075-05-12,2028-05-12,1841777236,2028-05-12,False,sub_sched_1RO3FoE2kujhweZxe59Jdkha,active,cancel,1,2028-05-12,"[{""end_date"": ""2028-05-12"", ""items"": [{""price_id"": ""price_1R8l1SE2kujhweZxySQB0Ift"", ""quantity"": 1}, {""price_id"": ""price_1TdNCAE2kujhweZxQykqL7Xc"", ""quantity"": 1}], ""proration_behavior"": ""none"", ""start_date"": ""2026-06-01""}]",True,True,[],would_release_schedule,True,Subscription has one active schedule phase with end_behavior=cancel. The schedule can be released and the remaining cancel_at can be cleared.,
sub_1RO3CYE2kujhweZx3OOtn0M2,cus_SIeUrWMsLxhfcU,active,2025-05-12,2075-05-12,2028-05-12,1841777034,2028-05-12,False,sub_sched_1RO3CYE2kujhweZxViQWqAC9,active,cancel,1,2028-05-12,"[{""end_date"": ""2028-05-12"", ""items"": [{""price_id"": ""price_1R8l1SE2kujhweZxySQB0Ift"", ""quantity"": 1}, {""price_id"": ""price_1TdNCCE2kujhweZxmhx3L8hi"", ""quantity"": 1}], ""proration_behavior"": ""none"", ""start_date"": ""2026-06-01""}]",True,True,[],would_release_schedule,True,Subscription has one active schedule phase with end_behavior=cancel. The schedule can be released and the remaining cancel_at can be cleared.,
sub_1RO379E2kujhweZxaYYiZ7tK,cus_SIePUTCojsv6BV,active,2025-05-12,2075-05-12,2028-05-12,1841776699,2028-05-12,False,sub_sched_1RO379E2kujhweZxQlvY4X1L,active,cancel,1,2028-05-12,"[{""end_date"": ""2028-05-12"", ""items"": [{""price_id"": ""price_1R8l1SE2kujhweZxySQB0Ift"", ""quantity"": 1}, {""price_id"": ""price_1TdNCEE2kujhweZxD6MqKVWh"", ""quantity"": 1}], ""proration_behavior"": ""none"", ""start_date"": ""2026-06-01""}]",True,True,[],would_release_schedule,True,Subscription has one active schedule phase with end_behavior=cancel. The schedule can be released and the remaining cancel_at can be cleared.,
sub_1RO34aE2kujhweZx0KfOMoXX,cus_SIeMz0reDN5KXR,active,2025-05-12,2075-05-12,2028-05-12,1841776540,2028-05-12,False,sub_sched_1RO34aE2kujhweZxaeLP7oVI,active,cancel,1,2028-05-12,"[{""end_date"": ""2028-05-12"", ""items"": [{""price_id"": ""price_1R8l1SE2kujhweZxySQB0Ift"", ""quantity"": 1}, {""price_id"": ""price_1TdNCFE2kujhweZx8LRWbvKn"", ""quantity"": 1}], ""proration_behavior"": ""none"", ""start_date"": ""2026-06-01""}]",True,True,[],would_release_schedule,True,Subscription has one active schedule phase with end_behavior=cancel. The schedule can be released and the remaining cancel_at can be cleared.,
sub_1RO31nE2kujhweZxFJxp5NOr,cus_SIeJdCobSH02va,active,2025-05-12,2075-05-12,2028-05-12,1841776367,2028-05-12,False,sub_sched_1RO31nE2kujhweZxjj0gPCey,active,cancel,1,2028-05-12,"[{""end_date"": ""2028-05-12"", ""items"": [{""price_id"": ""price_1R8l1SE2kujhweZxySQB0Ift"", ""quantity"": 1}, {""price_id"": ""price_1TdNCHE2kujhweZxGs3OIPqe"", ""quantity"": 1}], ""proration_behavior"": ""none"", ""start_date"": ""2026-06-01""}]",True,True,[],would_release_schedule,True,Subscription has one active schedule phase with end_behavior=cancel. The schedule can be released and the remaining cancel_at can be cleared.,
sub_1RO2ypE2kujhweZxMAWsFOrf,cus_SIeGy2dSssPWUF,active,2025-05-12,2075-05-12,2028-05-12,1841776183,2028-05-12,False,sub_sched_1RO2ypE2kujhweZxJ1pKPeoC,active,cancel,1,2028-05-12,"[{""end_date"": ""2028-05-12"", ""items"": [{""price_id"": ""price_1R8l1SE2kujhweZxySQB0Ift"", ""quantity"": 1}, {""price_id"": ""price_1TdNCIE2kujhweZxZHaJJFbv"", ""quantity"": 1}], ""proration_behavior"": ""none"", ""start_date"": ""2026-06-01""}]",True,True,[],would_release_schedule,True,Subscription has one active schedule phase with end_behavior=cancel. The schedule can be released and the remaining cancel_at can be cleared.,
sub_1RO2wQE2kujhweZxOmiGPsO1,cus_SIeDse2Mp0XF4e,active,2025-05-12,2075-05-12,2028-05-12,1841776034,2028-05-12,False,sub_sched_1RO2wQE2kujhweZxu4AhglBe,active,cancel,1,2028-05-12,"[{""end_date"": ""2028-05-12"", ""items"": [{""price_id"": ""price_1R8l1SE2kujhweZxySQB0Ift"", ""quantity"": 1}, {""price_id"": ""price_1TdNCKE2kujhweZx7XNxkjye"", ""quantity"": 1}], ""proration_behavior"": ""none"", ""start_date"": ""2026-06-01""}]",True,True,[],would_release_schedule,True,Subscription has one active schedule phase with end_behavior=cancel. The schedule can be released and the remaining cancel_at can be cleared.,
sub_1RO2tOE2kujhweZxhZAfWEQI,cus_SIeAG7pgsGFERv,active,2025-05-12,2075-05-12,2028-05-12,1841775846,2028-05-12,False,sub_sched_1RO2tOE2kujhweZxZ6ixYqFJ,active,cancel,1,2028-05-12,"[{""end_date"": ""2028-05-12"", ""items"": [{""price_id"": ""price_1PahsjE2kujhweZxZUnm9a53"", ""quantity"": 1}, {""price_id"": ""price_1TdNCME2kujhweZxCIU2nntX"", ""quantity"": 1}], ""proration_behavior"": ""none"", ""start_date"": ""2026-06-01""}]",True,True,[],would_release_schedule,True,Subscription has one active schedule phase with end_behavior=cancel. The schedule can be released and the remaining cancel_at can be cleared.,
sub_1RO2qiE2kujhweZx889yjV9N,cus_SIe8nKgoSVYwKs,active,2025-05-12,2075-05-12,2028-05-12,1841775680,2028-05-12,False,sub_sched_1RO2qiE2kujhweZxqZkqMSxu,active,cancel,1,2028-05-12,"[{""end_date"": ""2028-05-12"", ""items"": [{""price_id"": ""price_1PahsjE2kujhweZxZUnm9a53"", ""quantity"": 1}, {""price_id"": ""price_1TdNCNE2kujhweZxNamsnQK7"", ""quantity"": 1}], ""proration_behavior"": ""none"", ""start_date"": ""2026-06-01""}]",True,True,[],would_release_schedule,True,Subscription has one active schedule phase with end_behavior=cancel. The schedule can be released and the remaining cancel_at can be cleared.,
sub_1RO2niE2kujhweZxJmdoZYNK,cus_SIe4UpzHSpp77W,active,2025-05-12,2075-05-12,2028-05-12,1841775494,2028-05-12,False,sub_sched_1RO2niE2kujhweZxPPsMEhZ4,active,cancel,1,2028-05-12,"[{""end_date"": ""2028-05-12"", ""items"": [{""price_id"": ""price_1R8l1SE2kujhweZxySQB0Ift"", ""quantity"": 1}, {""price_id"": ""price_1TdNCQE2kujhweZxjukvNms5"", ""quantity"": 1}], ""proration_behavior"": ""none"", ""start_date"": ""2026-06-01""}]",True,True,[],would_release_schedule,True,Subscription has one active schedule phase with end_behavior=cancel. The schedule can be released and the remaining cancel_at can be cleared.,
sub_1RO2kqE2kujhweZxTFSPjWva,cus_SIe2LRgnj6ylwg,active,2025-05-12,2075-05-12,2028-05-12,1841775316,2028-05-12,False,sub_sched_1RO2kqE2kujhweZxIUJdh9cS,active,cancel,1,2028-05-12,"[{""end_date"": ""2028-05-12"", ""items"": [{""price_id"": ""price_1R8l1SE2kujhweZxySQB0Ift"", ""quantity"": 1}, {""price_id"": ""price_1TdNCRE2kujhweZxw0HR25xJ"", ""quantity"": 1}], ""proration_behavior"": ""none"", ""start_date"": ""2026-06-01""}]",True,True,[],would_release_schedule,True,Subscription has one active schedule phase with end_behavior=cancel. The schedule can be released and the remaining cancel_at can be cleared.,
sub_1RO2h7E2kujhweZxlnzxICqU,cus_SIdyRAdOKKRJkY,active,2025-05-12,2075-05-12,2028-05-12,1841775085,2028-05-12,False,sub_sched_1RO2h7E2kujhweZxStDMfKBL,active,cancel,1,2028-05-12,"[{""end_date"": ""2028-05-12"", ""items"": [{""price_id"": ""price_1R8l1SE2kujhweZxySQB0Ift"", ""quantity"": 1}, {""price_id"": ""price_1TdNCTE2kujhweZxHf3OQ5GL"", ""quantity"": 1}], ""proration_behavior"": ""none"", ""start_date"": ""2026-06-01""}]",True,True,[],would_release_schedule,True,Subscription has one active schedule phase with end_behavior=cancel. The schedule can be released and the remaining cancel_at can be cleared.,
sub_1RO2e8E2kujhweZxaOZMci29,cus_SIduuDLVUnHSXT,active,2025-05-12,2075-05-12,2028-05-12,1841774899,2028-05-12,False,sub_sched_1RO2e7E2kujhweZxdlx9stGt,active,cancel,1,2028-05-12,"[{""end_date"": ""2028-05-12"", ""items"": [{""price_id"": ""price_1R8l1SE2kujhweZxySQB0Ift"", ""quantity"": 1}, {""price_id"": ""price_1TdilQE2kujhweZxlLyp9qtZ"", ""quantity"": 1}], ""proration_behavior"": ""none"", ""start_date"": ""2026-06-02""}]",True,True,[],would_release_schedule,True,Subscription has one active schedule phase with end_behavior=cancel. The schedule can be released and the remaining cancel_at can be cleared.,
sub_1RNR3uE2kujhweZxlbOfPgTY,cus_QRatG4oH0Gl3Oa,active,2024-07-09,2074-07-09,2027-07-09,1815106303,2027-07-09,False,sub_sched_1RIyfLE2kujhweZxbTOYVtz2,active,cancel,1,2027-07-09,"[{""end_date"": ""2027-07-09"", ""items"": [{""price_id"": ""price_1PahsjE2kujhweZxZUnm9a53"", ""quantity"": 1}, {""price_id"": ""price_1TdNCVE2kujhweZxuVeUZaDJ"", ""quantity"": 1}], ""proration_behavior"": ""none"", ""start_date"": ""2026-06-01""}]",True,True,[],would_release_schedule,True,Subscription has one active schedule phase with end_behavior=cancel. The schedule can be released and the remaining cancel_at can be cleared.,
sub_1RLoQLE2kujhweZxa6wfpYcP,cus_SGL6Nxma031OB1,active,2025-05-06,2075-05-06,2028-05-06,1841243573,2028-05-06,False,sub_sched_1RLoQLE2kujhweZxHE3VcWdM,active,cancel,1,2028-05-06,"[{""end_date"": ""2028-05-06"", ""items"": [{""price_id"": ""price_1R8l1SE2kujhweZxySQB0Ift"", ""quantity"": 1}, {""price_id"": ""price_1TdNCXE2kujhweZx9rVh7Bvw"", ""quantity"": 1}], ""proration_behavior"": ""none"", ""start_date"": ""2026-06-01""}]",True,True,[],would_release_schedule,True,Subscription has one active schedule phase with end_behavior=cancel. The schedule can be released and the remaining cancel_at can be cleared.,
sub_1RLoMwE2kujhweZxpem5QqQc,cus_SGL2EUnYn4sUqV,active,2025-05-06,2075-05-06,2028-05-06,1841243362,2028-05-06,False,sub_sched_1RLoMwE2kujhweZxrzE3uL63,active,cancel,1,2028-05-06,"[{""end_date"": ""2028-05-06"", ""items"": [{""price_id"": ""price_1R8l1SE2kujhweZxySQB0Ift"", ""quantity"": 1}, {""price_id"": ""price_1TdNCYE2kujhweZxeYGJ6kZ0"", ""quantity"": 1}], ""proration_behavior"": ""none"", ""start_date"": ""2026-06-01""}]",True,True,[],would_release_schedule,True,Subscription has one active schedule phase with end_behavior=cancel. The schedule can be released and the remaining cancel_at can be cleared.,
sub_1RLoJpE2kujhweZxWNivKCfM,cus_SGKzdIttemJUoB,active,2025-05-06,2075-05-06,2028-05-06,1841243169,2028-05-06,False,sub_sched_1RLoJpE2kujhweZxwVz0s2TQ,active,cancel,1,2028-05-06,"[{""end_date"": ""2028-05-06"", ""items"": [{""price_id"": ""price_1R8l1SE2kujhweZxySQB0Ift"", ""quantity"": 1}, {""price_id"": ""price_1TdNCaE2kujhweZxmpVRJrA0"", ""quantity"": 1}], ""proration_behavior"": ""none"", ""start_date"": ""2026-06-01""}]",True,True,[],would_release_schedule,True,Subscription has one active schedule phase with end_behavior=cancel. The schedule can be released and the remaining cancel_at can be cleared.,
sub_1RLoHKE2kujhweZxCdzWrFR9,cus_SGKwXOtDRPc6zu,active,2025-05-06,2075-05-06,2028-05-06,1841243014,2028-05-06,False,sub_sched_1RLoHKE2kujhweZx6rUIwuKP,active,cancel,1,2028-05-06,"[{""end_date"": ""2028-05-06"", ""items"": [{""price_id"": ""price_1R8l1SE2kujhweZxySQB0Ift"", ""quantity"": 1}, {""price_id"": ""price_1TdNCcE2kujhweZxdHQyRrWR"", ""quantity"": 1}], ""proration_behavior"": ""none"", ""start_date"": ""2026-06-01""}]",True,True,[],would_release_schedule,True,Subscription has one active schedule phase with end_behavior=cancel. The schedule can be released and the remaining cancel_at can be cleared.,
sub_1RLoESE2kujhweZxJkmnWHR8,cus_SGKtItvnDT5g3y,active,2025-05-06,2075-05-06,2028-05-06,1841242836,2028-05-06,False,sub_sched_1RLoESE2kujhweZxBtTFlOue,active,cancel,1,2028-05-06,"[{""end_date"": ""2028-05-06"", ""items"": [{""price_id"": ""price_1R8l1SE2kujhweZxySQB0Ift"", ""quantity"": 1}, {""price_id"": ""price_1TdNCdE2kujhweZxuKja3Y3c"", ""quantity"": 1}], ""proration_behavior"": ""none"", ""start_date"": ""2026-06-01""}]",True,True,[],would_release_schedule,True,Subscription has one active schedule phase with end_behavior=cancel. The schedule can be released and the remaining cancel_at can be cleared.,
sub_1RLoBDE2kujhweZx6DL7zazc,cus_SGKqmyaH2A3iTd,active,2025-05-06,2075-05-06,2028-05-06,1841242635,2028-05-06,False,sub_sched_1RLoBDE2kujhweZxiQGPHWxm,active,cancel,1,2028-05-06,"[{""end_date"": ""2028-05-06"", ""items"": [{""price_id"": ""price_1R8l1SE2kujhweZxySQB0Ift"", ""quantity"": 1}, {""price_id"": ""price_1TdNCfE2kujhweZx7KxrQARp"", ""quantity"": 1}], ""proration_behavior"": ""none"", ""start_date"": ""2026-06-01""}]",True,True,[],would_release_schedule,True,Subscription has one active schedule phase with end_behavior=cancel. The schedule can be released and the remaining cancel_at can be cleared.,
sub_1RLo87E2kujhweZxmBEtx5QW,cus_SGKmI1r35ALPr7,active,2025-05-06,2075-05-06,2028-05-06,1841242443,2028-05-06,False,sub_sched_1RLo87E2kujhweZxPHuCu1XN,active,cancel,1,2028-05-06,"[{""end_date"": ""2028-05-06"", ""items"": [{""price_id"": ""price_1R8l1SE2kujhweZxySQB0Ift"", ""quantity"": 1}, {""price_id"": ""price_1TdNChE2kujhweZxx0c5spEe"", ""quantity"": 1}], ""proration_behavior"": ""none"", ""start_date"": ""2026-06-01""}]",True,True,[],would_release_schedule,True,Subscription has one active schedule phase with end_behavior=cancel. The schedule can be released and the remaining cancel_at can be cleared.,
sub_1RLo4SE2kujhweZxW6Yhqfxd,cus_SGKjTLA9OIleVX,active,2025-05-06,2075-05-06,2028-05-06,1841242216,2028-05-06,False,sub_sched_1RLo4SE2kujhweZxO4hLfj5C,active,cancel,1,2028-05-06,"[{""end_date"": ""2028-05-06"", ""items"": [{""price_id"": ""price_1R8l1SE2kujhweZxySQB0Ift"", ""quantity"": 1}, {""price_id"": ""price_1TdNCjE2kujhweZxr5TXe3lG"", ""quantity"": 1}], ""proration_behavior"": ""none"", ""start_date"": ""2026-06-01""}]",True,True,[],would_release_schedule,True,Subscription has one active schedule phase with end_behavior=cancel. The schedule can be released and the remaining cancel_at can be cleared.,
sub_1RLo1eE2kujhweZxLGPi5dwZ,cus_SGKgxH1Kzmrv4v,active,2025-05-06,2075-05-06,2028-05-06,1841242042,2028-05-06,False,sub_sched_1RLo1eE2kujhweZxXU5ShY7a,active,cancel,1,2028-05-06,"[{""end_date"": ""2028-05-06"", ""items"": [{""price_id"": ""price_1R8l1SE2kujhweZxySQB0Ift"", ""quantity"": 1}, {""price_id"": ""price_1TdNClE2kujhweZx3AFNVnu7"", ""quantity"": 1}], ""proration_behavior"": ""none"", ""start_date"": ""2026-06-01""}]",True,True,[],would_release_schedule,True,Subscription has one active schedule phase with end_behavior=cancel. The schedule can be released and the remaining cancel_at can be cleared.,
sub_1RLnymE2kujhweZxer18sGD6,cus_SGKdMGkgXJta65,active,2025-05-06,2075-05-06,2028-05-06,1841241863,2028-05-06,False,sub_sched_1RLnylE2kujhweZxcOpyndZt,active,cancel,1,2028-05-06,"[{""end_date"": ""2028-05-06"", ""items"": [{""price_id"": ""price_1R8l1SE2kujhweZxySQB0Ift"", ""quantity"": 1}, {""price_id"": ""price_1TdNCmE2kujhweZxq7OKmH5p"", ""quantity"": 1}], ""proration_behavior"": ""none"", ""start_date"": ""2026-06-01""}]",True,True,[],would_release_schedule,True,Subscription has one active schedule phase with end_behavior=cancel. The schedule can be released and the remaining cancel_at can be cleared.,
sub_1RLnw2E2kujhweZxFKgZVkz9,cus_SGKaLEY0fjdKbd,active,2025-05-06,2075-05-06,2028-05-06,1841241694,2028-05-06,False,sub_sched_1RLnw2E2kujhweZxlcwovnFa,active,cancel,1,2028-05-06,"[{""end_date"": ""2028-05-06"", ""items"": [{""price_id"": ""price_1R8l1SE2kujhweZxySQB0Ift"", ""quantity"": 1}, {""price_id"": ""price_1TdNCoE2kujhweZxRjqS6QTH"", ""quantity"": 1}], ""proration_behavior"": ""none"", ""start_date"": ""2026-06-01""}]",True,True,[],would_release_schedule,True,Subscription has one active schedule phase with end_behavior=cancel. The schedule can be released and the remaining cancel_at can be cleared.,
sub_1RLnsgE2kujhweZx3GmehS2I,cus_SGKX7PH73tlbxg,active,2025-05-06,2075-05-06,2028-05-06,1841241486,2028-05-06,False,sub_sched_1RLnsgE2kujhweZxtUhPc89P,active,cancel,1,2028-05-06,"[{""end_date"": ""2028-05-06"", ""items"": [{""price_id"": ""price_1PahsjE2kujhweZxZUnm9a53"", ""quantity"": 1}, {""price_id"": ""price_1TdNCqE2kujhweZxWCKco9KB"", ""quantity"": 1}], ""proration_behavior"": ""none"", ""start_date"": ""2026-06-01""}]",True,True,[],would_release_schedule,True,Subscription has one active schedule phase with end_behavior=cancel. The schedule can be released and the remaining cancel_at can be cleared.,
sub_1RLnqDE2kujhweZxhM3iTczR,cus_SGKSqSGIn17Kt1,active,2025-05-06,2075-05-06,2028-05-06,1841241333,2028-05-06,False,sub_sched_1RLnqDE2kujhweZxzxfFNJdq,active,cancel,1,2028-05-06,"[{""end_date"": ""2028-05-06"", ""items"": [{""price_id"": ""price_1PahsjE2kujhweZxZUnm9a53"", ""quantity"": 1}, {""price_id"": ""price_1TdNCrE2kujhweZxTt9NcJ5d"", ""quantity"": 1}], ""proration_behavior"": ""none"", ""start_date"": ""2026-06-01""}]",True,True,[],would_release_schedule,True,Subscription has one active schedule phase with end_behavior=cancel. The schedule can be released and the remaining cancel_at can be cleared.,
sub_1RJHMpE2kujhweZxk0Lwm6fc,cus_SDinjhyoNw5VVg,active,2025-04-29,2075-04-29,2028-04-29,1840639847,2028-04-29,False,sub_sched_1RJHMpE2kujhweZxy8MaJHJc,active,cancel,1,2028-04-29,"[{""end_date"": ""2028-04-29"", ""items"": [{""price_id"": ""price_1R8l1SE2kujhweZxySQB0Ift"", ""quantity"": 1}, {""price_id"": ""price_1TdNCtE2kujhweZxWjM63Hvw"", ""quantity"": 1}], ""proration_behavior"": ""create_prorations"", ""start_date"": ""2026-06-01""}]",True,True,[],would_release_schedule,True,Subscription has one active schedule phase with end_behavior=cancel. The schedule can be released and the remaining cancel_at can be cleared.,
sub_1RJHK8E2kujhweZxjNElVyJx,cus_SDil4Zl5yBl1MJ,active,2025-04-29,2075-04-29,2028-04-29,1840639680,2028-04-29,False,sub_sched_1RJHK8E2kujhweZxP7nqAzHI,active,cancel,1,2028-04-29,"[{""end_date"": ""2028-04-29"", ""items"": [{""price_id"": ""price_1R8l1SE2kujhweZxySQB0Ift"", ""quantity"": 1}, {""price_id"": ""price_1TdNCuE2kujhweZxNcH7bsk4"", ""quantity"": 1}], ""proration_behavior"": ""none"", ""start_date"": ""2026-06-01""}]",True,True,[],would_release_schedule,True,Subscription has one active schedule phase with end_behavior=cancel. The schedule can be released and the remaining cancel_at can be cleared.,
sub_1RJHH1E2kujhweZxMABGPepm,cus_SDihSDkAgjzX0b,active,2025-04-29,2075-04-29,2028-04-29,1840639487,2028-04-29,False,sub_sched_1RJHH1E2kujhweZxU3Htzb6a,active,cancel,1,2028-04-29,"[{""end_date"": ""2028-04-29"", ""items"": [{""price_id"": ""price_1R8l1SE2kujhweZxySQB0Ift"", ""quantity"": 1}, {""price_id"": ""price_1TdNCwE2kujhweZxm4qwDPEU"", ""quantity"": 1}], ""proration_behavior"": ""none"", ""start_date"": ""2026-06-01""}]",True,True,[],would_release_schedule,True,Subscription has one active schedule phase with end_behavior=cancel. The schedule can be released and the remaining cancel_at can be cleared.,
sub_1RJH9NE2kujhweZxyBc4pfkK,cus_SDiZ75XCcuhmih,active,2025-04-29,2075-04-29,2028-04-29,1840639013,2028-04-29,False,sub_sched_1RJH9NE2kujhweZxyGflMzdX,active,cancel,1,2028-04-29,"[{""end_date"": ""2028-04-29"", ""items"": [{""price_id"": ""price_1R8l1SE2kujhweZxySQB0Ift"", ""quantity"": 1}, {""price_id"": ""price_1TdNCyE2kujhweZxOdIgdLKo"", ""quantity"": 1}], ""proration_behavior"": ""none"", ""start_date"": ""2026-06-01""}]",True,True,[],would_release_schedule,True,Subscription has one active schedule phase with end_behavior=cancel. The schedule can be released and the remaining cancel_at can be cleared.,
sub_1RJH6CE2kujhweZxECfGZbAj,cus_SDiWeRhYC1vzMu,active,2025-04-29,2075-04-29,2028-04-29,1840638816,2028-04-29,False,sub_sched_1RJH6CE2kujhweZxHhTdZJQg,active,cancel,1,2028-04-29,"[{""end_date"": ""2028-04-29"", ""items"": [{""price_id"": ""price_1R8l1SE2kujhweZxySQB0Ift"", ""quantity"": 1}, {""price_id"": ""price_1TdND0E2kujhweZxKm9JqFgj"", ""quantity"": 1}], ""proration_behavior"": ""none"", ""start_date"": ""2026-06-01""}]",True,True,[],would_release_schedule,True,Subscription has one active schedule phase with end_behavior=cancel. The schedule can be released and the remaining cancel_at can be cleared.,
sub_1RJH3KE2kujhweZxVCFSJr85,cus_SDiTrnW1eZ10kZ,active,2025-04-29,2075-04-29,2028-04-29,1840638638,2028-04-29,False,sub_sched_1RJH3KE2kujhweZxdVk3M4oy,active,cancel,1,2028-04-29,"[{""end_date"": ""2028-04-29"", ""items"": [{""price_id"": ""price_1R8l1SE2kujhweZxySQB0Ift"", ""quantity"": 1}, {""price_id"": ""price_1TdND1E2kujhweZxn5SpyfVa"", ""quantity"": 1}], ""proration_behavior"": ""none"", ""start_date"": ""2026-06-01""}]",True,True,[],would_release_schedule,True,Subscription has one active schedule phase with end_behavior=cancel. The schedule can be released and the remaining cancel_at can be cleared.,
sub_1RJGzeE2kujhweZx8ODxEACo,cus_SDiQerVYjUXHEs,active,2025-04-29,2075-04-29,2028-04-29,1840638410,2028-04-29,False,sub_sched_1RJGzeE2kujhweZxZQSakK5i,active,cancel,1,2028-04-29,"[{""end_date"": ""2028-04-29"", ""items"": [{""price_id"": ""price_1R8l1SE2kujhweZxySQB0Ift"", ""quantity"": 1}, {""price_id"": ""price_1TdND3E2kujhweZxOCFWqlUl"", ""quantity"": 1}], ""proration_behavior"": ""none"", ""start_date"": ""2026-06-01""}]",True,True,[],would_release_schedule,True,Subscription has one active schedule phase with end_behavior=cancel. The schedule can be released and the remaining cancel_at can be cleared.,
sub_1RJGx5E2kujhweZx3xWXHCoH,cus_SDiNIfIlEzlUSj,active,2025-04-29,2075-04-29,2028-04-29,1840638250,2028-04-29,False,sub_sched_1RJGx4E2kujhweZx53kFkQHf,active,cancel,1,2028-04-29,"[{""end_date"": ""2028-04-29"", ""items"": [{""price_id"": ""price_1R8l1SE2kujhweZxySQB0Ift"", ""quantity"": 1}, {""price_id"": ""price_1TdND5E2kujhweZxjMsR5UIV"", ""quantity"": 1}], ""proration_behavior"": ""none"", ""start_date"": ""2026-06-01""}]",True,True,[],would_release_schedule,True,Subscription has one active schedule phase with end_behavior=cancel. The schedule can be released and the remaining cancel_at can be cleared.,
sub_1RJGuSE2kujhweZxUujnJJhr,cus_SDiK3JlNimfcAN,active,2025-04-29,2075-04-29,2028-04-29,1840638088,2028-04-29,False,sub_sched_1RJGuSE2kujhweZxcoFbjo8e,active,cancel,1,2028-04-29,"[{""end_date"": ""2028-04-29"", ""items"": [{""price_id"": ""price_1R8l1SE2kujhweZxySQB0Ift"", ""quantity"": 1}, {""price_id"": ""price_1TdND6E2kujhweZx2fRiH0qZ"", ""quantity"": 1}], ""proration_behavior"": ""none"", ""start_date"": ""2026-06-01""}]",True,True,[],would_release_schedule,True,Subscription has one active schedule phase with end_behavior=cancel. The schedule can be released and the remaining cancel_at can be cleared.,
sub_1RJGrVE2kujhweZxOoK3NdpQ,cus_SDiH9ycxVXoSkG,active,2025-04-29,2075-04-29,2028-04-29,1840637905,2028-04-29,False,sub_sched_1RJGrVE2kujhweZxo3wsTclL,active,cancel,1,2028-04-29,"[{""end_date"": ""2028-04-29"", ""items"": [{""price_id"": ""price_1R8l1SE2kujhweZxySQB0Ift"", ""quantity"": 1}, {""price_id"": ""price_1TdND8E2kujhweZxHmiAYn2z"", ""quantity"": 1}], ""proration_behavior"": ""none"", ""start_date"": ""2026-06-01""}]",True,True,[],would_release_schedule,True,Subscription has one active schedule phase with end_behavior=cancel. The schedule can be released and the remaining cancel_at can be cleared.,
sub_1RJGoUE2kujhweZxbtCSdspp,cus_SDiE0T60RScKAx,active,2025-04-29,2075-04-29,2028-04-29,1840637717,2028-04-29,False,sub_sched_1RJGoUE2kujhweZxW7IWy56d,active,cancel,1,2028-04-29,"[{""end_date"": ""2028-04-29"", ""items"": [{""price_id"": ""price_1R8l1SE2kujhweZxySQB0Ift"", ""quantity"": 1}, {""price_id"": ""price_1TdNDAE2kujhweZxVu3AcmqB"", ""quantity"": 1}], ""proration_behavior"": ""none"", ""start_date"": ""2026-06-01""}]",True,True,[],would_release_schedule,True,Subscription has one active schedule phase with end_behavior=cancel. The schedule can be released and the remaining cancel_at can be cleared.,
sub_1RJGlgE2kujhweZx4n02Nl4P,cus_SDiBHQZ6vQUJYU,active,2025-04-29,2075-04-29,2028-04-29,1840637544,2028-04-29,False,sub_sched_1RJGlgE2kujhweZxyO4UzlqU,active,cancel,1,2028-04-29,"[{""end_date"": ""2028-04-29"", ""items"": [{""price_id"": ""price_1PahsjE2kujhweZxZUnm9a53"", ""quantity"": 1}, {""price_id"": ""price_1TdNDBE2kujhweZx5T9Xbs8u"", ""quantity"": 1}], ""proration_behavior"": ""none"", ""start_date"": ""2026-06-01""}]",True,True,[],would_release_schedule,True,Subscription has one active schedule phase with end_behavior=cancel. The schedule can be released and the remaining cancel_at can be cleared.,
sub_1RJGbHE2kujhweZxO3IR29C7,cus_SDi0IChrSidJ9a,active,2025-04-29,2075-04-29,2028-04-29,1840636899,2028-04-29,False,sub_sched_1RJGbHE2kujhweZxnwARC4GU,active,cancel,1,2028-04-29,"[{""end_date"": ""2028-04-29"", ""items"": [{""price_id"": ""price_1PahsjE2kujhweZxZUnm9a53"", ""quantity"": 1}, {""price_id"": ""price_1TdikwE2kujhweZxju8FhIY0"", ""quantity"": 1}], ""proration_behavior"": ""none"", ""start_date"": ""2026-06-02""}]",True,True,[],would_release_schedule,True,Subscription has one active schedule phase with end_behavior=cancel. The schedule can be released and the remaining cancel_at can be cleared.,
sub_1RGPnQE2kujhweZx99RAHZdF,cus_SAlJFxD1iBMeoK,active,2025-04-21,2075-04-21,2028-04-21,1839957264,2028-04-21,False,sub_sched_1RGPnQE2kujhweZxfWd7AH3Y,active,cancel,1,2028-04-21,"[{""end_date"": ""2028-04-21"", ""items"": [{""price_id"": ""price_1R8l1SE2kujhweZxySQB0Ift"", ""quantity"": 1}, {""price_id"": ""price_1TdNDDE2kujhweZxqFgNe9Ko"", ""quantity"": 1}], ""proration_behavior"": ""none"", ""start_date"": ""2026-06-01""}]",True,True,[],would_release_schedule,True,Subscription has one active schedule phase with end_behavior=cancel. The schedule can be released and the remaining cancel_at can be cleared.,
sub_1RGPktE2kujhweZxvga30cmK,cus_SAlHeBw53z2PfS,active,2025-04-21,2075-04-21,2028-04-21,1839957106,2028-04-21,False,sub_sched_1RGPksE2kujhweZxcCAeNF4c,active,cancel,1,2028-04-21,"[{""end_date"": ""2028-04-21"", ""items"": [{""price_id"": ""price_1R8l1SE2kujhweZxySQB0Ift"", ""quantity"": 1}, {""price_id"": ""price_1TdNDFE2kujhweZxLylF3yqG"", ""quantity"": 1}], ""proration_behavior"": ""none"", ""start_date"": ""2026-06-01""}]",True,True,[],would_release_schedule,True,Subscription has one active schedule phase with end_behavior=cancel. The schedule can be released and the remaining cancel_at can be cleared.,
sub_1RGPgPE2kujhweZxzL2RnoHl,cus_SAlCO4vFDhpyVc,active,2025-04-21,2075-04-21,2028-04-21,1839956829,2028-04-21,False,sub_sched_1RGPgPE2kujhweZx7AtGidZ0,active,cancel,1,2028-04-21,"[{""end_date"": ""2028-04-21"", ""items"": [{""price_id"": ""price_1R8l1SE2kujhweZxySQB0Ift"", ""quantity"": 1}, {""price_id"": ""price_1TdNDHE2kujhweZxbxlBJuQa"", ""quantity"": 1}], ""proration_behavior"": ""none"", ""start_date"": ""2026-06-01""}]",True,True,[],would_release_schedule,True,Subscription has one active schedule phase with end_behavior=cancel. The schedule can be released and the remaining cancel_at can be cleared.,
sub_1RGPblE2kujhweZxaH0OB9Lr,cus_SAl7qNvZsyQFXv,active,2025-04-21,2075-04-21,2028-04-21,1839956541,2028-04-21,False,sub_sched_1RGPblE2kujhweZx8CsD7Mhy,active,cancel,1,2028-04-21,"[{""end_date"": ""2028-04-21"", ""items"": [{""price_id"": ""price_1R8l1SE2kujhweZxySQB0Ift"", ""quantity"": 1}, {""price_id"": ""price_1TdNDJE2kujhweZxQBOx48RS"", ""quantity"": 1}], ""proration_behavior"": ""none"", ""start_date"": ""2026-06-01""}]",True,True,[],would_release_schedule,True,Subscription has one active schedule phase with end_behavior=cancel. The schedule can be released and the remaining cancel_at can be cleared.,
sub_1RGPWnE2kujhweZxkdxAnIng,cus_SAl2qC1xp3wsXj,active,2025-04-21,2075-04-21,2028-04-21,1839956233,2028-04-21,False,sub_sched_1RGPWnE2kujhweZxUpaPRCwy,active,cancel,1,2028-04-21,"[{""end_date"": ""2028-04-21"", ""items"": [{""price_id"": ""price_1R8l1SE2kujhweZxySQB0Ift"", ""quantity"": 1}, {""price_id"": ""price_1TdNDLE2kujhweZxeUq4ChQU"", ""quantity"": 1}], ""proration_behavior"": ""none"", ""start_date"": ""2026-06-01""}]",True,True,[],would_release_schedule,True,Subscription has one active schedule phase with end_behavior=cancel. The schedule can be released and the remaining cancel_at can be cleared.,
sub_1RGPRtE2kujhweZxDREaJGQH,cus_SAkwGuSFYRR5gH,active,2025-04-21,2075-04-21,2028-04-21,1839955928,2028-04-21,False,sub_sched_1RGPRtE2kujhweZxY9jHD5Au,active,cancel,1,2028-04-21,"[{""end_date"": ""2028-04-21"", ""items"": [{""price_id"": ""price_1PahsjE2kujhweZxZUnm9a53"", ""quantity"": 1}, {""price_id"": ""price_1TdNDNE2kujhweZxQpjVdnaj"", ""quantity"": 1}], ""proration_behavior"": ""none"", ""start_date"": ""2026-06-01""}]",True,True,[],would_release_schedule,True,Subscription has one active schedule phase with end_behavior=cancel. The schedule can be released and the remaining cancel_at can be cleared.,
sub_1REWAiE2kujhweZxeWnolh3F,cus_S8nlgH6DJlK1TL,active,2025-04-16,2075-04-16,2028-04-16,1839505116,2028-04-16,False,sub_sched_1REWAiE2kujhweZxQEaZzvWp,active,cancel,1,2028-04-16,"[{""end_date"": ""2028-04-16"", ""items"": [{""price_id"": ""price_1R8l1SE2kujhweZxySQB0Ift"", ""quantity"": 1}, {""price_id"": ""price_1TdNDPE2kujhweZxVOotLGd6"", ""quantity"": 1}], ""proration_behavior"": ""none"", ""start_date"": ""2026-06-01""}]",True,True,[],would_release_schedule,True,Subscription has one active schedule phase with end_behavior=cancel. The schedule can be released and the remaining cancel_at can be cleared.,
sub_1REW8AE2kujhweZxLR2No9n4,cus_S8njIoOJEs5rjV,active,2025-04-16,2075-04-16,2028-04-16,1839504958,2028-04-16,False,sub_sched_1REW8AE2kujhweZxdzLmA7Hh,active,cancel,1,2028-04-16,"[{""end_date"": ""2028-04-16"", ""items"": [{""price_id"": ""price_1R8l1SE2kujhweZxySQB0Ift"", ""quantity"": 1}, {""price_id"": ""price_1TdNDRE2kujhweZxocNzoXVF"", ""quantity"": 1}], ""proration_behavior"": ""none"", ""start_date"": ""2026-06-01""}]",True,True,[],would_release_schedule,True,Subscription has one active schedule phase with end_behavior=cancel. The schedule can be released and the remaining cancel_at can be cleared.,
sub_1REW5WE2kujhweZxwjbnr0RV,cus_S8ngNXLe1pfSST,active,2025-04-16,2075-04-16,2028-04-16,1839504793,2028-04-16,False,sub_sched_1REW5WE2kujhweZxUzABxslS,active,cancel,1,2028-04-16,"[{""end_date"": ""2028-04-16"", ""items"": [{""price_id"": ""price_1R8l1SE2kujhweZxySQB0Ift"", ""quantity"": 1}, {""price_id"": ""price_1TdNDTE2kujhweZxfedZTFOh"", ""quantity"": 1}], ""proration_behavior"": ""none"", ""start_date"": ""2026-06-01""}]",True,True,[],would_release_schedule,True,Subscription has one active schedule phase with end_behavior=cancel. The schedule can be released and the remaining cancel_at can be cleared.,
sub_1REW27E2kujhweZxprU6GBP1,cus_S8nceR7pIQdSYe,active,2025-04-16,2075-04-16,2028-04-16,1839504583,2028-04-16,False,sub_sched_1REW27E2kujhweZxFDzoghJ2,active,cancel,1,2028-04-16,"[{""end_date"": ""2028-04-16"", ""items"": [{""price_id"": ""price_1R8l1SE2kujhweZxySQB0Ift"", ""quantity"": 1}, {""price_id"": ""price_1TdNDUE2kujhweZxE15qyHFY"", ""quantity"": 1}], ""proration_behavior"": ""none"", ""start_date"": ""2026-06-01""}]",True,True,[],would_release_schedule,True,Subscription has one active schedule phase with end_behavior=cancel. The schedule can be released and the remaining cancel_at can be cleared.,
sub_1REVynE2kujhweZxFIUQHVa2,cus_S8nZloU6G8S5gq,active,2025-04-16,2075-04-16,2028-04-16,1839504377,2028-04-16,False,sub_sched_1REVynE2kujhweZx7Wz9zJpg,active,cancel,1,2028-04-16,"[{""end_date"": ""2028-04-16"", ""items"": [{""price_id"": ""price_1R8l1SE2kujhweZxySQB0Ift"", ""quantity"": 1}, {""price_id"": ""price_1TdNDWE2kujhweZx0DSgZAGj"", ""quantity"": 1}], ""proration_behavior"": ""none"", ""start_date"": ""2026-06-01""}]",True,True,[],would_release_schedule,True,Subscription has one active schedule phase with end_behavior=cancel. The schedule can be released and the remaining cancel_at can be cleared.,
sub_1REVrvE2kujhweZx3jwihk8h,cus_S8nSoDTzyOLSfU,active,2025-04-16,2075-04-16,2028-04-16,1839503951,2028-04-16,False,sub_sched_1REVrvE2kujhweZx3WFlxY87,active,cancel,1,2028-04-16,"[{""end_date"": ""2028-04-16"", ""items"": [{""price_id"": ""price_1R8l1SE2kujhweZxySQB0Ift"", ""quantity"": 1}, {""price_id"": ""price_1TdNDbE2kujhweZxwTWkJIXO"", ""quantity"": 1}], ""proration_behavior"": ""none"", ""start_date"": ""2026-06-01""}]",True,True,[],would_release_schedule,True,Subscription has one active schedule phase with end_behavior=cancel. The schedule can be released and the remaining cancel_at can be cleared.,
sub_1REHETE2kujhweZx4iIIx6Ug,cus_S8YIV6vW31hxgm,active,2025-04-15,2075-04-15,2028-04-15,1839447689,2028-04-15,False,sub_sched_1REHETE2kujhweZxDKSxPZlc,active,cancel,1,2028-04-15,"[{""end_date"": ""2028-04-15"", ""items"": [{""price_id"": ""price_1PahsjE2kujhweZxZUnm9a53"", ""quantity"": 1}, {""price_id"": ""price_1TdNDdE2kujhweZxwPuG7wGx"", ""quantity"": 1}], ""proration_behavior"": ""none"", ""start_date"": ""2026-06-01""}]",True,True,[],would_release_schedule,True,Subscription has one active schedule phase with end_behavior=cancel. The schedule can be released and the remaining cancel_at can be cleared.,
sub_1REH9IE2kujhweZxNsb0396s,cus_S8YFP6Xn4g453i,active,2025-04-15,2075-04-15,2028-04-15,1839447368,2028-04-15,False,sub_sched_1REH9IE2kujhweZxzRLci5GY,active,cancel,1,2028-04-15,"[{""end_date"": ""2028-04-15"", ""items"": [{""price_id"": ""price_1PahsjE2kujhweZxZUnm9a53"", ""quantity"": 1}, {""price_id"": ""price_1TdNDeE2kujhweZxyeRnoHFr"", ""quantity"": 1}], ""proration_behavior"": ""none"", ""start_date"": ""2026-06-01""}]",True,True,[],would_release_schedule,True,Subscription has one active schedule phase with end_behavior=cancel. The schedule can be released and the remaining cancel_at can be cleared.,
sub_1REH6QE2kujhweZxbl6Qnhma,cus_S8YCVeztEed5RM,active,2025-04-15,2075-04-15,2028-04-15,1839447190,2028-04-15,False,sub_sched_1REH6QE2kujhweZxGrVb9FIt,active,cancel,1,2028-04-15,"[{""end_date"": ""2028-04-15"", ""items"": [{""price_id"": ""price_1PahsjE2kujhweZxZUnm9a53"", ""quantity"": 1}, {""price_id"": ""price_1TdNDgE2kujhweZxlBkYfw1b"", ""quantity"": 1}], ""proration_behavior"": ""none"", ""start_date"": ""2026-06-01""}]",True,True,[],would_release_schedule,True,Subscription has one active schedule phase with end_behavior=cancel. The schedule can be released and the remaining cancel_at can be cleared.,
sub_1REH2HE2kujhweZxKsKhmutj,cus_S8Y7X9IzxAiTro,active,2025-04-15,2075-04-15,2028-04-15,1839446933,2028-04-15,False,sub_sched_1REH2HE2kujhweZxpwMTpMgC,active,cancel,1,2028-04-15,"[{""end_date"": ""2028-04-15"", ""items"": [{""price_id"": ""price_1PahsjE2kujhweZxZUnm9a53"", ""quantity"": 1}, {""price_id"": ""price_1TdNDiE2kujhweZxeiDOEjhD"", ""quantity"": 1}], ""proration_behavior"": ""none"", ""start_date"": ""2026-06-01""}]",True,True,[],would_release_schedule,True,Subscription has one active schedule phase with end_behavior=cancel. The schedule can be released and the remaining cancel_at can be cleared.,
sub_1RDrmuE2kujhweZxNHdyLPNt,cus_Ryo4kcvMa7pbjC,active,2025-03-20,2075-03-20,2028-03-20,1837138380,2028-03-20,False,sub_sched_1RDrmuE2kujhweZxNLNRVqaA,active,cancel,1,2028-03-20,"[{""end_date"": ""2028-03-20"", ""items"": [{""price_id"": ""price_1PahsjE2kujhweZxZUnm9a53"", ""quantity"": 1}, {""price_id"": ""price_1TdNDkE2kujhweZxvzbiR24B"", ""quantity"": 1}], ""proration_behavior"": ""none"", ""start_date"": ""2026-06-01""}]",True,True,[],would_release_schedule,True,Subscription has one active schedule phase with end_behavior=cancel. The schedule can be released and the remaining cancel_at can be cleared.,
sub_1RBzdFE2kujhweZxP1FW6d8h,cus_S6C0i9pNKzyKS7,active,2025-04-09,2075-04-09,2028-04-09,1838903376,2028-04-09,False,sub_sched_1RBzdFE2kujhweZxB73JDLTm,active,cancel,1,2028-04-09,"[{""end_date"": ""2028-04-09"", ""items"": [{""price_id"": ""price_1R8l1SE2kujhweZxySQB0Ift"", ""quantity"": 1}, {""price_id"": ""price_1TdNDlE2kujhweZxDUwTaUHV"", ""quantity"": 1}], ""proration_behavior"": ""none"", ""start_date"": ""2026-06-01""}]",True,True,[],would_release_schedule,True,Subscription has one active schedule phase with end_behavior=cancel. The schedule can be released and the remaining cancel_at can be cleared.,
sub_1RBcxGE2kujhweZx5WpmXBLZ,cus_S5oZFGmm1qddsC,active,2025-04-08,2075-04-08,2028-04-08,1838816206,2028-04-08,False,sub_sched_1RBcxGE2kujhweZxcnWq2Jsy,active,cancel,1,2028-04-08,"[{""end_date"": ""2028-04-08"", ""items"": [{""price_id"": ""price_1PahsjE2kujhweZxZUnm9a53"", ""quantity"": 1}, {""price_id"": ""price_1TdNDnE2kujhweZxAXCiR4GX"", ""quantity"": 1}], ""proration_behavior"": ""none"", ""start_date"": ""2026-06-01""}]",True,True,[],would_release_schedule,True,Subscription has one active schedule phase with end_behavior=cancel. The schedule can be released and the remaining cancel_at can be cleared.,
sub_1RBcujE2kujhweZxEfhm9aMi,cus_S5oXX0gSxAofg4,active,2025-04-08,2075-04-08,2028-04-08,1838816049,2028-04-08,False,sub_sched_1RBcujE2kujhweZxEVKaWYFR,active,cancel,1,2028-04-08,"[{""end_date"": ""2028-04-08"", ""items"": [{""price_id"": ""price_1R8l1SE2kujhweZxySQB0Ift"", ""quantity"": 1}, {""price_id"": ""price_1TdNDpE2kujhweZxmn1S8MjW"", ""quantity"": 1}], ""proration_behavior"": ""none"", ""start_date"": ""2026-06-01""}]",True,True,[],would_release_schedule,True,Subscription has one active schedule phase with end_behavior=cancel. The schedule can be released and the remaining cancel_at can be cleared.,
sub_1RBcrtE2kujhweZxJssvpZER,cus_S5oSDAjdpkIO39,active,2025-04-08,2075-04-08,2028-04-08,1838815872,2028-04-08,False,sub_sched_1RBcrtE2kujhweZxHhCapC72,active,cancel,1,2028-04-08,"[{""end_date"": ""2028-04-08"", ""items"": [{""price_id"": ""price_1R8l1SE2kujhweZxySQB0Ift"", ""quantity"": 1}, {""price_id"": ""price_1TdNDrE2kujhweZxPKuEmDkg"", ""quantity"": 1}], ""proration_behavior"": ""none"", ""start_date"": ""2026-06-01""}]",True,True,[],would_release_schedule,True,Subscription has one active schedule phase with end_behavior=cancel. The schedule can be released and the remaining cancel_at can be cleared.,
sub_1RBcncE2kujhweZx9qA4PQZH,cus_S5oPhCirWxuDVm,active,2025-04-08,2075-04-08,2028-04-08,1838815608,2028-04-08,False,sub_sched_1RBcncE2kujhweZxqh8B3sdJ,active,cancel,1,2028-04-08,"[{""end_date"": ""2028-04-08"", ""items"": [{""price_id"": ""price_1R8l1SE2kujhweZxySQB0Ift"", ""quantity"": 1}, {""price_id"": ""price_1TdNDtE2kujhweZx9XHUW3fU"", ""quantity"": 1}], ""proration_behavior"": ""none"", ""start_date"": ""2026-06-01""}]",True,True,[],would_release_schedule,True,Subscription has one active schedule phase with end_behavior=cancel. The schedule can be released and the remaining cancel_at can be cleared.,
sub_1RBckkE2kujhweZxQfZ68fL2,cus_S5oMRRhSidpKSy,active,2025-04-08,2075-04-08,2028-04-08,1838815430,2028-04-08,False,sub_sched_1RBckkE2kujhweZxG9rtitZp,active,cancel,1,2028-04-08,"[{""end_date"": ""2028-04-08"", ""items"": [{""price_id"": ""price_1R8l1SE2kujhweZxySQB0Ift"", ""quantity"": 1}, {""price_id"": ""price_1TdNDuE2kujhweZxyFRaGoJe"", ""quantity"": 1}], ""proration_behavior"": ""none"", ""start_date"": ""2026-06-01""}]",True,True,[],would_release_schedule,True,Subscription has one active schedule phase with end_behavior=cancel. The schedule can be released and the remaining cancel_at can be cleared.,
sub_1RBNAiE2kujhweZxFo5qa9Zx,cus_S5YGJLi2HhI9vF,active,2025-04-07,2075-04-07,2028-04-07,1838755535,2028-04-07,False,sub_sched_1RBNAhE2kujhweZxp09fi28W,active,cancel,1,2028-04-07,"[{""end_date"": ""2028-04-07"", ""items"": [{""price_id"": ""price_1R8l1SE2kujhweZxySQB0Ift"", ""quantity"": 1}, {""price_id"": ""price_1TdNDwE2kujhweZxAtFSkCmy"", ""quantity"": 1}], ""proration_behavior"": ""none"", ""start_date"": ""2026-06-01""}]",True,True,[],would_release_schedule,True,Subscription has one active schedule phase with end_behavior=cancel. The schedule can be released and the remaining cancel_at can be cleared.,
sub_1RBN7CE2kujhweZxjNMDCkmE,cus_S5YCvVLYG5MxH7,active,2025-04-07,2075-04-07,2028-04-07,1838755317,2028-04-07,False,sub_sched_1RBN7CE2kujhweZxyDLIY8Nb,active,cancel,1,2028-04-07,"[{""end_date"": ""2028-04-07"", ""items"": [{""price_id"": ""price_1R8l1SE2kujhweZxySQB0Ift"", ""quantity"": 1}, {""price_id"": ""price_1TdNDyE2kujhweZx3hQrnxS5"", ""quantity"": 1}], ""proration_behavior"": ""none"", ""start_date"": ""2026-06-01""}]",True,True,[],would_release_schedule,True,Subscription has one active schedule phase with end_behavior=cancel. The schedule can be released and the remaining cancel_at can be cleared.,
sub_1RBMzXE2kujhweZxlfo6JibW,cus_S5Y5tK2I83bXgP,active,2025-04-07,2075-04-07,2028-04-07,1838754843,2028-04-07,False,sub_sched_1RBMzXE2kujhweZxRKWtDq5v,active,cancel,1,2028-04-07,"[{""end_date"": ""2028-04-07"", ""items"": [{""price_id"": ""price_1R8l1SE2kujhweZxySQB0Ift"", ""quantity"": 1}, {""price_id"": ""price_1TdNDzE2kujhweZxu8fc3MJm"", ""quantity"": 1}], ""proration_behavior"": ""none"", ""start_date"": ""2026-06-01""}]",True,True,[],would_release_schedule,True,Subscription has one active schedule phase with end_behavior=cancel. The schedule can be released and the remaining cancel_at can be cleared.,
sub_1RBMvXE2kujhweZx0ANY9IE8,cus_S5Y0NQND9wOgqq,active,2025-04-07,2075-04-07,2028-04-07,1838754595,2028-04-07,False,sub_sched_1RBMvXE2kujhweZxvDyfTefL,active,cancel,1,2028-04-07,"[{""end_date"": ""2028-04-07"", ""items"": [{""price_id"": ""price_1R8l1SE2kujhweZxySQB0Ift"", ""quantity"": 1}, {""price_id"": ""price_1TdNE1E2kujhweZxoslOBukh"", ""quantity"": 1}], ""proration_behavior"": ""none"", ""start_date"": ""2026-06-01""}]",True,True,[],would_release_schedule,True,Subscription has one active schedule phase with end_behavior=cancel. The schedule can be released and the remaining cancel_at can be cleared.,
sub_1R8mKiE2kujhweZxGjDOS1EW,cus_S2s4PuiOXNeIzi,active,2025-03-31,2075-03-31,2028-03-31,1838137272,2028-03-31,False,sub_sched_1R8mKiE2kujhweZxRGJUlZOz,active,cancel,1,2028-03-31,"[{""end_date"": ""2028-03-31"", ""items"": [{""price_id"": ""price_1PahsjE2kujhweZxZUnm9a53"", ""quantity"": 1}, {""price_id"": ""price_1TdNE2E2kujhweZx1MWCs0o1"", ""quantity"": 1}], ""proration_behavior"": ""none"", ""start_date"": ""2026-06-01""}]",True,True,[],would_release_schedule,True,Subscription has one active schedule phase with end_behavior=cancel. The schedule can be released and the remaining cancel_at can be cleared.,
sub_1R8mEhE2kujhweZxHtDF5L2Y,cus_S2rx00SWmqtTs2,active,2025-03-31,2075-03-31,2028-03-31,1838136899,2028-03-31,False,sub_sched_1R8mEhE2kujhweZxr4AjTrIK,active,cancel,1,2028-03-31,"[{""end_date"": ""2028-03-31"", ""items"": [{""price_id"": ""price_1PahsjE2kujhweZxZUnm9a53"", ""quantity"": 1}, {""price_id"": ""price_1TdNE4E2kujhweZxZVE8KkJR"", ""quantity"": 1}], ""proration_behavior"": ""none"", ""start_date"": ""2026-06-01""}]",True,True,[],would_release_schedule,True,Subscription has one active schedule phase with end_behavior=cancel. The schedule can be released and the remaining cancel_at can be cleared.,
sub_1R8mBdE2kujhweZx9Mc5qULW,cus_S2ruwbd1w7q7NX,active,2025-03-31,2075-03-31,2028-03-31,1838136709,2028-03-31,False,sub_sched_1R8mBdE2kujhweZxhWA1pWGR,active,cancel,1,2028-03-31,"[{""end_date"": ""2028-03-31"", ""items"": [{""price_id"": ""price_1R8l1SE2kujhweZxySQB0Ift"", ""quantity"": 1}, {""price_id"": ""price_1TdNE6E2kujhweZxAceROeRu"", ""quantity"": 1}], ""proration_behavior"": ""none"", ""start_date"": ""2026-06-01""}]",True,True,[],would_release_schedule,True,Subscription has one active schedule phase with end_behavior=cancel. The schedule can be released and the remaining cancel_at can be cleared.,
sub_1R8m96E2kujhweZxNbnDuETr,cus_S2rrFZW0Ujed9x,active,2025-03-31,2075-03-31,2028-03-31,1838136552,2028-03-31,False,sub_sched_1R8m96E2kujhweZxnhzY20NF,active,cancel,1,2028-03-31,"[{""end_date"": ""2028-03-31"", ""items"": [{""price_id"": ""price_1R8l1SE2kujhweZxySQB0Ift"", ""quantity"": 1}, {""price_id"": ""price_1TdNE8E2kujhweZx0yLkDi5s"", ""quantity"": 1}], ""proration_behavior"": ""none"", ""start_date"": ""2026-06-01""}]",True,True,[],would_release_schedule,True,Subscription has one active schedule phase with end_behavior=cancel. The schedule can be released and the remaining cancel_at can be cleared.,
sub_1R8m4qE2kujhweZx80a1YcBg,cus_S2rnlbDly8gSJd,active,2025-03-31,2075-03-31,2028-03-31,1838136288,2028-03-31,False,sub_sched_1R8m4qE2kujhweZxGrJrQfnl,active,cancel,1,2028-03-31,"[{""end_date"": ""2028-03-31"", ""items"": [{""price_id"": ""price_1R8l1SE2kujhweZxySQB0Ift"", ""quantity"": 1}, {""price_id"": ""price_1TdNEAE2kujhweZx11ywsTGf"", ""quantity"": 1}], ""proration_behavior"": ""none"", ""start_date"": ""2026-06-01""}]",True,True,[],would_release_schedule,True,Subscription has one active schedule phase with end_behavior=cancel. The schedule can be released and the remaining cancel_at can be cleared.,
sub_1R8m1uE2kujhweZxu6SPfZrw,cus_S2rkOUULyOkqxs,active,2025-03-31,2075-03-31,2028-03-31,1838136106,2028-03-31,False,sub_sched_1R8m1uE2kujhweZxOoMLJZrD,active,cancel,1,2028-03-31,"[{""end_date"": ""2028-03-31"", ""items"": [{""price_id"": ""price_1R8l1SE2kujhweZxySQB0Ift"", ""quantity"": 1}, {""price_id"": ""price_1TdNEBE2kujhweZxLnQeFGys"", ""quantity"": 1}], ""proration_behavior"": ""none"", ""start_date"": ""2026-06-01""}]",True,True,[],would_release_schedule,True,Subscription has one active schedule phase with end_behavior=cancel. The schedule can be released and the remaining cancel_at can be cleared.,
sub_1R8lvqE2kujhweZxLpVuHjuR,cus_S2reSWgJBiwoa1,active,2025-03-31,2075-03-31,2028-03-31,1838135730,2028-03-31,False,sub_sched_1R8lvqE2kujhweZx7R5k7x2r,active,cancel,1,2028-03-31,"[{""end_date"": ""2028-03-31"", ""items"": [{""price_id"": ""price_1R8l1SE2kujhweZxySQB0Ift"", ""quantity"": 1}, {""price_id"": ""price_1TdNEDE2kujhweZxAX9TKrCr"", ""quantity"": 1}], ""proration_behavior"": ""none"", ""start_date"": ""2026-06-01""}]",True,True,[],would_release_schedule,True,Subscription has one active schedule phase with end_behavior=cancel. The schedule can be released and the remaining cancel_at can be cleared.,
sub_1R8lrkE2kujhweZxWKVqRcbW,cus_S2ra0jGVMCYfg5,active,2025-03-31,2075-03-31,2028-03-31,1838135476,2028-03-31,False,sub_sched_1R8lrkE2kujhweZxgJqAwpca,active,cancel,1,2028-03-31,"[{""end_date"": ""2028-03-31"", ""items"": [{""price_id"": ""price_1R8l1SE2kujhweZxySQB0Ift"", ""quantity"": 1}, {""price_id"": ""price_1TdNEFE2kujhweZxD7IzjD91"", ""quantity"": 1}], ""proration_behavior"": ""none"", ""start_date"": ""2026-06-01""}]",True,True,[],would_release_schedule,True,Subscription has one active schedule phase with end_behavior=cancel. The schedule can be released and the remaining cancel_at can be cleared.,
sub_1R8lDtE2kujhweZxpuBfYFvo,cus_S2quONVCPoCHOR,active,2025-03-31,2075-03-31,2028-03-31,1838133005,2028-03-31,False,sub_sched_1R8lDtE2kujhweZxynjEmxuI,active,cancel,1,2028-03-31,"[{""end_date"": ""2028-03-31"", ""items"": [{""price_id"": ""price_1R8l1SE2kujhweZxySQB0Ift"", ""quantity"": 1}, {""price_id"": ""price_1TdNEHE2kujhweZxj2UgEGq7"", ""quantity"": 1}], ""proration_behavior"": ""none"", ""start_date"": ""2026-06-01""}]",True,True,[],would_release_schedule,True,Subscription has one active schedule phase with end_behavior=cancel. The schedule can be released and the remaining cancel_at can be cleared.,
sub_1R8lAIE2kujhweZxmMNlg0yt,cus_S2qryQbNodvaZu,active,2025-03-31,2075-03-31,2028-03-31,1838132782,2028-03-31,False,sub_sched_1R8lAIE2kujhweZxEujaMIbN,active,cancel,1,2028-03-31,"[{""end_date"": ""2028-03-31"", ""items"": [{""price_id"": ""price_1R8l1SE2kujhweZxySQB0Ift"", ""quantity"": 1}, {""price_id"": ""price_1TdNEJE2kujhweZxW6lxkdxb"", ""quantity"": 1}], ""proration_behavior"": ""none"", ""start_date"": ""2026-06-01""}]",True,True,[],would_release_schedule,True,Subscription has one active schedule phase with end_behavior=cancel. The schedule can be released and the remaining cancel_at can be cleared.,
sub_1R8l7KE2kujhweZxSYzZ4QYG,cus_S2qnucwdXVAl6O,active,2025-03-31,2075-03-31,2028-03-31,1838132598,2028-03-31,False,sub_sched_1R8l7KE2kujhweZxIUxwsdpY,active,cancel,1,2028-03-31,"[{""end_date"": ""2028-03-31"", ""items"": [{""price_id"": ""price_1R8l1SE2kujhweZxySQB0Ift"", ""quantity"": 1}, {""price_id"": ""price_1TdNEKE2kujhweZx4wOPQJMv"", ""quantity"": 1}], ""proration_behavior"": ""none"", ""start_date"": ""2026-06-01""}]",True,True,[],would_release_schedule,True,Subscription has one active schedule phase with end_behavior=cancel. The schedule can be released and the remaining cancel_at can be cleared.,
sub_1R6ESKE2kujhweZxFvKEawZJ,cus_S0EvBxQOn0GTWu,active,2025-03-24,2075-03-24,2028-03-24,1837530392,2028-03-24,False,sub_sched_1R6ESKE2kujhweZx1O6ulZXf,active,cancel,1,2028-03-24,"[{""end_date"": ""2028-03-24"", ""items"": [{""price_id"": ""price_1PahsjE2kujhweZxZUnm9a53"", ""quantity"": 1}, {""price_id"": ""price_1TdNEME2kujhweZxDwHpaJBv"", ""quantity"": 1}], ""proration_behavior"": ""none"", ""start_date"": ""2026-06-01""}]",True,True,[],would_release_schedule,True,Subscription has one active schedule phase with end_behavior=cancel. The schedule can be released and the remaining cancel_at can be cleared.,
sub_1R6EONE2kujhweZxQrmLfzBf,cus_S0EquNKHrGQ3uB,active,2025-03-24,2075-03-24,2028-03-24,1837530147,2028-03-24,False,sub_sched_1R6EONE2kujhweZxycfP1fja,active,cancel,1,2028-03-24,"[{""end_date"": ""2028-03-24"", ""items"": [{""price_id"": ""price_1PahsjE2kujhweZxZUnm9a53"", ""quantity"": 1}, {""price_id"": ""price_1TdNEOE2kujhweZxzU8pkRnE"", ""quantity"": 1}], ""proration_behavior"": ""none"", ""start_date"": ""2026-06-01""}]",True,True,[],would_release_schedule,True,Subscription has one active schedule phase with end_behavior=cancel. The schedule can be released and the remaining cancel_at can be cleared.,
sub_1R6EKdE2kujhweZx2g7aA7JM,cus_S0EmH4zi5ogmEz,active,2025-03-24,2075-03-24,2028-03-24,1837529915,2028-03-24,False,sub_sched_1R6EKdE2kujhweZxtyVc6JbM,active,cancel,1,2028-03-24,"[{""end_date"": ""2028-03-24"", ""items"": [{""price_id"": ""price_1PahsjE2kujhweZxZUnm9a53"", ""quantity"": 1}, {""price_id"": ""price_1TdNEQE2kujhweZxBLcfgIfU"", ""quantity"": 1}], ""proration_behavior"": ""none"", ""start_date"": ""2026-06-01""}]",True,True,[],would_release_schedule,True,Subscription has one active schedule phase with end_behavior=cancel. The schedule can be released and the remaining cancel_at can be cleared.,
sub_1R4qUfE2kujhweZxupHgSE6m,cus_Ryo6C3gWUQBNHj,active,2025-03-20,2075-03-20,2028-03-20,1837199953,2028-03-20,False,sub_sched_1R4qUfE2kujhweZxnsDFBiiW,active,cancel,1,2028-03-20,"[{""end_date"": ""2028-03-20"", ""items"": [{""price_id"": ""price_1PahsjE2kujhweZxZUnm9a53"", ""quantity"": 1}, {""price_id"": ""price_1TdilSE2kujhweZx4N3ud4cT"", ""quantity"": 1}], ""proration_behavior"": ""none"", ""start_date"": ""2026-06-02""}]",True,True,[],would_release_schedule,True,Subscription has one active schedule phase with end_behavior=cancel. The schedule can be released and the remaining cancel_at can be cleared.,
sub_1R1vCtE2kujhweZxLvMUy6IU,cus_Rvmlb2Thsnpz7h,active,2025-03-12,2075-03-12,2028-03-12,1836503087,2028-03-12,False,sub_sched_1R1vCtE2kujhweZxZvXbCuHs,active,cancel,1,2028-03-12,"[{""end_date"": ""2028-03-12"", ""items"": [{""price_id"": ""price_1PahsjE2kujhweZxZUnm9a53"", ""quantity"": 1}, {""price_id"": ""price_1TdNESE2kujhweZxXDvhkkjM"", ""quantity"": 1}], ""proration_behavior"": ""none"", ""start_date"": ""2026-06-01""}]",True,True,[],would_release_schedule,True,Subscription has one active schedule phase with end_behavior=cancel. The schedule can be released and the remaining cancel_at can be cleared.,
sub_1R1v9NE2kujhweZxL8Ekxdy9,cus_RvmiKrNEGaLAHP,active,2025-03-12,2075-03-12,2028-03-12,1836502869,2028-03-12,False,sub_sched_1R1v9NE2kujhweZx2Plo6AYV,active,cancel,1,2028-03-12,"[{""end_date"": ""2028-03-12"", ""items"": [{""price_id"": ""price_1PahsjE2kujhweZxZUnm9a53"", ""quantity"": 1}, {""price_id"": ""price_1TdNEUE2kujhweZxCJDAtirp"", ""quantity"": 1}], ""proration_behavior"": ""none"", ""start_date"": ""2026-06-01""}]",True,True,[],would_release_schedule,True,Subscription has one active schedule phase with end_behavior=cancel. The schedule can be released and the remaining cancel_at can be cleared.,
sub_1R1v4QE2kujhweZxbErdR0Nd,cus_RvmdA729uzRi5a,active,2025-03-12,2075-03-12,2028-03-12,1836447228,2028-03-12,False,sub_sched_1R1v4QE2kujhweZxczVyaW7Y,active,cancel,1,2028-03-12,"[{""end_date"": ""2028-03-12"", ""items"": [{""price_id"": ""price_1PahsjE2kujhweZxZUnm9a53"", ""quantity"": 1}, {""price_id"": ""price_1TdNEVE2kujhweZx63ykzBLf"", ""quantity"": 1}], ""proration_behavior"": ""none"", ""start_date"": ""2026-06-01""}]",True,True,[],would_release_schedule,True,Subscription has one active schedule phase with end_behavior=cancel. The schedule can be released and the remaining cancel_at can be cleared.,
sub_1R1v1kE2kujhweZxnpuYv2t0,cus_RvmZVgaxotK57i,active,2025-03-12,2075-03-12,2028-03-12,1836502396,2028-03-12,False,sub_sched_1R1v1kE2kujhweZxHWWOPlUl,active,cancel,1,2028-03-12,"[{""end_date"": ""2028-03-12"", ""items"": [{""price_id"": ""price_1PahsjE2kujhweZxZUnm9a53"", ""quantity"": 1}, {""price_id"": ""price_1TdNEZE2kujhweZxKmnC2o9c"", ""quantity"": 1}], ""proration_behavior"": ""none"", ""start_date"": ""2026-06-01""}]",True,True,[],would_release_schedule,True,Subscription has one active schedule phase with end_behavior=cancel. The schedule can be released and the remaining cancel_at can be cleared.,
sub_1R1uyRE2kujhweZx0k1WE7U8,cus_RvmWDT3iA7ThET,active,2025-03-12,2075-03-12,2028-03-12,1836502191,2028-03-12,False,sub_sched_1R1uyRE2kujhweZxotA4WZNZ,active,cancel,1,2028-03-12,"[{""end_date"": ""2028-03-12"", ""items"": [{""price_id"": ""price_1PahsjE2kujhweZxZUnm9a53"", ""quantity"": 1}, {""price_id"": ""price_1TdNEbE2kujhweZxM8IFRLJz"", ""quantity"": 1}], ""proration_behavior"": ""none"", ""start_date"": ""2026-06-01""}]",True,True,[],would_release_schedule,True,Subscription has one active schedule phase with end_behavior=cancel. The schedule can be released and the remaining cancel_at can be cleared.,
sub_1QyhCiE2kujhweZxXs6HDZDQ,cus_RsS69mlpqa72Sq,active,2025-03-03,2075-03-03,2028-03-03,1835734276,2028-03-03,False,sub_sched_1QyhCiE2kujhweZxED6bRmR6,active,cancel,1,2028-03-03,"[{""end_date"": ""2028-03-03"", ""items"": [{""price_id"": ""price_1PahsjE2kujhweZxZUnm9a53"", ""quantity"": 1}, {""price_id"": ""price_1TdNEdE2kujhweZxyFDuTI0M"", ""quantity"": 1}], ""proration_behavior"": ""none"", ""start_date"": ""2026-06-01""}]",True,True,[],would_release_schedule,True,Subscription has one active schedule phase with end_behavior=cancel. The schedule can be released and the remaining cancel_at can be cleared.,
sub_1QyhAFE2kujhweZxM3Mu1zhP,cus_RsS39DK43gfl5T,active,2025-03-03,2075-03-03,2028-03-03,1835734123,2028-03-03,False,sub_sched_1QyhAFE2kujhweZxad4Zchwd,active,cancel,1,2028-03-03,"[{""end_date"": ""2028-03-03"", ""items"": [{""price_id"": ""price_1PahsjE2kujhweZxZUnm9a53"", ""quantity"": 1}, {""price_id"": ""price_1TdNEeE2kujhweZx51pBnoRk"", ""quantity"": 1}], ""proration_behavior"": ""none"", ""start_date"": ""2026-06-01""}]",True,True,[],would_release_schedule,True,Subscription has one active schedule phase with end_behavior=cancel. The schedule can be released and the remaining cancel_at can be cleared.,
sub_1Qyh6wE2kujhweZxCqvi0BF4,cus_RsS0ssrDvoZmJ0,active,2025-03-03,2075-03-03,2028-03-03,1835733918,2028-03-03,False,sub_sched_1Qyh6wE2kujhweZxa1nPQAKt,active,cancel,1,2028-03-03,"[{""end_date"": ""2028-03-03"", ""items"": [{""price_id"": ""price_1PahsjE2kujhweZxZUnm9a53"", ""quantity"": 1}, {""price_id"": ""price_1TdNEgE2kujhweZxHUVM8hTN"", ""quantity"": 1}], ""proration_behavior"": ""none"", ""start_date"": ""2026-06-01""}]",True,True,[],would_release_schedule,True,Subscription has one active schedule phase with end_behavior=cancel. The schedule can be released and the remaining cancel_at can be cleared.,
sub_1Qyh4LE2kujhweZxslGXgQdM,cus_RsRxT8hDzWcAkr,active,2025-03-03,2075-03-03,2028-03-03,1835733757,2028-03-03,False,sub_sched_1Qyh4LE2kujhweZxPVipyjt4,active,cancel,1,2028-03-03,"[{""end_date"": ""2028-03-03"", ""items"": [{""price_id"": ""price_1PahsjE2kujhweZxZUnm9a53"", ""quantity"": 1}, {""price_id"": ""price_1TdNEiE2kujhweZxDAn8VfBi"", ""quantity"": 1}], ""proration_behavior"": ""none"", ""start_date"": ""2026-06-01""}]",True,True,[],would_release_schedule,True,Subscription has one active schedule phase with end_behavior=cancel. The schedule can be released and the remaining cancel_at can be cleared.,
sub_1Qyh1QE2kujhweZxqU2tPFHK,cus_RsRuGvEOgmscaX,active,2025-03-03,2075-03-03,2028-03-03,1835733576,2028-03-03,False,sub_sched_1Qyh1QE2kujhweZxgSeowIXy,active,cancel,1,2028-03-03,"[{""end_date"": ""2028-03-03"", ""items"": [{""price_id"": ""price_1PahsjE2kujhweZxZUnm9a53"", ""quantity"": 1}, {""price_id"": ""price_1TdNElE2kujhweZxglnT4Rcd"", ""quantity"": 1}], ""proration_behavior"": ""none"", ""start_date"": ""2026-06-01""}]",True,True,[],would_release_schedule,True,Subscription has one active schedule phase with end_behavior=cancel. The schedule can be released and the remaining cancel_at can be cleared.,
sub_1QygyRE2kujhweZxjrOOG8Np,cus_RsRrsCcqfod4RO,active,2025-03-03,2075-03-03,2028-03-03,1835733391,2028-03-03,False,sub_sched_1QygyRE2kujhweZxtlwKiQbY,active,cancel,1,2028-03-03,"[{""end_date"": ""2028-03-03"", ""items"": [{""price_id"": ""price_1PahsjE2kujhweZxZUnm9a53"", ""quantity"": 1}, {""price_id"": ""price_1TdNEnE2kujhweZxwF1GSJmj"", ""quantity"": 1}], ""proration_behavior"": ""none"", ""start_date"": ""2026-06-01""}]",True,True,[],would_release_schedule,True,Subscription has one active schedule phase with end_behavior=cancel. The schedule can be released and the remaining cancel_at can be cleared.,
sub_1QygwCE2kujhweZxDS37Ld7Y,cus_RsRpr1957gKFYe,active,2025-03-03,2075-03-03,2028-03-03,1835733251,2028-03-03,False,sub_sched_1QygwBE2kujhweZx910UNM2R,active,cancel,1,2028-03-03,"[{""end_date"": ""2028-03-03"", ""items"": [{""price_id"": ""price_1PahsjE2kujhweZxZUnm9a53"", ""quantity"": 1}, {""price_id"": ""price_1TdNEpE2kujhweZxNCzdoBfs"", ""quantity"": 1}], ""proration_behavior"": ""none"", ""start_date"": ""2026-06-01""}]",True,True,[],would_release_schedule,True,Subscription has one active schedule phase with end_behavior=cancel. The schedule can be released and the remaining cancel_at can be cleared.,
sub_1Qw9LHE2kujhweZxDl86neMA,cus_RpoyVKPjQrHtdv,active,2025-02-24,2075-02-24,2028-02-24,1835041055,2028-02-24,False,sub_sched_1Qw9LHE2kujhweZxotTa0W14,active,cancel,1,2028-02-24,"[{""end_date"": ""2028-02-24"", ""items"": [{""price_id"": ""price_1PahsjE2kujhweZxZUnm9a53"", ""quantity"": 1}, {""price_id"": ""price_1TdNErE2kujhweZxBG2YWiA0"", ""quantity"": 1}], ""proration_behavior"": ""none"", ""start_date"": ""2026-06-01""}]",True,True,[],would_release_schedule,True,Subscription has one active schedule phase with end_behavior=cancel. The schedule can be released and the remaining cancel_at can be cleared.,
sub_1Qw9IbE2kujhweZxKyNwngGe,cus_RpovMKdUT8YNqi,active,2025-02-24,2075-02-24,2028-02-24,1835040889,2028-02-24,False,sub_sched_1Qw9IbE2kujhweZxBKkPPWWw,active,cancel,1,2028-02-24,"[{""end_date"": ""2028-02-24"", ""items"": [{""price_id"": ""price_1PahsjE2kujhweZxZUnm9a53"", ""quantity"": 1}, {""price_id"": ""price_1TdNEsE2kujhweZxfmVzsM7r"", ""quantity"": 1}], ""proration_behavior"": ""none"", ""start_date"": ""2026-06-01""}]",True,True,[],would_release_schedule,True,Subscription has one active schedule phase with end_behavior=cancel. The schedule can be released and the remaining cancel_at can be cleared.,
sub_1Qw9FzE2kujhweZx5O1gu2iS,cus_RposQ8qEeO3uFe,active,2025-02-24,2075-02-24,2028-02-24,1835040727,2028-02-24,False,sub_sched_1Qw9FzE2kujhweZx3HdmFarx,active,cancel,1,2028-02-24,"[{""end_date"": ""2028-02-24"", ""items"": [{""price_id"": ""price_1PahsjE2kujhweZxZUnm9a53"", ""quantity"": 1}, {""price_id"": ""price_1TdNEuE2kujhweZx3kw6yt9P"", ""quantity"": 1}], ""proration_behavior"": ""none"", ""start_date"": ""2026-06-01""}]",True,True,[],would_release_schedule,True,Subscription has one active schedule phase with end_behavior=cancel. The schedule can be released and the remaining cancel_at can be cleared.,
sub_1Qw9DRE2kujhweZx6vDvfp90,cus_RpoqmmYoGCu7UJ,active,2025-02-24,2075-02-24,2028-02-24,1835040569,2028-02-24,False,sub_sched_1Qw9DRE2kujhweZxxQh6TG4M,active,cancel,1,2028-02-24,"[{""end_date"": ""2028-02-24"", ""items"": [{""price_id"": ""price_1PahsjE2kujhweZxZUnm9a53"", ""quantity"": 1}, {""price_id"": ""price_1TdNEwE2kujhweZxGA1Av7i7"", ""quantity"": 1}], ""proration_behavior"": ""none"", ""start_date"": ""2026-06-01""}]",True,True,[],would_release_schedule,True,Subscription has one active schedule phase with end_behavior=cancel. The schedule can be released and the remaining cancel_at can be cleared.,
sub_1Qw99qE2kujhweZxxRPFwTQn,cus_RpomGLHiXkAuEj,active,2025-02-24,2075-02-24,2028-02-24,1835040346,2028-02-24,False,sub_sched_1Qw99qE2kujhweZxmAVPyhtq,active,cancel,1,2028-02-24,"[{""end_date"": ""2028-02-24"", ""items"": [{""price_id"": ""price_1PahsjE2kujhweZxZUnm9a53"", ""quantity"": 1}, {""price_id"": ""price_1TdNEyE2kujhweZxq0Uych2Y"", ""quantity"": 1}], ""proration_behavior"": ""none"", ""start_date"": ""2026-06-01""}]",True,True,[],would_release_schedule,True,Subscription has one active schedule phase with end_behavior=cancel. The schedule can be released and the remaining cancel_at can be cleared.,
sub_1Qw973E2kujhweZxzUiDpCrQ,cus_RpojynOnzTbPxF,active,2025-02-24,2075-02-24,2028-02-24,1835040173,2028-02-24,False,sub_sched_1Qw973E2kujhweZxBJECuCQM,active,cancel,1,2028-02-24,"[{""end_date"": ""2028-02-24"", ""items"": [{""price_id"": ""price_1PahsjE2kujhweZxZUnm9a53"", ""quantity"": 1}, {""price_id"": ""price_1TdNEzE2kujhweZxcWOQflTt"", ""quantity"": 1}], ""proration_behavior"": ""none"", ""start_date"": ""2026-06-01""}]",True,True,[],would_release_schedule,True,Subscription has one active schedule phase with end_behavior=cancel. The schedule can be released and the remaining cancel_at can be cleared.,
sub_1Qw94fE2kujhweZxdeGNsiGX,cus_RpohKXnbQDFTjp,active,2025-02-24,2075-02-24,2028-02-24,1835040025,2028-02-24,False,sub_sched_1Qw94fE2kujhweZxLpp2HdOx,active,cancel,1,2028-02-24,"[{""end_date"": ""2028-02-24"", ""items"": [{""price_id"": ""price_1PahsjE2kujhweZxZUnm9a53"", ""quantity"": 1}, {""price_id"": ""price_1TdNF1E2kujhweZxZXN2PbIO"", ""quantity"": 1}], ""proration_behavior"": ""none"", ""start_date"": ""2026-06-01""}]",True,True,[],would_release_schedule,True,Subscription has one active schedule phase with end_behavior=cancel. The schedule can be released and the remaining cancel_at can be cleared.,
sub_1Qv1o8E2kujhweZx5lfikOHT,cus_Rof7fd071bv3u2,active,2025-02-21,2075-02-21,2028-02-21,1834773764,2028-02-21,False,sub_sched_1Qv1o8E2kujhweZxoh1V0O6Z,active,cancel,1,2028-02-21,"[{""end_date"": ""2028-02-21"", ""items"": [{""price_id"": ""price_1PahsjE2kujhweZxZUnm9a53"", ""quantity"": 1}, {""price_id"": ""price_1TdNF3E2kujhweZxutkTKDdC"", ""quantity"": 1}], ""proration_behavior"": ""none"", ""start_date"": ""2026-06-01""}]",True,True,[],would_release_schedule,True,Subscription has one active schedule phase with end_behavior=cancel. The schedule can be released and the remaining cancel_at can be cleared.,
sub_1Qv1kxE2kujhweZxfgx35B8L,cus_Rof3I6h4sYTcvZ,active,2025-02-21,2075-02-21,2028-02-21,1834773567,2028-02-21,False,sub_sched_1Qv1kxE2kujhweZxK3VtWN37,active,cancel,1,2028-02-21,"[{""end_date"": ""2028-02-21"", ""items"": [{""price_id"": ""price_1PahsjE2kujhweZxZUnm9a53"", ""quantity"": 1}, {""price_id"": ""price_1TdNF5E2kujhweZxvQiOMXuR"", ""quantity"": 1}], ""proration_behavior"": ""none"", ""start_date"": ""2026-06-01""}]",True,True,[],would_release_schedule,True,Subscription has one active schedule phase with end_behavior=cancel. The schedule can be released and the remaining cancel_at can be cleared.,
sub_1Qv1eHE2kujhweZxB0uYzvB4,cus_RoevZ0zmrg7Qa4,active,2025-02-21,2075-02-21,2028-02-21,1834773153,2028-02-21,False,sub_sched_1Qv1eHE2kujhweZxO0zNQjqQ,active,cancel,1,2028-02-21,"[{""end_date"": ""2028-02-21"", ""items"": [{""price_id"": ""price_1PahsjE2kujhweZxZUnm9a53"", ""quantity"": 1}, {""price_id"": ""price_1TdNF7E2kujhweZxsSN8Icxm"", ""quantity"": 1}], ""proration_behavior"": ""none"", ""start_date"": ""2026-06-01""}]",True,True,[],would_release_schedule,True,Subscription has one active schedule phase with end_behavior=cancel. The schedule can be released and the remaining cancel_at can be cleared.,
sub_1Qv1YlE2kujhweZxrDTwK8BY,cus_RoeqJsUt0VXI6l,active,2025-02-21,2075-02-21,2028-02-21,1834772811,2028-02-21,False,sub_sched_1Qv1YlE2kujhweZx9D0Lb1hT,active,cancel,1,2028-02-21,"[{""end_date"": ""2028-02-21"", ""items"": [{""price_id"": ""price_1PahsjE2kujhweZxZUnm9a53"", ""quantity"": 1}, {""price_id"": ""price_1TdNF9E2kujhweZxvtCdA9vi"", ""quantity"": 1}], ""proration_behavior"": ""none"", ""start_date"": ""2026-06-01""}]",True,True,[],would_release_schedule,True,Subscription has one active schedule phase with end_behavior=cancel. The schedule can be released and the remaining cancel_at can be cleared.,
sub_1Qv1NIE2kujhweZxLMBoq2jX,cus_RoegA5aaIP2gB6,active,2025-02-21,2075-02-21,2028-02-21,1834772100,2028-02-21,False,sub_sched_1Qv1NIE2kujhweZxBh7mvS1W,active,cancel,1,2028-02-21,"[{""end_date"": ""2028-02-21"", ""items"": [{""price_id"": ""price_1PahsjE2kujhweZxZUnm9a53"", ""quantity"": 1}, {""price_id"": ""price_1TdNFAE2kujhweZxIYrreKT3"", ""quantity"": 1}], ""proration_behavior"": ""none"", ""start_date"": ""2026-06-01""}]",True,True,[],would_release_schedule,True,Subscription has one active schedule phase with end_behavior=cancel. The schedule can be released and the remaining cancel_at can be cleared.,
sub_1Qv1LAE2kujhweZxLREp7Yxr,cus_Roedqt0lhiZ6wo,active,2025-02-21,2075-02-21,2028-02-21,1834771968,2028-02-21,False,sub_sched_1Qv1LAE2kujhweZxY45Tfgi2,active,cancel,1,2028-02-21,"[{""end_date"": ""2028-02-21"", ""items"": [{""price_id"": ""price_1PahsjE2kujhweZxZUnm9a53"", ""quantity"": 1}, {""price_id"": ""price_1TdNFCE2kujhweZxxk6emYmD"", ""quantity"": 1}], ""proration_behavior"": ""none"", ""start_date"": ""2026-06-01""}]",True,True,[],would_release_schedule,True,Subscription has one active schedule phase with end_behavior=cancel. The schedule can be released and the remaining cancel_at can be cleared.,
sub_1Qv1IgE2kujhweZx6QuvIm78,cus_RoebUP7ORiaBqa,active,2025-02-21,2075-02-21,2028-02-21,1834771814,2028-02-21,False,sub_sched_1Qv1IgE2kujhweZxMVmHv18B,active,cancel,1,2028-02-21,"[{""end_date"": ""2028-02-21"", ""items"": [{""price_id"": ""price_1PahsjE2kujhweZxZUnm9a53"", ""quantity"": 1}, {""price_id"": ""price_1TdNFEE2kujhweZxfrRnGlLh"", ""quantity"": 1}], ""proration_behavior"": ""none"", ""start_date"": ""2026-06-01""}]",True,True,[],would_release_schedule,True,Subscription has one active schedule phase with end_behavior=cancel. The schedule can be released and the remaining cancel_at can be cleared.,
sub_1QrhjHE2kujhweZx8dCOMFB3,cus_QkGgCrEeROCQW4,active,2024-08-28,2074-08-28,2027-08-28,1819426474,2027-08-28,False,sub_sched_1QrhjHE2kujhweZx5OisMigv,active,cancel,1,2027-08-28,"[{""end_date"": ""2027-08-28"", ""items"": [{""price_id"": ""price_1PahsjE2kujhweZxZUnm9a53"", ""quantity"": 1}, {""price_id"": ""price_1TdNFGE2kujhweZx37zqxLLS"", ""quantity"": 1}], ""proration_behavior"": ""none"", ""start_date"": ""2026-06-01""}]",True,True,[],would_release_schedule,True,Subscription has one active schedule phase with end_behavior=cancel. The schedule can be released and the remaining cancel_at can be cleared.,
sub_1QrLcsE2kujhweZxAbqa9zoT,cus_RkrJbgBKKqR9E9,active,2025-02-11,2075-02-11,2028-02-11,1833896634,2028-02-11,False,sub_sched_1QrLcsE2kujhweZxExKCD8n5,active,cancel,1,2028-02-11,"[{""end_date"": ""2028-02-11"", ""items"": [{""price_id"": ""price_1PahsjE2kujhweZxZUnm9a53"", ""quantity"": 1}, {""price_id"": ""price_1TdNFIE2kujhweZxClJOmln3"", ""quantity"": 1}], ""proration_behavior"": ""none"", ""start_date"": ""2026-06-01""}]",True,True,[],would_release_schedule,True,Subscription has one active schedule phase with end_behavior=cancel. The schedule can be released and the remaining cancel_at can be cleared.,
sub_1QoVEaE2kujhweZxefltrNGD,cus_Rhv34dkw59MYyH,active,2025-02-03,2075-02-03,2028-02-03,1833218583,2028-02-03,False,sub_sched_1QoVEaE2kujhweZxWiFXTIOE,active,cancel,1,2028-02-03,"[{""end_date"": ""2028-02-03"", ""items"": [{""price_id"": ""price_1PahsjE2kujhweZxZUnm9a53"", ""quantity"": 1}, {""price_id"": ""price_1TdNFJE2kujhweZxygrG6kC0"", ""quantity"": 1}], ""proration_behavior"": ""none"", ""start_date"": ""2026-06-01""}]",True,True,[],would_release_schedule,True,Subscription has one active schedule phase with end_behavior=cancel. The schedule can be released and the remaining cancel_at can be cleared.,
sub_1QoVBRE2kujhweZxoFedNGUm,cus_Rhv0axP5sBCJiv,active,2025-02-03,2075-02-03,2028-02-03,1833218389,2028-02-03,False,sub_sched_1QoVBRE2kujhweZx75s26nTN,active,cancel,1,2028-02-03,"[{""end_date"": ""2028-02-03"", ""items"": [{""price_id"": ""price_1PahsjE2kujhweZxZUnm9a53"", ""quantity"": 1}, {""price_id"": ""price_1TdNFME2kujhweZxNW2syJoM"", ""quantity"": 1}], ""proration_behavior"": ""none"", ""start_date"": ""2026-06-01""}]",True,True,[],would_release_schedule,True,Subscription has one active schedule phase with end_behavior=cancel. The schedule can be released and the remaining cancel_at can be cleared.,
sub_1QoUtyE2kujhweZxIJLcdC0W,cus_Rhuh14UYeSWJg5,active,2025-02-03,2075-02-03,2028-02-03,1833217306,2028-02-03,False,sub_sched_1QoUtyE2kujhweZxOIyDCL66,active,cancel,1,2028-02-03,"[{""end_date"": ""2028-02-03"", ""items"": [{""price_id"": ""price_1PahsjE2kujhweZxZUnm9a53"", ""quantity"": 1}, {""price_id"": ""price_1TdNFOE2kujhweZxxqAx0ynu"", ""quantity"": 1}], ""proration_behavior"": ""none"", ""start_date"": ""2026-06-01""}]",True,True,[],would_release_schedule,True,Subscription has one active schedule phase with end_behavior=cancel. The schedule can be released and the remaining cancel_at can be cleared.,
sub_1QoUq2E2kujhweZxeDlCgTCR,cus_Rhue1BlKTDZkKN,active,2025-02-03,2075-02-03,2028-02-03,1833217062,2028-02-03,False,sub_sched_1QoUq2E2kujhweZxu2Mei9WI,active,cancel,1,2028-02-03,"[{""end_date"": ""2028-02-03"", ""items"": [{""price_id"": ""price_1PahsjE2kujhweZxZUnm9a53"", ""quantity"": 1}, {""price_id"": ""price_1TdNFPE2kujhweZxTYaB1BJ8"", ""quantity"": 1}], ""proration_behavior"": ""none"", ""start_date"": ""2026-06-01""}]",True,True,[],would_release_schedule,True,Subscription has one active schedule phase with end_behavior=cancel. The schedule can be released and the remaining cancel_at can be cleared.,
sub_1Qlve7E2kujhweZxNdbJwPHB,cus_RfG9qhkrwXydPQ,active,2025-01-27,2075-01-27,2028-01-27,1832605127,2028-01-27,False,sub_sched_1Qlve7E2kujhweZxcOCCzBKr,active,cancel,1,2028-01-27,"[{""end_date"": ""2028-01-27"", ""items"": [{""price_id"": ""price_1PahsjE2kujhweZxZUnm9a53"", ""quantity"": 1}, {""price_id"": ""price_1TdNFRE2kujhweZxiNATQHOU"", ""quantity"": 1}], ""proration_behavior"": ""none"", ""start_date"": ""2026-06-01""}]",True,True,[],would_release_schedule,True,Subscription has one active schedule phase with end_behavior=cancel. The schedule can be released and the remaining cancel_at can be cleared.,
sub_1QlvaxE2kujhweZxmrEbIngd,cus_RfG6PjLBz8n2L3,active,2025-01-27,2075-01-27,2028-01-27,1832604931,2028-01-27,False,sub_sched_1QlvaxE2kujhweZxKw7AoJ0M,active,cancel,1,2028-01-27,"[{""end_date"": ""2028-01-27"", ""items"": [{""price_id"": ""price_1PahsjE2kujhweZxZUnm9a53"", ""quantity"": 1}, {""price_id"": ""price_1TdNFTE2kujhweZx6YicvjVN"", ""quantity"": 1}], ""proration_behavior"": ""none"", ""start_date"": ""2026-06-01""}]",True,True,[],would_release_schedule,True,Subscription has one active schedule phase with end_behavior=cancel. The schedule can be released and the remaining cancel_at can be cleared.,
sub_1QlvUcE2kujhweZxOzInMeXn,cus_RfG0if01m1oJ1n,active,2025-01-27,2075-01-27,2028-01-27,1832604537,2028-01-27,False,sub_sched_1QlvUbE2kujhweZxAu56rJiC,active,cancel,1,2028-01-27,"[{""end_date"": ""2028-01-27"", ""items"": [{""price_id"": ""price_1PahsjE2kujhweZxZUnm9a53"", ""quantity"": 1}, {""price_id"": ""price_1TdNFVE2kujhweZxfXskCwmJ"", ""quantity"": 1}], ""proration_behavior"": ""none"", ""start_date"": ""2026-06-01""}]",True,True,[],would_release_schedule,True,Subscription has one active schedule phase with end_behavior=cancel. The schedule can be released and the remaining cancel_at can be cleared.,
sub_1QjSvBE2kujhweZxQOtj5PwW,cus_RKMUSwyESXRk1e,active,2024-12-02,2074-12-02,2027-12-02,1827720891,2027-12-02,False,sub_sched_1QjSvBE2kujhweZxmuFO0Gdk,active,cancel,1,2027-12-02,"[{""end_date"": ""2027-12-02"", ""items"": [{""price_id"": ""price_1PahsjE2kujhweZxZUnm9a53"", ""quantity"": 1}, {""price_id"": ""price_1TdNFWE2kujhweZxKi0yRCTI"", ""quantity"": 1}], ""proration_behavior"": ""none"", ""start_date"": ""2026-06-01""}]",True,True,[],would_release_schedule,True,Subscription has one active schedule phase with end_behavior=cancel. The schedule can be released and the remaining cancel_at can be cleared.,
sub_1QjRo2E2kujhweZxj8H3cImc,cus_RchCjdxQdtx7xH,active,2025-01-20,2075-01-20,2028-01-20,1832013766,2028-01-20,False,sub_sched_1QjRo2E2kujhweZxmzEDt6gu,active,cancel,1,2028-01-20,"[{""end_date"": ""2028-01-20"", ""items"": [{""price_id"": ""price_1PahsjE2kujhweZxZUnm9a53"", ""quantity"": 1}, {""price_id"": ""price_1TdNFYE2kujhweZxRHYa9u5d"", ""quantity"": 1}], ""proration_behavior"": ""none"", ""start_date"": ""2026-06-01""}]",True,True,[],would_release_schedule,True,Subscription has one active schedule phase with end_behavior=cancel. The schedule can be released and the remaining cancel_at can be cleared.,
sub_1QjRloE2kujhweZxX6SPmI1a,cus_Rch9jgkC1D0UwJ,active,2025-01-20,2075-01-20,2028-01-20,1832013628,2028-01-20,False,sub_sched_1QjRloE2kujhweZxapR5jsZ6,active,cancel,1,2028-01-20,"[{""end_date"": ""2028-01-20"", ""items"": [{""price_id"": ""price_1PahsjE2kujhweZxZUnm9a53"", ""quantity"": 1}, {""price_id"": ""price_1TdNFaE2kujhweZxRVRulzsi"", ""quantity"": 1}], ""proration_behavior"": ""none"", ""start_date"": ""2026-06-01""}]",True,True,[],would_release_schedule,True,Subscription has one active schedule phase with end_behavior=cancel. The schedule can be released and the remaining cancel_at can be cleared.,
sub_1QjRiQE2kujhweZxM0b8KuXg,cus_Rch5q1NzNUnO6b,active,2025-01-20,2075-01-20,2028-01-20,1832013418,2028-01-20,False,sub_sched_1QjRiQE2kujhweZxxasYZiqj,active,cancel,1,2028-01-20,"[{""end_date"": ""2028-01-20"", ""items"": [{""price_id"": ""price_1PahsjE2kujhweZxZUnm9a53"", ""quantity"": 1}, {""price_id"": ""price_1TdNFbE2kujhweZxczC1lftR"", ""quantity"": 1}], ""proration_behavior"": ""none"", ""start_date"": ""2026-06-01""}]",True,True,[],would_release_schedule,True,Subscription has one active schedule phase with end_behavior=cancel. The schedule can be released and the remaining cancel_at can be cleared.,
sub_1QjRf0E2kujhweZxjRyj00jg,cus_RcgaHo2WO4w4Df,active,2025-01-20,2075-01-20,2028-01-20,1832013206,2028-01-20,False,sub_sched_1QjRf0E2kujhweZxbbmw6cB3,active,cancel,1,2028-01-20,"[{""end_date"": ""2028-01-20"", ""items"": [{""price_id"": ""price_1PahsjE2kujhweZxZUnm9a53"", ""quantity"": 1}, {""price_id"": ""price_1TdNFeE2kujhweZxdqkCviyf"", ""quantity"": 1}], ""proration_behavior"": ""none"", ""start_date"": ""2026-06-01""}]",True,True,[],would_release_schedule,True,Subscription has one active schedule phase with end_behavior=cancel. The schedule can be released and the remaining cancel_at can be cleared.,
sub_1QhlBjE2kujhweZxfFyEKcdW,cus_R2fhs5XdfAMQxa,active,2024-10-16,2074-10-16,2027-10-16,1823660099,2027-10-16,False,sub_sched_1QdE4BE2kujhweZxiqijfPJa,active,cancel,1,2027-10-16,"[{""end_date"": ""2027-10-16"", ""items"": [{""price_id"": ""price_1PahsjE2kujhweZxZUnm9a53"", ""quantity"": 1}, {""price_id"": ""price_1TdNFfE2kujhweZxRAGrzcAz"", ""quantity"": 1}], ""proration_behavior"": ""none"", ""start_date"": ""2026-06-01""}]",True,True,[],would_release_schedule,True,Subscription has one active schedule phase with end_behavior=cancel. The schedule can be released and the remaining cancel_at can be cleared.,
sub_1QZJR9E2kujhweZxZqtJlZyF,cus_RSDsNQaQjWAB8C,active,2024-12-23,2074-12-23,2027-12-23,1829598315,2027-12-23,False,sub_sched_1QZJR9E2kujhweZxnnocNBFd,active,cancel,1,2027-12-23,"[{""end_date"": ""2027-12-23"", ""items"": [{""price_id"": ""price_1PahsjE2kujhweZxZUnm9a53"", ""quantity"": 1}, {""price_id"": ""price_1TdNFhE2kujhweZxHgGe5cTp"", ""quantity"": 1}], ""proration_behavior"": ""none"", ""start_date"": ""2026-06-01""}]",True,True,[],would_release_schedule,True,Subscription has one active schedule phase with end_behavior=cancel. The schedule can be released and the remaining cancel_at can be cleared.,
sub_1QZJOyE2kujhweZxC4UZICwl,cus_RSDqvklqm1QppS,active,2024-12-23,2074-12-23,2027-12-23,1829598180,2027-12-23,False,sub_sched_1QZJOyE2kujhweZxXEbCC6Sc,active,cancel,1,2027-12-23,"[{""end_date"": ""2027-12-23"", ""items"": [{""price_id"": ""price_1PahsjE2kujhweZxZUnm9a53"", ""quantity"": 1}, {""price_id"": ""price_1TdNFiE2kujhweZxa8MoJlf6"", ""quantity"": 1}], ""proration_behavior"": ""none"", ""start_date"": ""2026-06-01""}]",True,True,[],would_release_schedule,True,Subscription has one active schedule phase with end_behavior=cancel. The schedule can be released and the remaining cancel_at can be cleared.,
sub_1QZJLPE2kujhweZx7yduk8RQ,cus_RSDmT1TvlM0rS2,active,2024-12-23,2074-12-23,2027-12-23,1829597959,2027-12-23,False,sub_sched_1QZJLPE2kujhweZxbTCt8A0M,active,cancel,1,2027-12-23,"[{""end_date"": ""2027-12-23"", ""items"": [{""price_id"": ""price_1PahsjE2kujhweZxZUnm9a53"", ""quantity"": 1}, {""price_id"": ""price_1TdNFkE2kujhweZxH51Zd7bU"", ""quantity"": 1}], ""proration_behavior"": ""none"", ""start_date"": ""2026-06-01""}]",True,True,[],would_release_schedule,True,Subscription has one active schedule phase with end_behavior=cancel. The schedule can be released and the remaining cancel_at can be cleared.,
sub_1QZJFWE2kujhweZxGt8i7KxE,cus_RSDg3iJJV2uGjE,active,2024-12-23,2074-12-23,2027-12-23,1829597594,2027-12-23,False,sub_sched_1QZJFWE2kujhweZxE1M6i89d,active,cancel,1,2027-12-23,"[{""end_date"": ""2027-12-23"", ""items"": [{""price_id"": ""price_1PahsjE2kujhweZxZUnm9a53"", ""quantity"": 1}, {""price_id"": ""price_1TdNFnE2kujhweZxJhMCJisP"", ""quantity"": 1}], ""proration_behavior"": ""none"", ""start_date"": ""2026-06-01""}]",True,True,[],would_release_schedule,True,Subscription has one active schedule phase with end_behavior=cancel. The schedule can be released and the remaining cancel_at can be cleared.,
sub_1QZJCeE2kujhweZxpJtwuRYj,cus_RSDdFRSfHTu4mr,active,2024-12-23,2074-12-23,2027-12-23,1829597416,2027-12-23,False,sub_sched_1QZJCeE2kujhweZxKDamwUYC,active,cancel,1,2027-12-23,"[{""end_date"": ""2027-12-23"", ""items"": [{""price_id"": ""price_1PahsjE2kujhweZxZUnm9a53"", ""quantity"": 1}, {""price_id"": ""price_1TdNFpE2kujhweZxcgQhUDlc"", ""quantity"": 1}], ""proration_behavior"": ""none"", ""start_date"": ""2026-06-01""}]",True,True,[],would_release_schedule,True,Subscription has one active schedule phase with end_behavior=cancel. The schedule can be released and the remaining cancel_at can be cleared.,
sub_1QZJ7pE2kujhweZxQrBh1xQy,cus_RSDYjHTFQ0ysoD,active,2024-12-23,2074-12-23,2027-12-23,1829597117,2027-12-23,False,sub_sched_1QZJ7pE2kujhweZxfqFb1094,active,cancel,1,2027-12-23,"[{""end_date"": ""2027-12-23"", ""items"": [{""price_id"": ""price_1PahsjE2kujhweZxZUnm9a53"", ""quantity"": 1}, {""price_id"": ""price_1TdNFqE2kujhweZxk6DAX37g"", ""quantity"": 1}], ""proration_behavior"": ""none"", ""start_date"": ""2026-06-01""}]",True,True,[],would_release_schedule,True,Subscription has one active schedule phase with end_behavior=cancel. The schedule can be released and the remaining cancel_at can be cleared.,
sub_1QXsOTE2kujhweZxoDx1x4ji,cus_RQjrT7ajPUGZUT,active,2024-12-19,2074-12-19,2027-12-19,1829256032,2027-12-19,False,sub_sched_1QXsOSE2kujhweZxo2j76El2,active,cancel,1,2027-12-19,"[{""end_date"": ""2027-12-19"", ""items"": [{""price_id"": ""price_1PahsjE2kujhweZxZUnm9a53"", ""quantity"": 1}, {""price_id"": ""price_1TdNFsE2kujhweZxoF4zsbg3"", ""quantity"": 1}], ""proration_behavior"": ""none"", ""start_date"": ""2026-06-01""}]",True,True,[],would_release_schedule,True,Subscription has one active schedule phase with end_behavior=cancel. The schedule can be released and the remaining cancel_at can be cleared.,
sub_1QXsMQE2kujhweZxoOAognv6,cus_RQjpj6jRNV3Wco,active,2024-12-19,2074-12-19,2027-12-19,1829255906,2027-12-19,False,sub_sched_1QXsMQE2kujhweZxu7HMaQhU,active,cancel,1,2027-12-19,"[{""end_date"": ""2027-12-19"", ""items"": [{""price_id"": ""price_1PahsjE2kujhweZxZUnm9a53"", ""quantity"": 1}, {""price_id"": ""price_1TdNFuE2kujhweZx3pFqsbdy"", ""quantity"": 1}], ""proration_behavior"": ""none"", ""start_date"": ""2026-06-01""}]",True,True,[],would_release_schedule,True,Subscription has one active schedule phase with end_behavior=cancel. The schedule can be released and the remaining cancel_at can be cleared.,
sub_1QXsKRE2kujhweZxFz3ecKam,cus_RQjmwX78BjEsIq,active,2024-12-19,2074-12-19,2027-12-19,1829255783,2027-12-19,False,sub_sched_1QXsKRE2kujhweZxvvP8mrfv,active,cancel,1,2027-12-19,"[{""end_date"": ""2027-12-19"", ""items"": [{""price_id"": ""price_1PahsjE2kujhweZxZUnm9a53"", ""quantity"": 1}, {""price_id"": ""price_1TdNFwE2kujhweZxCO4IWk5y"", ""quantity"": 1}], ""proration_behavior"": ""none"", ""start_date"": ""2026-06-01""}]",True,True,[],would_release_schedule,True,Subscription has one active schedule phase with end_behavior=cancel. The schedule can be released and the remaining cancel_at can be cleared.,
sub_1QXsHaE2kujhweZxl1XeGpja,cus_RQjkLp5xkOL6kS,active,2024-12-19,2074-12-19,2027-12-19,1829255606,2027-12-19,False,sub_sched_1QXsHaE2kujhweZxCDGLAtzA,active,cancel,1,2027-12-19,"[{""end_date"": ""2027-12-19"", ""items"": [{""price_id"": ""price_1PahsjE2kujhweZxZUnm9a53"", ""quantity"": 1}, {""price_id"": ""price_1TdNFxE2kujhweZx5RT31Yew"", ""quantity"": 1}], ""proration_behavior"": ""none"", ""start_date"": ""2026-06-01""}]",True,True,[],would_release_schedule,True,Subscription has one active schedule phase with end_behavior=cancel. The schedule can be released and the remaining cancel_at can be cleared.,
sub_1QXsEDE2kujhweZxrELhIkp9,cus_RQjgORudsGXnoo,active,2024-12-19,2074-12-19,2027-12-19,1829255397,2027-12-19,False,sub_sched_1QXsEDE2kujhweZxWWi7UHf5,active,cancel,1,2027-12-19,"[{""end_date"": ""2027-12-19"", ""items"": [{""price_id"": ""price_1PahsjE2kujhweZxZUnm9a53"", ""quantity"": 1}, {""price_id"": ""price_1TdNFzE2kujhweZxRnFInplL"", ""quantity"": 1}], ""proration_behavior"": ""none"", ""start_date"": ""2026-06-01""}]",True,True,[],would_release_schedule,True,Subscription has one active schedule phase with end_behavior=cancel. The schedule can be released and the remaining cancel_at can be cleared.,
sub_1QUEeRE2kujhweZxv07u1GbI,cus_RMybLmq6zQBu0J,active,2024-12-09,2074-12-09,2027-12-09,1828388279,2027-12-09,False,sub_sched_1QUEeRE2kujhweZxEXlYX5RM,active,cancel,1,2027-12-09,"[{""end_date"": ""2027-12-09"", ""items"": [{""price_id"": ""price_1PahsjE2kujhweZxZUnm9a53"", ""quantity"": 1}, {""price_id"": ""price_1TdNG1E2kujhweZxSGGtRcHz"", ""quantity"": 1}], ""proration_behavior"": ""none"", ""start_date"": ""2026-06-01""}]",True,True,[],would_release_schedule,True,Subscription has one active schedule phase with end_behavior=cancel. The schedule can be released and the remaining cancel_at can be cleared.,
sub_1QUEbRE2kujhweZxtBSgYjsR,cus_RMyX3Xs6yDA8aN,active,2024-12-09,2074-12-09,2027-12-09,1828388093,2027-12-09,False,sub_sched_1QUEbRE2kujhweZxxNGTKq3O,active,cancel,1,2027-12-09,"[{""end_date"": ""2027-12-09"", ""items"": [{""price_id"": ""price_1PahsjE2kujhweZxZUnm9a53"", ""quantity"": 1}, {""price_id"": ""price_1TdNG2E2kujhweZxXNjZqQfB"", ""quantity"": 1}], ""proration_behavior"": ""none"", ""start_date"": ""2026-06-01""}]",True,True,[],would_release_schedule,True,Subscription has one active schedule phase with end_behavior=cancel. The schedule can be released and the remaining cancel_at can be cleared.,
sub_1QUEXuE2kujhweZxcbgLSKzl,cus_RMyUwZfVsnM4pj,active,2024-12-09,2074-12-09,2027-12-09,1828387874,2027-12-09,False,sub_sched_1QUEXuE2kujhweZx5sYGXuTp,active,cancel,1,2027-12-09,"[{""end_date"": ""2027-12-09"", ""items"": [{""price_id"": ""price_1PahsjE2kujhweZxZUnm9a53"", ""quantity"": 1}, {""price_id"": ""price_1TdNG4E2kujhweZx3oGV4dor"", ""quantity"": 1}], ""proration_behavior"": ""none"", ""start_date"": ""2026-06-01""}]",True,True,[],would_release_schedule,True,Subscription has one active schedule phase with end_behavior=cancel. The schedule can be released and the remaining cancel_at can be cleared.,
sub_1QUEUtE2kujhweZxBJtZ5or6,cus_RMyQ8vrxYgWZGp,active,2024-12-09,2074-12-09,2027-12-09,1828387687,2027-12-09,False,sub_sched_1QUEUtE2kujhweZxIcDXTva2,active,cancel,1,2027-12-09,"[{""end_date"": ""2027-12-09"", ""items"": [{""price_id"": ""price_1PahsjE2kujhweZxZUnm9a53"", ""quantity"": 1}, {""price_id"": ""price_1TdNG6E2kujhweZxOMJJlVAg"", ""quantity"": 1}], ""proration_behavior"": ""none"", ""start_date"": ""2026-06-01""}]",True,True,[],would_release_schedule,True,Subscription has one active schedule phase with end_behavior=cancel. The schedule can be released and the remaining cancel_at can be cleared.,
sub_1QUERME2kujhweZxf0CIkYiU,cus_RMyN96V0twSf3r,active,2024-12-09,2074-12-09,2027-12-09,1828387468,2027-12-09,False,sub_sched_1QUERME2kujhweZxmwpeDbjE,active,cancel,1,2027-12-09,"[{""end_date"": ""2027-12-09"", ""items"": [{""price_id"": ""price_1PahsjE2kujhweZxZUnm9a53"", ""quantity"": 1}, {""price_id"": ""price_1TdNG7E2kujhweZxG5lfWqqG"", ""quantity"": 1}], ""proration_behavior"": ""none"", ""start_date"": ""2026-06-01""}]",True,True,[],would_release_schedule,True,Subscription has one active schedule phase with end_behavior=cancel. The schedule can be released and the remaining cancel_at can be cleared.,
sub_1QRhw6E2kujhweZxOkpS3RXt,cus_RKMe8Dm9HC3Ygm,active,2024-12-02,2074-12-02,2027-12-02,1827785866,2027-12-02,False,sub_sched_1QRhw6E2kujhweZx1qqQ5tty,active,cancel,1,2027-12-02,"[{""end_date"": ""2027-12-02"", ""items"": [{""price_id"": ""price_1PahsjE2kujhweZxZUnm9a53"", ""quantity"": 1}, {""price_id"": ""price_1TdNG9E2kujhweZxNw3Vvjnb"", ""quantity"": 1}], ""proration_behavior"": ""none"", ""start_date"": ""2026-06-01""}]",True,True,[],would_release_schedule,True,Subscription has one active schedule phase with end_behavior=cancel. The schedule can be released and the remaining cancel_at can be cleared.,
sub_1QRht2E2kujhweZxsNipVcls,cus_RKMbaRIB77WeLY,active,2024-12-02,2074-12-02,2027-12-02,1827785676,2027-12-02,False,sub_sched_1QRht2E2kujhweZxtHIl4YPT,active,cancel,1,2027-12-02,"[{""end_date"": ""2027-12-02"", ""items"": [{""price_id"": ""price_1PahsjE2kujhweZxZUnm9a53"", ""quantity"": 1}, {""price_id"": ""price_1TdNGBE2kujhweZxwpH8RIOs"", ""quantity"": 1}], ""proration_behavior"": ""none"", ""start_date"": ""2026-06-01""}]",True,True,[],would_release_schedule,True,Subscription has one active schedule phase with end_behavior=cancel. The schedule can be released and the remaining cancel_at can be cleared.,
sub_1QRhpdE2kujhweZxYrN6DrBk,cus_RKMY8aivxXV40L,active,2024-12-02,2074-12-02,2027-12-02,1827785465,2027-12-02,False,sub_sched_1QRhpdE2kujhweZxkj3UosNo,active,cancel,1,2027-12-02,"[{""end_date"": ""2027-12-02"", ""items"": [{""price_id"": ""price_1PahsjE2kujhweZxZUnm9a53"", ""quantity"": 1}, {""price_id"": ""price_1TdNGDE2kujhweZx3kw3yUwJ"", ""quantity"": 1}], ""proration_behavior"": ""none"", ""start_date"": ""2026-06-01""}]",True,True,[],would_release_schedule,True,Subscription has one active schedule phase with end_behavior=cancel. The schedule can be released and the remaining cancel_at can be cleared.,
sub_1QRhjjE2kujhweZxJ9oEhipe,cus_RKMRKCre3YXgtB,active,2024-12-02,2074-12-02,2027-12-02,1827785099,2027-12-02,False,sub_sched_1QRhjjE2kujhweZx93RKgFn2,active,cancel,1,2027-12-02,"[{""end_date"": ""2027-12-02"", ""items"": [{""price_id"": ""price_1PahsjE2kujhweZxZUnm9a53"", ""quantity"": 1}, {""price_id"": ""price_1TdNGEE2kujhweZxdwBZepfM"", ""quantity"": 1}], ""proration_behavior"": ""none"", ""start_date"": ""2026-06-01""}]",True,True,[],would_release_schedule,True,Subscription has one active schedule phase with end_behavior=cancel. The schedule can be released and the remaining cancel_at can be cleared.,
sub_1QRhc1E2kujhweZx9lSWawxE,cus_RKMJoQB6cGXSee,active,2024-12-02,2074-12-02,2027-12-02,1827784621,2027-12-02,False,sub_sched_1QRhc1E2kujhweZxSDF2rCtf,active,cancel,1,2027-12-02,"[{""end_date"": ""2027-12-02"", ""items"": [{""price_id"": ""price_1PahsjE2kujhweZxZUnm9a53"", ""quantity"": 1}, {""price_id"": ""price_1TdNGGE2kujhweZxyh3yKEzl"", ""quantity"": 1}], ""proration_behavior"": ""none"", ""start_date"": ""2026-06-01""}]",True,True,[],would_release_schedule,True,Subscription has one active schedule phase with end_behavior=cancel. The schedule can be released and the remaining cancel_at can be cleared.,
sub_1QRhZ1E2kujhweZxrhDQghGJ,cus_RKMGUvh1M14B4n,active,2024-12-02,2074-12-02,2027-12-02,1827784435,2027-12-02,False,sub_sched_1QRhZ1E2kujhweZxUxg8ITDU,active,cancel,1,2027-12-02,"[{""end_date"": ""2027-12-02"", ""items"": [{""price_id"": ""price_1PahsjE2kujhweZxZUnm9a53"", ""quantity"": 1}, {""price_id"": ""price_1TdNGJE2kujhweZx6ukqQCDF"", ""quantity"": 1}], ""proration_behavior"": ""none"", ""start_date"": ""2026-06-01""}]",True,True,[],would_release_schedule,True,Subscription has one active schedule phase with end_behavior=cancel. The schedule can be released and the remaining cancel_at can be cleared.,
sub_1QRhWWE2kujhweZxJPMeInwJ,cus_RKMEzSsdKOPvky,active,2024-12-02,2074-12-02,2027-12-02,1827784280,2027-12-02,False,sub_sched_1QRhWWE2kujhweZxQIh6zfaE,active,cancel,1,2027-12-02,"[{""end_date"": ""2027-12-02"", ""items"": [{""price_id"": ""price_1PahsjE2kujhweZxZUnm9a53"", ""quantity"": 1}, {""price_id"": ""price_1TdNGKE2kujhweZxI4Rm5dzG"", ""quantity"": 1}], ""proration_behavior"": ""none"", ""start_date"": ""2026-06-01""}]",True,True,[],would_release_schedule,True,Subscription has one active schedule phase with end_behavior=cancel. The schedule can be released and the remaining cancel_at can be cleared.,
sub_1QRhTQE2kujhweZxTWE3XSJe,cus_RKMBrocvAu6lCZ,active,2024-12-02,2074-12-02,2027-12-02,1827784088,2027-12-02,False,sub_sched_1QRhTQE2kujhweZxuIpimYgn,active,cancel,1,2027-12-02,"[{""end_date"": ""2027-12-02"", ""items"": [{""price_id"": ""price_1PahsjE2kujhweZxZUnm9a53"", ""quantity"": 1}, {""price_id"": ""price_1TdNGME2kujhweZxNWxDqbzF"", ""quantity"": 1}], ""proration_behavior"": ""none"", ""start_date"": ""2026-06-01""}]",True,True,[],would_release_schedule,True,Subscription has one active schedule phase with end_behavior=cancel. The schedule can be released and the remaining cancel_at can be cleared.,
sub_1QRhQEE2kujhweZxhqFzGPOW,cus_RKM6JqzKEnFDHi,active,2024-12-02,2074-12-02,2027-12-02,1827783890,2027-12-02,False,sub_sched_1QRhQEE2kujhweZxrQm6gW9o,active,cancel,1,2027-12-02,"[{""end_date"": ""2027-12-02"", ""items"": [{""price_id"": ""price_1PahsjE2kujhweZxZUnm9a53"", ""quantity"": 1}, {""price_id"": ""price_1TdNGNE2kujhweZx80uvyP3I"", ""quantity"": 1}], ""proration_behavior"": ""none"", ""start_date"": ""2026-06-01""}]",True,True,[],would_release_schedule,True,Subscription has one active schedule phase with end_behavior=cancel. The schedule can be released and the remaining cancel_at can be cleared.,
sub_1QP4L6E2kujhweZxuIvegakh,cus_RHdbrkHfOiLe5R,active,2024-11-25,2074-11-25,2027-11-25,1827157000,2027-11-25,False,sub_sched_1QP4L6E2kujhweZxnVi45RG1,active,cancel,1,2027-11-25,"[{""end_date"": ""2027-11-25"", ""items"": [{""price_id"": ""price_1PahsjE2kujhweZxZUnm9a53"", ""quantity"": 1}, {""price_id"": ""price_1TdNGPE2kujhweZxGrOeTqJN"", ""quantity"": 1}], ""proration_behavior"": ""none"", ""start_date"": ""2026-06-01""}]",True,True,[],would_release_schedule,True,Subscription has one active schedule phase with end_behavior=cancel. The schedule can be released and the remaining cancel_at can be cleared.,
sub_1QP4IaE2kujhweZxxQvPP4Up,cus_RHdYmD9KGzrAM7,active,2024-11-25,2074-11-25,2027-11-25,1827156843,2027-11-25,False,sub_sched_1QP4IaE2kujhweZxqDqgz9vm,active,cancel,1,2027-11-25,"[{""end_date"": ""2027-11-25"", ""items"": [{""price_id"": ""price_1PahsjE2kujhweZxZUnm9a53"", ""quantity"": 1}, {""price_id"": ""price_1TdNGRE2kujhweZx0JUxIoci"", ""quantity"": 1}], ""proration_behavior"": ""none"", ""start_date"": ""2026-06-01""}]",True,True,[],would_release_schedule,True,Subscription has one active schedule phase with end_behavior=cancel. The schedule can be released and the remaining cancel_at can be cleared.,
sub_1QP4FeE2kujhweZxysMCODCX,cus_RHdVTSNRIibLtF,active,2024-11-25,2074-11-25,2027-11-25,1827156662,2027-11-25,False,sub_sched_1QP4FeE2kujhweZxWBf6N9tY,active,cancel,1,2027-11-25,"[{""end_date"": ""2027-11-25"", ""items"": [{""price_id"": ""price_1PahsjE2kujhweZxZUnm9a53"", ""quantity"": 1}, {""price_id"": ""price_1TdilTE2kujhweZxLdgz7GSE"", ""quantity"": 1}], ""proration_behavior"": ""none"", ""start_date"": ""2026-06-02""}]",True,True,[],would_release_schedule,True,Subscription has one active schedule phase with end_behavior=cancel. The schedule can be released and the remaining cancel_at can be cleared.,
sub_1QP4CDE2kujhweZxG5U0Jjk3,cus_RHdSVKMumrsisj,active,2024-11-25,2074-11-25,2027-11-25,1827156449,2027-11-25,False,sub_sched_1QP4CDE2kujhweZxw0NLKnkZ,active,cancel,1,2027-11-25,"[{""end_date"": ""2027-11-25"", ""items"": [{""price_id"": ""price_1PahsjE2kujhweZxZUnm9a53"", ""quantity"": 1}, {""price_id"": ""price_1TdNGTE2kujhweZxn1eDcBIi"", ""quantity"": 1}], ""proration_behavior"": ""none"", ""start_date"": ""2026-06-01""}]",True,True,[],would_release_schedule,True,Subscription has one active schedule phase with end_behavior=cancel. The schedule can be released and the remaining cancel_at can be cleared.,
sub_1QP480E2kujhweZxXn9WR8DN,cus_RHdNOGOwXUn46A,active,2024-11-25,2074-11-25,2027-11-25,1827156188,2027-11-25,False,sub_sched_1QP480E2kujhweZxjJqec2M9,active,cancel,1,2027-11-25,"[{""end_date"": ""2027-11-25"", ""items"": [{""price_id"": ""price_1PahsjE2kujhweZxZUnm9a53"", ""quantity"": 1}, {""price_id"": ""price_1TdNGVE2kujhweZxUqagAohP"", ""quantity"": 1}], ""proration_behavior"": ""none"", ""start_date"": ""2026-06-01""}]",True,True,[],would_release_schedule,True,Subscription has one active schedule phase with end_behavior=cancel. The schedule can be released and the remaining cancel_at can be cleared.,
sub_1QMynTE2kujhweZxQpWHeK50,cus_RFTjtN0uNXjBdR,active,2024-11-19,2074-11-19,2027-11-19,1826659039,2027-11-19,False,sub_sched_1QMynTE2kujhweZxdVLHX5zH,active,cancel,1,2027-11-19,"[{""end_date"": ""2027-11-19"", ""items"": [{""price_id"": ""price_1PahsjE2kujhweZxZUnm9a53"", ""quantity"": 1}, {""price_id"": ""price_1TdNGWE2kujhweZx0b8EOPDf"", ""quantity"": 1}], ""proration_behavior"": ""none"", ""start_date"": ""2026-06-01""}]",True,True,[],would_release_schedule,True,Subscription has one active schedule phase with end_behavior=cancel. The schedule can be released and the remaining cancel_at can be cleared.,
sub_1QMymuE2kujhweZxhljrr0y9,cus_RFTgXEmYK1wsBa,active,2024-11-19,2074-11-19,2027-11-19,1826659004,2027-11-19,False,sub_sched_1QMymuE2kujhweZxm6rgdOrj,active,cancel,1,2027-11-19,"[{""end_date"": ""2027-11-19"", ""items"": [{""price_id"": ""price_1PahsjE2kujhweZxZUnm9a53"", ""quantity"": 1}, {""price_id"": ""price_1TdNGYE2kujhweZx7TXqvYA5"", ""quantity"": 1}], ""proration_behavior"": ""none"", ""start_date"": ""2026-06-01""}]",True,True,[],would_release_schedule,True,Subscription has one active schedule phase with end_behavior=cancel. The schedule can be released and the remaining cancel_at can be cleared.,
sub_1QMxwzE2kujhweZxvgyrmqHh,cus_RFSmoRBnvmzed8,active,2024-11-19,2074-11-19,2027-11-19,1826655785,2027-11-19,False,sub_sched_1QMxwzE2kujhweZxBAv2F3FJ,active,cancel,1,2027-11-19,"[{""end_date"": ""2027-11-19"", ""items"": [{""price_id"": ""price_1PahsjE2kujhweZxZUnm9a53"", ""quantity"": 1}, {""price_id"": ""price_1TdNGaE2kujhweZx3W03EfWY"", ""quantity"": 1}], ""proration_behavior"": ""none"", ""start_date"": ""2026-06-01""}]",True,True,[],would_release_schedule,True,Subscription has one active schedule phase with end_behavior=cancel. The schedule can be released and the remaining cancel_at can be cleared.,
sub_1QMxvGE2kujhweZx8QPnPJVo,cus_RFShiGKyJ2rRXZ,active,2024-11-19,2074-11-19,2027-11-19,1826655677,2027-11-19,False,sub_sched_1QMxvGE2kujhweZxlTjcOsPb,active,cancel,1,2027-11-19,"[{""end_date"": ""2027-11-19"", ""items"": [{""price_id"": ""price_1PahsjE2kujhweZxZUnm9a53"", ""quantity"": 1}, {""price_id"": ""price_1TdNGbE2kujhweZxuC7j5Sgr"", ""quantity"": 1}], ""proration_behavior"": ""none"", ""start_date"": ""2026-06-01""}]",True,True,[],would_release_schedule,True,Subscription has one active schedule phase with end_behavior=cancel. The schedule can be released and the remaining cancel_at can be cleared.,
sub_1QMxeyE2kujhweZxcxSvJWeh,cus_RFSQoGdn1z9v8i,active,2024-11-19,2074-11-19,2027-11-19,1826654668,2027-11-19,False,sub_sched_1QMxeyE2kujhweZxRzVkC512,active,cancel,1,2027-11-19,"[{""end_date"": ""2027-11-19"", ""items"": [{""price_id"": ""price_1PahsjE2kujhweZxZUnm9a53"", ""quantity"": 1}, {""price_id"": ""price_1TdNGdE2kujhweZxopVgNCNU"", ""quantity"": 1}], ""proration_behavior"": ""none"", ""start_date"": ""2026-06-01""}]",True,True,[],would_release_schedule,True,Subscription has one active schedule phase with end_behavior=cancel. The schedule can be released and the remaining cancel_at can be cleared.,
sub_1QMxHNE2kujhweZxCplRZtyI,cus_RFS6KyZozi8ZiQ,active,2024-11-19,2074-11-19,2027-11-19,1826653205,2027-11-19,False,sub_sched_1QMxHNE2kujhweZxn3tkMegp,active,cancel,1,2027-11-19,"[{""end_date"": ""2027-11-19"", ""items"": [{""price_id"": ""price_1PahsjE2kujhweZxZUnm9a53"", ""quantity"": 1}, {""price_id"": ""price_1TdNGfE2kujhweZxwq2WBb29"", ""quantity"": 1}], ""proration_behavior"": ""none"", ""start_date"": ""2026-06-01""}]",True,True,[],would_release_schedule,True,Subscription has one active schedule phase with end_behavior=cancel. The schedule can be released and the remaining cancel_at can be cleared.,
sub_1QMxG3E2kujhweZxPl7RBBxW,cus_RFRzrBqqYeldZ1,active,2024-11-19,2074-11-19,2027-11-19,1826653123,2027-11-19,False,sub_sched_1QMxG3E2kujhweZx64n0DkhV,active,cancel,1,2027-11-19,"[{""end_date"": ""2027-11-19"", ""items"": [{""price_id"": ""price_1PahsjE2kujhweZxZUnm9a53"", ""quantity"": 1}, {""price_id"": ""price_1TdNGgE2kujhweZxqLxMpKbK"", ""quantity"": 1}], ""proration_behavior"": ""none"", ""start_date"": ""2026-06-01""}]",True,True,[],would_release_schedule,True,Subscription has one active schedule phase with end_behavior=cancel. The schedule can be released and the remaining cancel_at can be cleared.,
sub_1QKolBE2kujhweZxKmVpD31b,cus_QhMs8bFhR0kQFV,active,2024-08-20,2074-08-20,2027-08-20,1818735364,2027-08-20,False,sub_sched_1QKolBE2kujhweZxkTzSI7lE,active,cancel,1,2027-08-20,"[{""end_date"": ""2027-08-20"", ""items"": [{""price_id"": ""price_1PahsjE2kujhweZxZUnm9a53"", ""quantity"": 1}, {""price_id"": ""price_1TdNGiE2kujhweZxC7uyIAEy"", ""quantity"": 1}], ""proration_behavior"": ""none"", ""start_date"": ""2026-06-01""}]",True,True,[],would_release_schedule,True,Subscription has one active schedule phase with end_behavior=cancel. The schedule can be released and the remaining cancel_at can be cleared.,
sub_1QKoKOE2kujhweZxNQKrKBTy,cus_QPlm9emZfC2aF9,active,2024-07-04,2074-07-04,2027-07-04,1814674566,2027-07-04,False,sub_sched_1QKoKOE2kujhweZxdgqlYF7h,active,cancel,1,2027-07-04,"[{""end_date"": ""2027-07-04"", ""items"": [{""price_id"": ""price_1PahsjE2kujhweZxZUnm9a53"", ""quantity"": 1}, {""price_id"": ""price_1TdNGkE2kujhweZxfscMoNSO"", ""quantity"": 1}], ""proration_behavior"": ""none"", ""start_date"": ""2026-06-01""}]",True,True,[],would_release_schedule,True,Subscription has one active schedule phase with end_behavior=cancel. The schedule can be released and the remaining cancel_at can be cleared.,
sub_1QK3puE2kujhweZxShIQ5pod,cus_RCSg7b708ABtzs,active,2024-11-11,2074-11-11,2027-11-11,1825963426,2027-11-11,False,sub_sched_1QK3puE2kujhweZxK8twLXfr,active,cancel,1,2027-11-11,"[{""end_date"": ""2027-11-11"", ""items"": [{""price_id"": ""price_1PahsjE2kujhweZxZUnm9a53"", ""quantity"": 1}, {""price_id"": ""price_1TdNGmE2kujhweZxHrg5a8MP"", ""quantity"": 1}], ""proration_behavior"": ""none"", ""start_date"": ""2026-06-01""}]",True,True,[],would_release_schedule,True,Subscription has one active schedule phase with end_behavior=cancel. The schedule can be released and the remaining cancel_at can be cleared.,
sub_1QHq9DE2kujhweZxp8YHzn9h,cus_RAAO7jpvXmVwAk,active,2024-11-05,2074-11-05,2027-11-05,1825434151,2027-11-05,False,sub_sched_1QHq9DE2kujhweZxB1lQyzYV,active,cancel,1,2027-11-05,"[{""end_date"": ""2027-11-05"", ""items"": [{""price_id"": ""price_1PahsjE2kujhweZxZUnm9a53"", ""quantity"": 1}, {""price_id"": ""price_1TdNGoE2kujhweZxCQPNxpUx"", ""quantity"": 1}], ""proration_behavior"": ""none"", ""start_date"": ""2026-06-01""}]",True,True,[],would_release_schedule,True,Subscription has one active schedule phase with end_behavior=cancel. The schedule can be released and the remaining cancel_at can be cleared.,
sub_1QHq6eE2kujhweZxzsLAGG2l,cus_RAAK9LkyPPBrLE,active,2024-11-05,2074-11-05,2027-11-05,1825433992,2027-11-05,False,sub_sched_1QHq6eE2kujhweZxQDVAwomW,active,cancel,1,2027-11-05,"[{""end_date"": ""2027-11-05"", ""items"": [{""price_id"": ""price_1PahsjE2kujhweZxZUnm9a53"", ""quantity"": 1}, {""price_id"": ""price_1TdNGpE2kujhweZxR0n4PCQi"", ""quantity"": 1}], ""proration_behavior"": ""none"", ""start_date"": ""2026-06-01""}]",True,True,[],would_release_schedule,True,Subscription has one active schedule phase with end_behavior=cancel. The schedule can be released and the remaining cancel_at can be cleared.,
sub_1QHq4GE2kujhweZxn602QqLF,cus_RAAHQ6wEChoszl,active,2024-11-05,2074-11-05,2027-11-05,1825433844,2027-11-05,False,sub_sched_1QHq4GE2kujhweZxcveYI11q,active,cancel,1,2027-11-05,"[{""end_date"": ""2027-11-05"", ""items"": [{""price_id"": ""price_1PahsjE2kujhweZxZUnm9a53"", ""quantity"": 1}, {""price_id"": ""price_1TdNGrE2kujhweZxF9eGimeO"", ""quantity"": 1}], ""proration_behavior"": ""none"", ""start_date"": ""2026-06-01""}]",True,True,[],would_release_schedule,True,Subscription has one active schedule phase with end_behavior=cancel. The schedule can be released and the remaining cancel_at can be cleared.,
sub_1QHpv3E2kujhweZxFcMjOqHz,cus_RAACorWrDulPbS,active,2024-11-05,2074-11-05,2027-11-05,1825433273,2027-11-05,False,sub_sched_1QHpv3E2kujhweZxD0Onziu2,active,cancel,1,2027-11-05,"[{""end_date"": ""2027-11-05"", ""items"": [{""price_id"": ""price_1PahsjE2kujhweZxZUnm9a53"", ""quantity"": 1}, {""price_id"": ""price_1TdNGsE2kujhweZxDIT2bbUO"", ""quantity"": 1}], ""proration_behavior"": ""none"", ""start_date"": ""2026-06-01""}]",True,True,[],would_release_schedule,True,Subscription has one active schedule phase with end_behavior=cancel. The schedule can be released and the remaining cancel_at can be cleared.,
sub_1QFGMyE2kujhweZxEKuQhWMd,cus_R7VNqF4BLJZKEk,active,2024-10-29,2074-10-29,2027-10-29,1824819964,2027-10-29,False,sub_sched_1QFGMyE2kujhweZxIODEmPKr,active,cancel,1,2027-10-29,"[{""end_date"": ""2027-10-29"", ""items"": [{""price_id"": ""price_1PahsjE2kujhweZxZUnm9a53"", ""quantity"": 1}, {""price_id"": ""price_1TdNGuE2kujhweZxkw4sf2Q6"", ""quantity"": 1}], ""proration_behavior"": ""none"", ""start_date"": ""2026-06-01""}]",True,True,[],would_release_schedule,True,Subscription has one active schedule phase with end_behavior=cancel. The schedule can be released and the remaining cancel_at can be cleared.,
sub_1QFGKBE2kujhweZxsMgySQ7d,cus_R7VKxdZioyo9Wj,active,2024-10-29,2074-10-29,2027-10-29,1824819791,2027-10-29,False,sub_sched_1QFGKBE2kujhweZxBGb7uqKQ,active,cancel,1,2027-10-29,"[{""end_date"": ""2027-10-29"", ""items"": [{""price_id"": ""price_1PahsjE2kujhweZxZUnm9a53"", ""quantity"": 1}, {""price_id"": ""price_1TdNGwE2kujhweZxOvtA9Kuu"", ""quantity"": 1}], ""proration_behavior"": ""none"", ""start_date"": ""2026-06-01""}]",True,True,[],would_release_schedule,True,Subscription has one active schedule phase with end_behavior=cancel. The schedule can be released and the remaining cancel_at can be cleared.,
sub_1QFGHCE2kujhweZx4aNGlAFd,cus_R7VFuuhyKz8nZa,active,2024-10-29,2074-10-29,2027-10-29,1824819606,2027-10-29,False,sub_sched_1QFGHCE2kujhweZxqPagr463,active,cancel,1,2027-10-29,"[{""end_date"": ""2027-10-29"", ""items"": [{""price_id"": ""price_1PahsjE2kujhweZxZUnm9a53"", ""quantity"": 1}, {""price_id"": ""price_1TdNGxE2kujhweZxQsUUqEQv"", ""quantity"": 1}], ""proration_behavior"": ""none"", ""start_date"": ""2026-06-01""}]",True,True,[],would_release_schedule,True,Subscription has one active schedule phase with end_behavior=cancel. The schedule can be released and the remaining cancel_at can be cleared.,
sub_1QFGGWE2kujhweZxX2U2kAK5,cus_R7VDI8KbeKMcUB,active,2024-10-29,2074-10-29,2027-10-29,1824819564,2027-10-29,False,sub_sched_1QFGGWE2kujhweZxZXKzArMM,active,cancel,1,2027-10-29,"[{""end_date"": ""2027-10-29"", ""items"": [{""price_id"": ""price_1PahsjE2kujhweZxZUnm9a53"", ""quantity"": 1}, {""price_id"": ""price_1TdNGzE2kujhweZxofzOalyg"", ""quantity"": 1}], ""proration_behavior"": ""none"", ""start_date"": ""2026-06-01""}]",True,True,[],would_release_schedule,True,Subscription has one active schedule phase with end_behavior=cancel. The schedule can be released and the remaining cancel_at can be cleared.,
sub_1QD5VZE2kujhweZxLqluje9l,cus_R5G0a8ogsB1FC0,active,2024-10-23,2074-10-23,2027-10-23,1824301557,2027-10-23,False,sub_sched_1QD5VZE2kujhweZxQYTZ6Sl0,active,cancel,1,2027-10-23,"[{""end_date"": ""2027-10-23"", ""items"": [{""price_id"": ""price_1PahsjE2kujhweZxZUnm9a53"", ""quantity"": 1}, {""price_id"": ""price_1TdNH1E2kujhweZxKH5Wqw0J"", ""quantity"": 1}], ""proration_behavior"": ""none"", ""start_date"": ""2026-06-01""}]",True,True,[],would_release_schedule,True,Subscription has one active schedule phase with end_behavior=cancel. The schedule can be released and the remaining cancel_at can be cleared.,
sub_1QD5TBE2kujhweZxStRoUkrO,cus_R5FybAfkYyf9pb,active,2024-10-23,2074-10-23,2027-10-23,1824301409,2027-10-23,False,sub_sched_1QD5TBE2kujhweZxdtw9yFBz,active,cancel,1,2027-10-23,"[{""end_date"": ""2027-10-23"", ""items"": [{""price_id"": ""price_1PahsjE2kujhweZxZUnm9a53"", ""quantity"": 1}, {""price_id"": ""price_1TdNH3E2kujhweZxSmQXlLX5"", ""quantity"": 1}], ""proration_behavior"": ""none"", ""start_date"": ""2026-06-01""}]",True,True,[],would_release_schedule,True,Subscription has one active schedule phase with end_behavior=cancel. The schedule can be released and the remaining cancel_at can be cleared.,
sub_1QD5PYE2kujhweZxHULwzBaq,cus_R5FuUUPlLlsWWS,active,2024-10-23,2074-10-23,2027-10-23,1824301184,2027-10-23,False,sub_sched_1QD5PYE2kujhweZxo1HhkR6T,active,cancel,1,2027-10-23,"[{""end_date"": ""2027-10-23"", ""items"": [{""price_id"": ""price_1PahsjE2kujhweZxZUnm9a53"", ""quantity"": 1}, {""price_id"": ""price_1TdNH4E2kujhweZx6lnfKzIk"", ""quantity"": 1}], ""proration_behavior"": ""none"", ""start_date"": ""2026-06-01""}]",True,True,[],would_release_schedule,True,Subscription has one active schedule phase with end_behavior=cancel. The schedule can be released and the remaining cancel_at can be cleared.,
sub_1QD5MqE2kujhweZxqRxswTlB,cus_R5FskB0clO6e8v,active,2024-10-23,2074-10-23,2027-10-23,1824301016,2027-10-23,False,sub_sched_1QD5MqE2kujhweZxuSdjIbnA,active,cancel,1,2027-10-23,"[{""end_date"": ""2027-10-23"", ""items"": [{""price_id"": ""price_1PahsjE2kujhweZxZUnm9a53"", ""quantity"": 1}, {""price_id"": ""price_1TdNH6E2kujhweZxLwharKlZ"", ""quantity"": 1}], ""proration_behavior"": ""none"", ""start_date"": ""2026-06-01""}]",True,True,[],would_release_schedule,True,Subscription has one active schedule phase with end_behavior=cancel. The schedule can be released and the remaining cancel_at can be cleared.,
sub_1QD5KQE2kujhweZxYjbvVOow,cus_R5FpnaGSFvOYm0,active,2024-10-23,2074-10-23,2027-10-23,1824300865,2027-10-23,False,sub_sched_1QD5KPE2kujhweZxKuAFo68P,active,cancel,1,2027-10-23,"[{""end_date"": ""2027-10-23"", ""items"": [{""price_id"": ""price_1PahsjE2kujhweZxZUnm9a53"", ""quantity"": 1}, {""price_id"": ""price_1TdNH8E2kujhweZxqF494nCd"", ""quantity"": 1}], ""proration_behavior"": ""none"", ""start_date"": ""2026-06-01""}]",True,True,[],would_release_schedule,True,Subscription has one active schedule phase with end_behavior=cancel. The schedule can be released and the remaining cancel_at can be cleared.,
sub_1QBL8GE2kujhweZxagt62gto,cus_R3QUtV8uY9T0MC,active,2024-10-18,2074-10-18,2027-10-18,1823884960,2027-10-18,False,sub_sched_1QBL8GE2kujhweZxgOvlRrA4,active,cancel,1,2027-10-18,"[{""end_date"": ""2027-10-18"", ""items"": [{""price_id"": ""price_1PahsjE2kujhweZxZUnm9a53"", ""quantity"": 1}, {""price_id"": ""price_1TdNH9E2kujhweZxwiKv5atZ"", ""quantity"": 1}], ""proration_behavior"": ""none"", ""start_date"": ""2026-06-01""}]",True,True,[],would_release_schedule,True,Subscription has one active schedule phase with end_behavior=cancel. The schedule can be released and the remaining cancel_at can be cleared.,
sub_1QBL7dE2kujhweZx87fQydtq,cus_R3QRAO8xOC3F06,active,2024-10-18,2074-10-18,2027-10-18,1823884921,2027-10-18,False,sub_sched_1QBL7dE2kujhweZxYRb147Jf,active,cancel,1,2027-10-18,"[{""end_date"": ""2027-10-18"", ""items"": [{""price_id"": ""price_1PahsjE2kujhweZxZUnm9a53"", ""quantity"": 1}, {""price_id"": ""price_1TdNHBE2kujhweZxUnZcz8u1"", ""quantity"": 1}], ""proration_behavior"": ""none"", ""start_date"": ""2026-06-01""}]",True,True,[],would_release_schedule,True,Subscription has one active schedule phase with end_behavior=cancel. The schedule can be released and the remaining cancel_at can be cleared.,
sub_1QBL6WE2kujhweZxLrTjsOAl,cus_R3QH1pp7XWtQQr,active,2024-10-18,2074-10-18,2027-10-18,1823884852,2027-10-18,False,sub_sched_1QBL6WE2kujhweZxgwNTYWil,active,cancel,1,2027-10-18,"[{""end_date"": ""2027-10-18"", ""items"": [{""price_id"": ""price_1PahsjE2kujhweZxZUnm9a53"", ""quantity"": 1}, {""price_id"": ""price_1TdNHDE2kujhweZxnspb1d9S"", ""quantity"": 1}], ""proration_behavior"": ""none"", ""start_date"": ""2026-06-01""}]",True,True,[],would_release_schedule,True,Subscription has one active schedule phase with end_behavior=cancel. The schedule can be released and the remaining cancel_at can be cleared.,
sub_1QBL5WE2kujhweZxweOVvQ2y,cus_R3QEczqNd5p6TX,active,2024-10-18,2074-10-18,2027-10-18,1823884790,2027-10-18,False,sub_sched_1QBL5WE2kujhweZxP9tYm7JO,active,cancel,1,2027-10-18,"[{""end_date"": ""2027-10-18"", ""items"": [{""price_id"": ""price_1PahsjE2kujhweZxZUnm9a53"", ""quantity"": 1}, {""price_id"": ""price_1TdNHEE2kujhweZxuuOybHM4"", ""quantity"": 1}], ""proration_behavior"": ""none"", ""start_date"": ""2026-06-01""}]",True,True,[],would_release_schedule,True,Subscription has one active schedule phase with end_behavior=cancel. The schedule can be released and the remaining cancel_at can be cleared.,
sub_1QBL4XE2kujhweZxD6jML3vj,cus_R3Q8Sa9drWLNnx,active,2024-10-18,2074-10-18,2027-10-18,1823884728,2027-10-18,False,sub_sched_1QBL4XE2kujhweZxbAPZr9gQ,active,cancel,1,2027-10-18,"[{""end_date"": ""2027-10-18"", ""items"": [{""price_id"": ""price_1PahsjE2kujhweZxZUnm9a53"", ""quantity"": 1}, {""price_id"": ""price_1TdNHGE2kujhweZx0KMzkqJJ"", ""quantity"": 1}], ""proration_behavior"": ""none"", ""start_date"": ""2026-06-01""}]",True,True,[],would_release_schedule,True,Subscription has one active schedule phase with end_behavior=cancel. The schedule can be released and the remaining cancel_at can be cleared.,
sub_1QAaWOE2kujhweZxpPK38z4n,cus_R2frlMzz3bUYXH,active,2024-10-16,2074-10-16,2027-10-16,1823705788,2027-10-16,False,sub_sched_1QAaWOE2kujhweZxumfLSbEp,active,cancel,1,2027-10-16,"[{""end_date"": ""2027-10-16"", ""items"": [{""price_id"": ""price_1TdNHIE2kujhweZxIJRb6PMJ"", ""quantity"": 1}, {""price_id"": ""price_1PahsjE2kujhweZxZUnm9a53"", ""quantity"": 1}], ""proration_behavior"": ""none"", ""start_date"": ""2026-06-01""}]",True,True,[],would_release_schedule,True,Subscription has one active schedule phase with end_behavior=cancel. The schedule can be released and the remaining cancel_at can be cleared.,
sub_1QAaUUE2kujhweZxGOh0OC2e,cus_R2fpJXd7Lwh5FF,active,2024-10-16,2074-10-16,2027-10-16,1823705670,2027-10-16,False,sub_sched_1QAaUUE2kujhweZxc2V6haHW,active,cancel,1,2027-10-16,"[{""end_date"": ""2027-10-16"", ""items"": [{""price_id"": ""price_1PahsjE2kujhweZxZUnm9a53"", ""quantity"": 1}, {""price_id"": ""price_1TdNHKE2kujhweZxFNJevK8E"", ""quantity"": 1}], ""proration_behavior"": ""none"", ""start_date"": ""2026-06-01""}]",True,True,[],would_release_schedule,True,Subscription has one active schedule phase with end_behavior=cancel. The schedule can be released and the remaining cancel_at can be cleared.,
sub_1QAaSmE2kujhweZxlKgImXaD,cus_R2foMs1JklRY0I,active,2024-10-16,2074-10-16,2027-10-16,1823705564,2027-10-16,False,sub_sched_1Tqz8xE2kujhweZxyGEbsKIt,active,cancel,1,2027-10-16,"[{""end_date"": ""2027-10-16"", ""items"": [{""price_id"": ""price_1PahsjE2kujhweZxZUnm9a53"", ""quantity"": 1}, {""price_id"": ""price_1TdNHNE2kujhweZxtF2pqhX0"", ""quantity"": 1}], ""proration_behavior"": ""none"", ""start_date"": ""2026-07-09""}]",True,True,[],would_release_schedule,True,Subscription has one active schedule phase with end_behavior=cancel. The schedule can be released and the remaining cancel_at can be cleared.,
sub_1QAaQfE2kujhweZxeYa2wdPx,cus_R2flAUwbzmKfsA,active,2024-10-16,2074-10-16,2027-10-16,1823705433,2027-10-16,False,sub_sched_1QAaQfE2kujhweZx4CiZH7O5,active,cancel,1,2027-10-16,"[{""end_date"": ""2027-10-16"", ""items"": [{""price_id"": ""price_1PahsjE2kujhweZxZUnm9a53"", ""quantity"": 1}, {""price_id"": ""price_1TdNHOE2kujhweZxvcovXdxy"", ""quantity"": 1}], ""proration_behavior"": ""none"", ""start_date"": ""2026-06-01""}]",True,True,[],would_release_schedule,True,Subscription has one active schedule phase with end_behavior=cancel. The schedule can be released and the remaining cancel_at can be cleared.,
sub_1QAaOhE2kujhweZx8NfB5Tn1,cus_R2fjM3qaHX6UgL,active,2024-10-16,2074-10-16,2027-10-16,1823705311,2027-10-16,False,sub_sched_1QAaOhE2kujhweZxvrgAaSvC,active,cancel,1,2027-10-16,"[{""end_date"": ""2027-10-16"", ""items"": [{""price_id"": ""price_1PahsjE2kujhweZxZUnm9a53"", ""quantity"": 1}, {""price_id"": ""price_1TdNHQE2kujhweZxDZQJhD5s"", ""quantity"": 1}], ""proration_behavior"": ""none"", ""start_date"": ""2026-06-01""}]",True,True,[],would_release_schedule,True,Subscription has one active schedule phase with end_behavior=cancel. The schedule can be released and the remaining cancel_at can be cleared.,
sub_1QAaKlE2kujhweZxeew0KqTt,cus_R2ffRBztGEyxTw,active,2024-10-16,2074-10-16,2027-10-16,1823705067,2027-10-16,False,sub_sched_1QAaKlE2kujhweZxT3X0XaAx,active,cancel,1,2027-10-16,"[{""end_date"": ""2027-10-16"", ""items"": [{""price_id"": ""price_1PahsjE2kujhweZxZUnm9a53"", ""quantity"": 1}, {""price_id"": ""price_1TdNHRE2kujhweZxvUKhbmrY"", ""quantity"": 1}], ""proration_behavior"": ""none"", ""start_date"": ""2026-06-01""}]",True,True,[],would_release_schedule,True,Subscription has one active schedule phase with end_behavior=cancel. The schedule can be released and the remaining cancel_at can be cleared.,
sub_1QAaGUE2kujhweZxH2ZNGBx6,cus_R2fbTXjWHCsvu6,active,2024-10-16,2074-10-16,2027-10-16,1823704802,2027-10-16,False,sub_sched_1QAaGUE2kujhweZxF8UDTBAx,active,cancel,1,2027-10-16,"[{""end_date"": ""2027-10-16"", ""items"": [{""price_id"": ""price_1PahsjE2kujhweZxZUnm9a53"", ""quantity"": 1}, {""price_id"": ""price_1TdNHUE2kujhweZxNSCtFNaI"", ""quantity"": 1}], ""proration_behavior"": ""none"", ""start_date"": ""2026-06-01""}]",True,True,[],would_release_schedule,True,Subscription has one active schedule phase with end_behavior=cancel. The schedule can be released and the remaining cancel_at can be cleared.,
sub_1QAaEIE2kujhweZx4ibsbvNz,cus_R2fYt98B8qi98e,active,2024-10-16,2074-10-16,2027-10-16,1823704666,2027-10-16,False,sub_sched_1QAaEIE2kujhweZxMhgsEZ8o,active,cancel,1,2027-10-16,"[{""end_date"": ""2027-10-16"", ""items"": [{""price_id"": ""price_1PahsjE2kujhweZxZUnm9a53"", ""quantity"": 1}, {""price_id"": ""price_1TdNHWE2kujhweZxmIu5YHcL"", ""quantity"": 1}], ""proration_behavior"": ""none"", ""start_date"": ""2026-06-01""}]",True,True,[],would_release_schedule,True,Subscription has one active schedule phase with end_behavior=cancel. The schedule can be released and the remaining cancel_at can be cleared.,
sub_1QAaBeE2kujhweZxG00CFd7N,cus_R2fWcOQPvFtRts,active,2024-10-16,2074-10-16,2027-10-16,1823704502,2027-10-16,False,sub_sched_1QAaBeE2kujhweZxHKRt30pt,active,cancel,1,2027-10-16,"[{""end_date"": ""2027-10-16"", ""items"": [{""price_id"": ""price_1PahsjE2kujhweZxZUnm9a53"", ""quantity"": 1}, {""price_id"": ""price_1TdNHYE2kujhweZxETt3InTO"", ""quantity"": 1}], ""proration_behavior"": ""none"", ""start_date"": ""2026-06-01""}]",True,True,[],would_release_schedule,True,Subscription has one active schedule phase with end_behavior=cancel. The schedule can be released and the remaining cancel_at can be cleared.,
sub_1QAa91E2kujhweZxHZvbBYfD,cus_R2fTC1G2v0dJIG,active,2024-10-16,2074-10-16,2027-10-16,1823704339,2027-10-16,False,sub_sched_1QAa91E2kujhweZxIwxYmxbu,active,cancel,1,2027-10-16,"[{""end_date"": ""2027-10-16"", ""items"": [{""price_id"": ""price_1PahsjE2kujhweZxZUnm9a53"", ""quantity"": 1}, {""price_id"": ""price_1TdNHZE2kujhweZxFpTK1veM"", ""quantity"": 1}], ""proration_behavior"": ""none"", ""start_date"": ""2026-06-01""}]",True,True,[],would_release_schedule,True,Subscription has one active schedule phase with end_behavior=cancel. The schedule can be released and the remaining cancel_at can be cleared.,
sub_1QAa6LE2kujhweZxRZ93639L,cus_R2fQUDErJP2R9t,active,2024-10-16,2074-10-16,2027-10-16,1823704173,2027-10-16,False,sub_sched_1QAa6LE2kujhweZxZXvSPZf6,active,cancel,1,2027-10-16,"[{""end_date"": ""2027-10-16"", ""items"": [{""price_id"": ""price_1PahsjE2kujhweZxZUnm9a53"", ""quantity"": 1}, {""price_id"": ""price_1TdNHbE2kujhweZxQuuKLLag"", ""quantity"": 1}], ""proration_behavior"": ""none"", ""start_date"": ""2026-06-01""}]",True,True,[],would_release_schedule,True,Subscription has one active schedule phase with end_behavior=cancel. The schedule can be released and the remaining cancel_at can be cleared.,
sub_1QAa2jE2kujhweZxZI69iZ2k,cus_R2fMm6MJkokXcL,active,2024-10-16,2074-10-16,2027-10-16,1823703948,2027-10-16,False,sub_sched_1QAa2iE2kujhweZxbkFyC9Z5,active,cancel,1,2027-10-16,"[{""end_date"": ""2027-10-16"", ""items"": [{""price_id"": ""price_1PahsjE2kujhweZxZUnm9a53"", ""quantity"": 1}, {""price_id"": ""price_1TdNHfE2kujhweZxzSkiBpSC"", ""quantity"": 1}], ""proration_behavior"": ""none"", ""start_date"": ""2026-06-01""}]",True,True,[],would_release_schedule,True,Subscription has one active schedule phase with end_behavior=cancel. The schedule can be released and the remaining cancel_at can be cleared.,
sub_1PxsucE2kujhweZx7TKz270r,cus_QpY0yM2BtcsLKo,active,2024-09-11,2074-09-11,2027-09-11,1820678218,2027-09-11,False,sub_sched_1PxsucE2kujhweZxb6lYDBDF,active,cancel,1,2027-09-11,"[{""end_date"": ""2027-09-11"", ""items"": [{""price_id"": ""price_1PahsjE2kujhweZxZUnm9a53"", ""quantity"": 1}, {""price_id"": ""price_1TdNHgE2kujhweZx8WIHEYHW"", ""quantity"": 1}], ""proration_behavior"": ""none"", ""start_date"": ""2026-06-01""}]",True,True,[],would_release_schedule,True,Subscription has one active schedule phase with end_behavior=cancel. The schedule can be released and the remaining cancel_at can be cleared.,
sub_1Pxsr7E2kujhweZx4yOkPQiT,cus_QpXwl8LxX7sDd4,active,2024-09-11,2074-09-11,2027-09-11,1820678001,2027-09-11,False,sub_sched_1Pxsr7E2kujhweZxws2XSeJP,active,cancel,1,2027-09-11,"[{""end_date"": ""2027-09-11"", ""items"": [{""price_id"": ""price_1PahsjE2kujhweZxZUnm9a53"", ""quantity"": 1}, {""price_id"": ""price_1TdNHiE2kujhweZxAZdjgtS6"", ""quantity"": 1}], ""proration_behavior"": ""none"", ""start_date"": ""2026-06-01""}]",True,True,[],would_release_schedule,True,Subscription has one active schedule phase with end_behavior=cancel. The schedule can be released and the remaining cancel_at can be cleared.,
sub_1PxsjeE2kujhweZxpu62QQO0,cus_QpXoJagb5m7T9h,active,2024-09-11,2074-09-11,2027-09-11,1820677538,2027-09-11,False,sub_sched_1PxsjeE2kujhweZxZNSV4jXc,active,cancel,1,2027-09-11,"[{""end_date"": ""2027-09-11"", ""items"": [{""price_id"": ""price_1PahsjE2kujhweZxZUnm9a53"", ""quantity"": 1}, {""price_id"": ""price_1TdNHkE2kujhweZx0MdvxZbh"", ""quantity"": 1}], ""proration_behavior"": ""none"", ""start_date"": ""2026-06-01""}]",True,True,[],would_release_schedule,True,Subscription has one active schedule phase with end_behavior=cancel. The schedule can be released and the remaining cancel_at can be cleared.,
sub_1PxsfnE2kujhweZxCn27qh8F,cus_QpXjKTX9v1HXy4,active,2024-09-11,2074-09-11,2027-09-11,1820677299,2027-09-11,False,sub_sched_1PxsfnE2kujhweZxFJ3zerQI,active,cancel,1,2027-09-11,"[{""end_date"": ""2027-09-11"", ""items"": [{""price_id"": ""price_1PahsjE2kujhweZxZUnm9a53"", ""quantity"": 1}, {""price_id"": ""price_1TdNHmE2kujhweZxsT4WfoP1"", ""quantity"": 1}], ""proration_behavior"": ""none"", ""start_date"": ""2026-06-01""}]",True,True,[],would_release_schedule,True,Subscription has one active schedule phase with end_behavior=cancel. The schedule can be released and the remaining cancel_at can be cleared.,
sub_1PxsaQE2kujhweZxwqDk02EV,cus_QpXehw7ZXy3sQL,active,2024-09-11,2074-09-11,2027-09-11,1820676965,2027-09-11,False,sub_sched_1PxsaPE2kujhweZxPxksT1yv,active,cancel,1,2027-09-11,"[{""end_date"": ""2027-09-11"", ""items"": [{""price_id"": ""price_1PahsjE2kujhweZxZUnm9a53"", ""quantity"": 1}, {""price_id"": ""price_1TdNHnE2kujhweZx3wEBsqFE"", ""quantity"": 1}], ""proration_behavior"": ""none"", ""start_date"": ""2026-06-01""}]",True,True,[],would_release_schedule,True,Subscription has one active schedule phase with end_behavior=cancel. The schedule can be released and the remaining cancel_at can be cleared.,
sub_1PxsMXE2kujhweZxxEDrLF6J,cus_QpXP5phhVtcpZ7,active,2024-09-11,2074-09-11,2027-09-11,1820676105,2027-09-11,False,sub_sched_1PxsMXE2kujhweZxmcy6R17X,active,cancel,1,2027-09-11,"[{""end_date"": ""2027-09-11"", ""items"": [{""price_id"": ""price_1PahsjE2kujhweZxZUnm9a53"", ""quantity"": 1}, {""price_id"": ""price_1TdNHpE2kujhweZxTSFjGFUf"", ""quantity"": 1}], ""proration_behavior"": ""none"", ""start_date"": ""2026-06-01""}]",True,True,[],would_release_schedule,True,Subscription has one active schedule phase with end_behavior=cancel. The schedule can be released and the remaining cancel_at can be cleared.,
sub_1PvLX5E2kujhweZxQgwbYY5K,cus_QmvNVTr8WE280F,active,2024-09-04,2074-09-04,2027-09-04,1820073251,2027-09-04,False,sub_sched_1PvLX5E2kujhweZx0FSup4FE,active,cancel,1,2027-09-04,"[{""end_date"": ""2027-09-04"", ""items"": [{""price_id"": ""price_1PahsjE2kujhweZxZUnm9a53"", ""quantity"": 1}, {""price_id"": ""price_1TdNHqE2kujhweZx2wYsMkXK"", ""quantity"": 1}], ""proration_behavior"": ""none"", ""start_date"": ""2026-06-01""}]",True,True,[],would_release_schedule,True,Subscription has one active schedule phase with end_behavior=cancel. The schedule can be released and the remaining cancel_at can be cleared.,
sub_1PvLUuE2kujhweZxPFCTZK3P,cus_QmvKRLiiXHcdQb,active,2024-09-04,2074-09-04,2027-09-04,1820073116,2027-09-04,False,sub_sched_1PvLUuE2kujhweZxqh509XMc,active,cancel,1,2027-09-04,"[{""end_date"": ""2027-09-04"", ""items"": [{""price_id"": ""price_1PahsjE2kujhweZxZUnm9a53"", ""quantity"": 1}, {""price_id"": ""price_1TdNHsE2kujhweZxnspNVuTK"", ""quantity"": 1}], ""proration_behavior"": ""none"", ""start_date"": ""2026-06-01""}]",True,True,[],would_release_schedule,True,Subscription has one active schedule phase with end_behavior=cancel. The schedule can be released and the remaining cancel_at can be cleared.,
sub_1PvLQaE2kujhweZxQKCSxaSe,cus_QmvGlSWlSobLFs,active,2024-09-04,2074-09-04,2027-09-04,1820072848,2027-09-04,False,sub_sched_1PvLQaE2kujhweZx5BrGAoUz,active,cancel,1,2027-09-04,"[{""end_date"": ""2027-09-04"", ""items"": [{""price_id"": ""price_1PahsjE2kujhweZxZUnm9a53"", ""quantity"": 1}, {""price_id"": ""price_1TdNHuE2kujhweZxR6xR8eCs"", ""quantity"": 1}], ""proration_behavior"": ""none"", ""start_date"": ""2026-06-01""}]",True,True,[],would_release_schedule,True,Subscription has one active schedule phase with end_behavior=cancel. The schedule can be released and the remaining cancel_at can be cleared.,
sub_1PvLNgE2kujhweZx3jFgP3hV,cus_QmvCjOogrzT3uJ,active,2024-09-04,2074-09-04,2027-09-04,1820072667,2027-09-04,False,sub_sched_1PvLNgE2kujhweZxHMOfG3W2,active,cancel,1,2027-09-04,"[{""end_date"": ""2027-09-04"", ""items"": [{""price_id"": ""price_1PahsjE2kujhweZxZUnm9a53"", ""quantity"": 1}, {""price_id"": ""price_1TdNHwE2kujhweZxdMrJqlDr"", ""quantity"": 1}], ""proration_behavior"": ""none"", ""start_date"": ""2026-06-01""}]",True,True,[],would_release_schedule,True,Subscription has one active schedule phase with end_behavior=cancel. The schedule can be released and the remaining cancel_at can be cleared.,
sub_1PvLJ9E2kujhweZxPDQ15Myn,cus_Qmv8hfX49rqj0V,active,2024-09-04,2074-09-04,2027-09-04,1820072387,2027-09-04,False,sub_sched_1PvLJ9E2kujhweZxX0xHUKO1,active,cancel,1,2027-09-04,"[{""end_date"": ""2027-09-04"", ""items"": [{""price_id"": ""price_1PahsjE2kujhweZxZUnm9a53"", ""quantity"": 1}, {""price_id"": ""price_1TdNHyE2kujhweZxDI22xqo1"", ""quantity"": 1}], ""proration_behavior"": ""none"", ""start_date"": ""2026-06-01""}]",True,True,[],would_release_schedule,True,Subscription has one active schedule phase with end_behavior=cancel. The schedule can be released and the remaining cancel_at can be cleared.,
sub_1PsmD6E2kujhweZxcfOoBkN6,cus_QkGk6oka9m7qsK,active,2024-08-28,2074-08-28,2027-08-28,1819460816,2027-08-28,False,sub_sched_1PsmD6E2kujhweZxvM5RngDo,active,cancel,1,2027-08-28,"[{""end_date"": ""2027-08-28"", ""items"": [{""price_id"": ""price_1PahsjE2kujhweZxZUnm9a53"", ""quantity"": 1}, {""price_id"": ""price_1TdNHzE2kujhweZxRoJRovaV"", ""quantity"": 1}], ""proration_behavior"": ""none"", ""start_date"": ""2026-06-01""}]",True,True,[],would_release_schedule,True,Subscription has one active schedule phase with end_behavior=cancel. The schedule can be released and the remaining cancel_at can be cleared.,
sub_1Psm6tE2kujhweZxFheEHrZs,cus_QkGdsjRMElJ2aw,active,2024-08-28,2074-08-28,2027-08-28,1819460431,2027-08-28,False,sub_sched_1Psm6tE2kujhweZx9QcTkGe2,active,cancel,1,2027-08-28,"[{""end_date"": ""2027-08-28"", ""items"": [{""price_id"": ""price_1PahsjE2kujhweZxZUnm9a53"", ""quantity"": 1}, {""price_id"": ""price_1TdNI1E2kujhweZxOSRjbHw9"", ""quantity"": 1}], ""proration_behavior"": ""none"", ""start_date"": ""2026-06-01""}]",True,True,[],would_release_schedule,True,Subscription has one active schedule phase with end_behavior=cancel. The schedule can be released and the remaining cancel_at can be cleared.,
sub_1Psm4PE2kujhweZxkbGmvsWk,cus_QkGaSmiGpIGGth,active,2024-08-28,2074-08-28,2027-08-28,1819460277,2027-08-28,False,sub_sched_1Psm4PE2kujhweZxj72kmPGp,active,cancel,1,2027-08-28,"[{""end_date"": ""2027-08-28"", ""items"": [{""price_id"": ""price_1PahsjE2kujhweZxZUnm9a53"", ""quantity"": 1}, {""price_id"": ""price_1TdNI3E2kujhweZxsSNA8QrO"", ""quantity"": 1}], ""proration_behavior"": ""none"", ""start_date"": ""2026-06-01""}]",True,True,[],would_release_schedule,True,Subscription has one active schedule phase with end_behavior=cancel. The schedule can be released and the remaining cancel_at can be cleared.,
sub_1Psm18E2kujhweZxYbrqNoqN,cus_QkGXXn2Jh5AWVr,active,2024-08-28,2074-08-28,2027-08-28,1819460074,2027-08-28,False,sub_sched_1Psm18E2kujhweZx7cbr5QfL,active,cancel,1,2027-08-28,"[{""end_date"": ""2027-08-28"", ""items"": [{""price_id"": ""price_1PahsjE2kujhweZxZUnm9a53"", ""quantity"": 1}, {""price_id"": ""price_1TdNI5E2kujhweZxWSAuCwZc"", ""quantity"": 1}], ""proration_behavior"": ""none"", ""start_date"": ""2026-06-01""}]",True,True,[],would_release_schedule,True,Subscription has one active schedule phase with end_behavior=cancel. The schedule can be released and the remaining cancel_at can be cleared.,
sub_1PpyHNE2kujhweZxvVoT1spM,cus_QhN0cnmPSCwmnm,active,2024-08-20,2074-08-20,2027-08-20,1818792225,2027-08-20,False,sub_sched_1PpyHNE2kujhweZx7mWBDnK9,active,cancel,1,2027-08-20,"[{""end_date"": ""2027-08-20"", ""items"": [{""price_id"": ""price_1PahsjE2kujhweZxZUnm9a53"", ""quantity"": 1}, {""price_id"": ""price_1TdNI7E2kujhweZxGKv091vN"", ""quantity"": 1}], ""proration_behavior"": ""none"", ""start_date"": ""2026-06-01""}]",True,True,[],would_release_schedule,True,Subscription has one active schedule phase with end_behavior=cancel. The schedule can be released and the remaining cancel_at can be cleared.,
sub_1Ppy5iE2kujhweZxXFgOs0Rf,cus_QhMoPIdUFwMFqs,active,2024-08-20,2074-08-20,2027-08-20,1818791502,2027-08-20,False,sub_sched_1Ppy5iE2kujhweZx5mbexTNm,active,cancel,1,2027-08-20,"[{""end_date"": ""2027-08-20"", ""items"": [{""price_id"": ""price_1PahsjE2kujhweZxZUnm9a53"", ""quantity"": 1}, {""price_id"": ""price_1TdNI8E2kujhweZxnOVzGeuY"", ""quantity"": 1}], ""proration_behavior"": ""none"", ""start_date"": ""2026-06-01""}]",True,True,[],would_release_schedule,True,Subscription has one active schedule phase with end_behavior=cancel. The schedule can be released and the remaining cancel_at can be cleared.,
sub_1PnnrQE2kujhweZxK76ZIIy2,cus_Qf86bBx53oLVvT,active,2024-08-14,2074-08-14,2027-08-14,1818275520,2027-08-14,False,sub_sched_1PnnrQE2kujhweZxTcVPCRE8,active,cancel,1,2027-08-14,"[{""end_date"": ""2027-08-14"", ""items"": [{""price_id"": ""price_1PahsjE2kujhweZxZUnm9a53"", ""quantity"": 1}, {""price_id"": ""price_1TdNIAE2kujhweZxenGHL4Vf"", ""quantity"": 1}], ""proration_behavior"": ""none"", ""start_date"": ""2026-06-01""}]",True,True,[],would_release_schedule,True,Subscription has one active schedule phase with end_behavior=cancel. The schedule can be released and the remaining cancel_at can be cleared.,
sub_1PlBPwE2kujhweZxY9HNhFCq,cus_QcQ9vM7FlNWmH8,active,2024-08-07,2074-08-07,2027-08-07,1817651088,2027-08-07,False,sub_sched_1PlBPwE2kujhweZxvHzpiazx,active,cancel,1,2027-08-07,"[{""end_date"": ""2027-08-07"", ""items"": [{""price_id"": ""price_1PahsjE2kujhweZxZUnm9a53"", ""quantity"": 1}, {""price_id"": ""price_1TdNICE2kujhweZxEh9KvkoY"", ""quantity"": 1}], ""proration_behavior"": ""none"", ""start_date"": ""2026-06-01""}]",True,True,[],would_release_schedule,True,Subscription has one active schedule phase with end_behavior=cancel. The schedule can be released and the remaining cancel_at can be cleared.,
sub_1PlBOrE2kujhweZxSrlPSg8W,cus_QcQ6V1jV8vFFls,active,2024-08-07,2074-08-07,2027-08-07,1817651021,2027-08-07,False,sub_sched_1PlBOrE2kujhweZxrJAJxwts,active,cancel,1,2027-08-07,"[{""end_date"": ""2027-08-07"", ""items"": [{""price_id"": ""price_1PahsjE2kujhweZxZUnm9a53"", ""quantity"": 1}, {""price_id"": ""price_1TdilYE2kujhweZxhslu1etI"", ""quantity"": 1}], ""proration_behavior"": ""none"", ""start_date"": ""2026-06-02""}]",True,True,[],would_release_schedule,True,Subscription has one active schedule phase with end_behavior=cancel. The schedule can be released and the remaining cancel_at can be cleared.,
sub_1PlBOME2kujhweZxQRg14gZ0,cus_QcQ31zqa23iKmp,active,2024-08-07,2074-08-07,2027-08-07,1817650990,2027-08-07,False,sub_sched_1PlBOME2kujhweZxInWW4h9u,active,cancel,1,2027-08-07,"[{""end_date"": ""2027-08-07"", ""items"": [{""price_id"": ""price_1PahsjE2kujhweZxZUnm9a53"", ""quantity"": 1}, {""price_id"": ""price_1TdNIDE2kujhweZx5YFcJ2Au"", ""quantity"": 1}], ""proration_behavior"": ""none"", ""start_date"": ""2026-06-01""}]",True,True,[],would_release_schedule,True,Subscription has one active schedule phase with end_behavior=cancel. The schedule can be released and the remaining cancel_at can be cleared.,
sub_1PlBNUE2kujhweZxSDjW0n4C,cus_QcPxWvMQHVPgga,active,2024-08-07,2074-08-07,2027-08-07,1817650936,2027-08-07,False,sub_sched_1PlBNUE2kujhweZxcWFgj5N1,active,cancel,1,2027-08-07,"[{""end_date"": ""2027-08-07"", ""items"": [{""price_id"": ""price_1PahsjE2kujhweZxZUnm9a53"", ""quantity"": 1}, {""price_id"": ""price_1TdNIFE2kujhweZxN5jOS7Nu"", ""quantity"": 1}], ""proration_behavior"": ""none"", ""start_date"": ""2026-06-01""}]",True,True,[],would_release_schedule,True,Subscription has one active schedule phase with end_behavior=cancel. The schedule can be released and the remaining cancel_at can be cleared.,
sub_1PizIwE2kujhweZxWQxarcpc,cus_QZmRHDLySswwdF,active,2024-07-31,2074-07-31,2027-07-31,1817127870,2027-08-01,False,sub_sched_1PizIwE2kujhweZxBmFOgbkH,active,cancel,1,2027-08-01,"[{""end_date"": ""2027-08-01"", ""items"": [{""price_id"": ""price_1PahsjE2kujhweZxZUnm9a53"", ""quantity"": 1}, {""price_id"": ""price_1TdNIHE2kujhweZxaBaorz0m"", ""quantity"": 1}], ""proration_behavior"": ""none"", ""start_date"": ""2026-06-01""}]",True,True,[],would_release_schedule,True,Subscription has one active schedule phase with end_behavior=cancel. The schedule can be released and the remaining cancel_at can be cleared.,
sub_1PizHsE2kujhweZxY5Ol6uPQ,cus_QZmToVaUu1byXi,active,2024-07-31,2074-07-31,2027-07-31,1817127804,2027-08-01,False,sub_sched_1PizHsE2kujhweZxOS4niTz6,active,cancel,1,2027-08-01,"[{""end_date"": ""2027-08-01"", ""items"": [{""price_id"": ""price_1PahsjE2kujhweZxZUnm9a53"", ""quantity"": 1}, {""price_id"": ""price_1TdNIIE2kujhweZxFwRBrcIx"", ""quantity"": 1}], ""proration_behavior"": ""none"", ""start_date"": ""2026-06-01""}]",True,True,[],would_release_schedule,True,Subscription has one active schedule phase with end_behavior=cancel. The schedule can be released and the remaining cancel_at can be cleared.,
sub_1PizG6E2kujhweZxiwghjW2p,cus_QZmYG0lndwNCPH,active,2024-07-31,2074-07-31,2027-07-31,1817127694,2027-08-01,False,sub_sched_1PizG6E2kujhweZxEXlxeXwA,active,cancel,1,2027-08-01,"[{""end_date"": ""2027-08-01"", ""items"": [{""price_id"": ""price_1PahsjE2kujhweZxZUnm9a53"", ""quantity"": 1}, {""price_id"": ""price_1TdNIKE2kujhweZxgry1qMvv"", ""quantity"": 1}], ""proration_behavior"": ""none"", ""start_date"": ""2026-06-01""}]",True,True,[],would_release_schedule,True,Subscription has one active schedule phase with end_behavior=cancel. The schedule can be released and the remaining cancel_at can be cleared.,
sub_1PizF1E2kujhweZx4OF9rque,cus_QZmZjdQTsTkYUC,active,2024-07-31,2074-07-31,2027-07-31,1817127627,2027-08-01,False,sub_sched_1PizF1E2kujhweZxr412L3Zg,active,cancel,1,2027-08-01,"[{""end_date"": ""2027-08-01"", ""items"": [{""price_id"": ""price_1PahsjE2kujhweZxZUnm9a53"", ""quantity"": 1}, {""price_id"": ""price_1TdNIME2kujhweZxmcsjGsQS"", ""quantity"": 1}], ""proration_behavior"": ""none"", ""start_date"": ""2026-06-01""}]",True,True,[],would_release_schedule,True,Subscription has one active schedule phase with end_behavior=cancel. The schedule can be released and the remaining cancel_at can be cleared.,
sub_1PizEOE2kujhweZxNW6RVpVi,cus_QZmcrAQj5vhz7w,active,2024-07-31,2074-07-31,2027-07-31,1817127588,2027-08-01,False,sub_sched_1PizEOE2kujhweZxiB79RZ2u,active,cancel,1,2027-08-01,"[{""end_date"": ""2027-08-01"", ""items"": [{""price_id"": ""price_1PahsjE2kujhweZxZUnm9a53"", ""quantity"": 1}, {""price_id"": ""price_1TdNIOE2kujhweZxQwMbgKFC"", ""quantity"": 1}], ""proration_behavior"": ""none"", ""start_date"": ""2026-06-01""}]",True,True,[],would_release_schedule,True,Subscription has one active schedule phase with end_behavior=cancel. The schedule can be released and the remaining cancel_at can be cleared.,
sub_1PizDeE2kujhweZxMSTnjxfY,cus_QZmeky4mTnAh1H,active,2024-07-31,2074-07-31,2027-07-31,1817127542,2027-08-01,False,sub_sched_1PizDeE2kujhweZxU3fuRCii,active,cancel,1,2027-08-01,"[{""end_date"": ""2027-08-01"", ""items"": [{""price_id"": ""price_1PahsjE2kujhweZxZUnm9a53"", ""quantity"": 1}, {""price_id"": ""price_1TdNIPE2kujhweZxrgUoGmLf"", ""quantity"": 1}], ""proration_behavior"": ""none"", ""start_date"": ""2026-06-01""}]",True,True,[],would_release_schedule,True,Subscription has one active schedule phase with end_behavior=cancel. The schedule can be released and the remaining cancel_at can be cleared.,
sub_1PizCuE2kujhweZxECnTaK8J,cus_QZmgOsW9ZjKKrE,active,2024-07-31,2074-07-31,2027-07-31,1817127496,2027-08-01,False,sub_sched_1PizCuE2kujhweZx5xPqkeju,active,cancel,1,2027-08-01,"[{""end_date"": ""2027-08-01"", ""items"": [{""price_id"": ""price_1PahsjE2kujhweZxZUnm9a53"", ""quantity"": 1}, {""price_id"": ""price_1TdNISE2kujhweZx51HzhSqH"", ""quantity"": 1}], ""proration_behavior"": ""none"", ""start_date"": ""2026-06-01""}]",True,True,[],would_release_schedule,True,Subscription has one active schedule phase with end_behavior=cancel. The schedule can be released and the remaining cancel_at can be cleared.,
sub_1PfOORE2kujhweZxNIScN0Ps,cus_QWR5NMDwvYCGHv,active,2024-07-22,2074-07-22,2027-07-22,1816270999,2027-07-22,False,sub_sched_1PfOORE2kujhweZxz0U5CFTL,active,cancel,1,2027-07-22,"[{""end_date"": ""2027-07-22"", ""items"": [{""price_id"": ""price_1PahsjE2kujhweZxZUnm9a53"", ""quantity"": 1}, {""price_id"": ""price_1TdNITE2kujhweZxg3MHTfuS"", ""quantity"": 1}], ""proration_behavior"": ""none"", ""start_date"": ""2026-06-01""}]",True,True,[],would_release_schedule,True,Subscription has one active schedule phase with end_behavior=cancel. The schedule can be released and the remaining cancel_at can be cleared.,
sub_1PfONhE2kujhweZx3ZSbg5sv,cus_QWR2WgR4QpW2Xh,active,2024-07-22,2074-07-22,2027-07-22,1816270952,2027-07-22,False,sub_sched_1PfONhE2kujhweZx2S5cMjPP,active,cancel,1,2027-07-22,"[{""end_date"": ""2027-07-22"", ""items"": [{""price_id"": ""price_1PahsjE2kujhweZxZUnm9a53"", ""quantity"": 1}, {""price_id"": ""price_1TdNIVE2kujhweZxD3wrjeUs"", ""quantity"": 1}], ""proration_behavior"": ""none"", ""start_date"": ""2026-06-01""}]",True,True,[],would_release_schedule,True,Subscription has one active schedule phase with end_behavior=cancel. The schedule can be released and the remaining cancel_at can be cleared.,
sub_1PfOMTE2kujhweZx2l2qLPkM,cus_QWR0yXlBx6zIlh,active,2024-07-22,2074-07-22,2027-07-22,1816270877,2027-07-22,False,sub_sched_1PfOMTE2kujhweZxKmMiaXvY,active,cancel,1,2027-07-22,"[{""end_date"": ""2027-07-22"", ""items"": [{""price_id"": ""price_1PahsjE2kujhweZxZUnm9a53"", ""quantity"": 1}, {""price_id"": ""price_1TdNIXE2kujhweZxCPI7QTDS"", ""quantity"": 1}], ""proration_behavior"": ""none"", ""start_date"": ""2026-06-01""}]",True,True,[],would_release_schedule,True,Subscription has one active schedule phase with end_behavior=cancel. The schedule can be released and the remaining cancel_at can be cleared.,
sub_1PfOLyE2kujhweZxj1Vwxi2F,cus_QWQwUOrkbAcl4j,active,2024-07-22,2074-07-22,2027-07-22,1816270845,2027-07-22,False,sub_sched_1PfOLyE2kujhweZxVivudnse,active,cancel,1,2027-07-22,"[{""end_date"": ""2027-07-22"", ""items"": [{""price_id"": ""price_1PahsjE2kujhweZxZUnm9a53"", ""quantity"": 1}, {""price_id"": ""price_1TdNIYE2kujhweZxfQCYH9M4"", ""quantity"": 1}], ""proration_behavior"": ""none"", ""start_date"": ""2026-06-01""}]",True,True,[],would_release_schedule,True,Subscription has one active schedule phase with end_behavior=cancel. The schedule can be released and the remaining cancel_at can be cleared.,
sub_1PfOLIE2kujhweZxa9btPpU4,cus_QWQtjQnorOhJOv,active,2024-07-22,2074-07-22,2027-07-22,1816270804,2027-07-22,False,sub_sched_1PfOLIE2kujhweZxIaCqJNbW,active,cancel,1,2027-07-22,"[{""end_date"": ""2027-07-22"", ""items"": [{""price_id"": ""price_1PahsjE2kujhweZxZUnm9a53"", ""quantity"": 1}, {""price_id"": ""price_1TdNIaE2kujhweZxZkhB4K89"", ""quantity"": 1}], ""proration_behavior"": ""none"", ""start_date"": ""2026-06-01""}]",True,True,[],would_release_schedule,True,Subscription has one active schedule phase with end_behavior=cancel. The schedule can be released and the remaining cancel_at can be cleared.,
sub_1PfOKQE2kujhweZxqyUw9tZo,cus_QWQpEutlK8klaX,active,2024-07-22,2074-07-22,2027-07-22,1816270749,2027-07-22,False,sub_sched_1PfOKQE2kujhweZxcOaPHKzh,active,cancel,1,2027-07-22,"[{""end_date"": ""2027-07-22"", ""items"": [{""price_id"": ""price_1PahsjE2kujhweZxZUnm9a53"", ""quantity"": 1}, {""price_id"": ""price_1TdNIcE2kujhweZxrnETXjUS"", ""quantity"": 1}], ""proration_behavior"": ""none"", ""start_date"": ""2026-06-01""}]",True,True,[],would_release_schedule,True,Subscription has one active schedule phase with end_behavior=cancel. The schedule can be released and the remaining cancel_at can be cleared.,
sub_1PfOJME2kujhweZx7CYf4dEt,cus_QWQmtOVX0LhEiq,active,2024-07-22,2074-07-22,2027-07-22,1816270683,2027-07-22,False,sub_sched_1PfOJME2kujhweZx5mln40sr,active,cancel,1,2027-07-22,"[{""end_date"": ""2027-07-22"", ""items"": [{""price_id"": ""price_1PahsjE2kujhweZxZUnm9a53"", ""quantity"": 1}, {""price_id"": ""price_1TdNIeE2kujhweZxhjjGPKfb"", ""quantity"": 1}], ""proration_behavior"": ""none"", ""start_date"": ""2026-06-01""}]",True,True,[],would_release_schedule,True,Subscription has one active schedule phase with end_behavior=cancel. The schedule can be released and the remaining cancel_at can be cleared.,
sub_1PfOIKE2kujhweZxjfJcpFRk,cus_QWQkOao1DgNMwr,active,2024-07-22,2074-07-22,2027-07-22,1816270620,2027-07-22,False,sub_sched_1PfOIKE2kujhweZxn9TOy25X,active,cancel,1,2027-07-22,"[{""end_date"": ""2027-07-22"", ""items"": [{""price_id"": ""price_1PahsjE2kujhweZxZUnm9a53"", ""quantity"": 1}, {""price_id"": ""price_1TdNIgE2kujhweZxhYG9mCFK"", ""quantity"": 1}], ""proration_behavior"": ""none"", ""start_date"": ""2026-06-01""}]",True,True,[],would_release_schedule,True,Subscription has one active schedule phase with end_behavior=cancel. The schedule can be released and the remaining cancel_at can be cleared.,
sub_1PfOHNE2kujhweZxuk3zOXxF,cus_QWQgFOrurIZ0xL,active,2024-07-22,2074-07-22,2027-07-22,1816270561,2027-07-22,False,sub_sched_1PfOHNE2kujhweZxqjnuoz0J,active,cancel,1,2027-07-22,"[{""end_date"": ""2027-07-22"", ""items"": [{""price_id"": ""price_1PahsjE2kujhweZxZUnm9a53"", ""quantity"": 1}, {""price_id"": ""price_1TdNIhE2kujhweZxWR5ZUVoh"", ""quantity"": 1}], ""proration_behavior"": ""none"", ""start_date"": ""2026-06-01""}]",True,True,[],would_release_schedule,True,Subscription has one active schedule phase with end_behavior=cancel. The schedule can be released and the remaining cancel_at can be cleared.,
sub_1PbTJSE2kujhweZxD1jssPrH,cus_QRarYOCUWfT01d,active,2024-07-09,2074-07-09,2027-07-09,1815106690,2027-07-09,False,sub_sched_1PbTJSE2kujhweZxp6vmP5f9,active,cancel,1,2027-07-09,"[{""end_date"": ""2027-07-09"", ""items"": [{""price_id"": ""price_1PahsjE2kujhweZxZUnm9a53"", ""quantity"": 1}, {""price_id"": ""price_1TdNIkE2kujhweZx3r0D0duA"", ""quantity"": 1}], ""proration_behavior"": ""none"", ""start_date"": ""2026-06-01""}]",True,True,[],would_release_schedule,True,Subscription has one active schedule phase with end_behavior=cancel. The schedule can be released and the remaining cancel_at can be cleared.,
sub_1PbTIwE2kujhweZxEHXmMWPf,cus_QRaohbnumHYYDS,active,2024-07-09,2074-07-09,2027-07-09,1815106692,2027-07-09,False,sub_sched_1PbTIwE2kujhweZxdfzZfmsQ,active,cancel,1,2027-07-09,"[{""end_date"": ""2027-07-09"", ""items"": [{""price_id"": ""price_1PahsjE2kujhweZxZUnm9a53"", ""quantity"": 1}, {""price_id"": ""price_1TdNImE2kujhweZx263SB0mG"", ""quantity"": 1}], ""proration_behavior"": ""none"", ""start_date"": ""2026-06-01""}]",True,True,[],would_release_schedule,True,Subscription has one active schedule phase with end_behavior=cancel. The schedule can be released and the remaining cancel_at can be cleared.,
sub_1PbTGME2kujhweZxsBzSpdXA,cus_QPliPoGmMVnl1U,active,2024-07-04,2074-07-04,2027-07-04,1814674694,2027-07-04,False,sub_sched_1PbTGME2kujhweZxOWglGW4n,active,cancel,1,2027-07-04,"[{""end_date"": ""2027-07-04"", ""items"": [{""price_id"": ""price_1PahsjE2kujhweZxZUnm9a53"", ""quantity"": 1}, {""price_id"": ""price_1TdNInE2kujhweZxsBKxaUW7"", ""quantity"": 1}], ""proration_behavior"": ""none"", ""start_date"": ""2026-06-01""}]",True,True,[],would_release_schedule,True,Subscription has one active schedule phase with end_behavior=cancel. The schedule can be released and the remaining cancel_at can be cleared.,
sub_1PbTFfE2kujhweZxvwcNESrc,cus_QPlgw1i3HecxJa,active,2024-07-04,2074-07-04,2027-07-04,1814674695,2027-07-04,False,sub_sched_1PbTFfE2kujhweZxsyi6E7W8,active,cancel,1,2027-07-04,"[{""end_date"": ""2027-07-04"", ""items"": [{""price_id"": ""price_1PahsjE2kujhweZxZUnm9a53"", ""quantity"": 1}, {""price_id"": ""price_1TdNIpE2kujhweZxdzr5b4fs"", ""quantity"": 1}], ""proration_behavior"": ""none"", ""start_date"": ""2026-06-01""}]",True,True,[],would_release_schedule,True,Subscription has one active schedule phase with end_behavior=cancel. The schedule can be released and the remaining cancel_at can be cleared.,
sub_1PbTCVE2kujhweZxf9YTLAVZ,cus_QPldxUZg5bnwBl,active,2024-07-04,2074-07-04,2027-07-04,1814674697,2027-07-04,False,sub_sched_1PbTCVE2kujhweZxT6QrdiRx,active,cancel,1,2027-07-04,"[{""end_date"": ""2027-07-04"", ""items"": [{""price_id"": ""price_1PahsjE2kujhweZxZUnm9a53"", ""quantity"": 1}, {""price_id"": ""price_1TdNIrE2kujhweZxUfxOOZ5h"", ""quantity"": 1}], ""proration_behavior"": ""none"", ""start_date"": ""2026-06-01""}]",True,True,[],would_release_schedule,True,Subscription has one active schedule phase with end_behavior=cancel. The schedule can be released and the remaining cancel_at can be cleared.,
sub_1PY7MyE2kujhweZxWBAmzpHU,cus_QMfqMlmiMWyjv1,active,2024-06-26,2074-06-26,2027-06-26,2351081263,2044-07-02,False,sub_sched_1PY7MyE2kujhweZxFqVH3iX5,active,cancel,2,2044-07-02,"[{""end_date"": ""2026-06-02"", ""items"": [{""price_id"": ""price_1TdNIsE2kujhweZxvBenQiHV"", ""quantity"": 1}], ""proration_behavior"": ""create_prorations"", ""start_date"": ""2026-06-01""}, {""end_date"": ""2044-07-02"", ""items"": [{""price_id"": ""price_1TdNIsE2kujhweZxvBenQiHV"", ""quantity"": 1}], ""proration_behavior"": ""none"", ""start_date"": ""2026-06-02""}]",True,True,[],would_release_equivalent_two_phase_schedule,True,Subscription has two equivalent schedule phases. Only phase timing or ignored transition fields differ.,
sub_1PY7MQE2kujhweZxuITBOIUJ,cus_QMfoJ5AgatBnpH,active,2024-06-26,2074-06-26,2027-06-26,2351081230,2044-07-02,False,sub_sched_1PY7MQE2kujhweZxUo6IEu35,active,cancel,2,2044-07-02,"[{""end_date"": ""2026-06-02"", ""items"": [{""price_id"": ""price_1TdNIuE2kujhweZxLiEmHbys"", ""quantity"": 1}], ""proration_behavior"": ""create_prorations"", ""start_date"": ""2026-06-01""}, {""end_date"": ""2044-07-02"", ""items"": [{""price_id"": ""price_1TdNIuE2kujhweZxLiEmHbys"", ""quantity"": 1}], ""proration_behavior"": ""none"", ""start_date"": ""2026-06-02""}]",True,True,[],would_release_equivalent_two_phase_schedule,True,Subscription has two equivalent schedule phases. Only phase timing or ignored transition fields differ.,
sub_1PY7LhE2kujhweZxdPFQbCzt,cus_QMfnsNjtUsMxwT,active,2024-06-26,2074-06-26,2027-06-26,2351081185,2044-07-02,False,sub_sched_1PY7LhE2kujhweZxDTwOAJOX,active,cancel,2,2044-07-02,"[{""end_date"": ""2026-06-02"", ""items"": [{""price_id"": ""price_1TdNIvE2kujhweZxzvO07CH2"", ""quantity"": 1}], ""proration_behavior"": ""create_prorations"", ""start_date"": ""2026-06-01""}, {""end_date"": ""2044-07-02"", ""items"": [{""price_id"": ""price_1TdNIvE2kujhweZxzvO07CH2"", ""quantity"": 1}], ""proration_behavior"": ""none"", ""start_date"": ""2026-06-02""}]",True,True,[],would_release_equivalent_two_phase_schedule,True,Subscription has two equivalent schedule phases. Only phase timing or ignored transition fields differ.,
sub_1PY7L5E2kujhweZxIgquV4ue,cus_QMfkWzBpL3H36G,active,2024-06-26,2074-06-26,2027-06-26,2351081147,2044-07-02,False,sub_sched_1PY7L5E2kujhweZxQC4pdnT8,active,cancel,1,2044-07-02,"[{""end_date"": ""2044-07-02"", ""items"": [{""price_id"": ""price_1TdNIxE2kujhweZxoqCYnsXQ"", ""quantity"": 1}], ""proration_behavior"": ""none"", ""start_date"": ""2026-06-01""}]",True,True,[],would_release_schedule,True,Subscription has one active schedule phase with end_behavior=cancel. The schedule can be released and the remaining cancel_at can be cleared.,
sub_1PY7KSE2kujhweZxosRjXB3h,cus_QMfinGYxbBD903,active,2024-06-26,2074-06-26,2027-06-26,2351081108,2044-07-02,False,sub_sched_1PY7KSE2kujhweZxEC0br1jf,active,cancel,1,2044-07-02,"[{""end_date"": ""2044-07-02"", ""items"": [{""price_id"": ""price_1TdNIzE2kujhweZxa9exNeOZ"", ""quantity"": 1}], ""proration_behavior"": ""none"", ""start_date"": ""2026-06-01""}]",True,True,[],would_release_schedule,True,Subscription has one active schedule phase with end_behavior=cancel. The schedule can be released and the remaining cancel_at can be cleared.,
sub_1PY7JyE2kujhweZx93HWYfuR,cus_QMfh1UAblrHtOn,active,2024-06-26,2074-06-26,2027-06-26,2351081078,2044-07-02,False,sub_sched_1PY7JyE2kujhweZxVayyjsb3,active,cancel,1,2044-07-02,"[{""end_date"": ""2044-07-02"", ""items"": [{""price_id"": ""price_1TdNJ0E2kujhweZx3a3YubZP"", ""quantity"": 1}], ""proration_behavior"": ""none"", ""start_date"": ""2026-07-09""}]",True,True,[],would_release_schedule,True,Subscription has one active schedule phase with end_behavior=cancel. The schedule can be released and the remaining cancel_at can be cleared.,
sub_1PY7JXE2kujhweZxhTo07qej,cus_QMffyWfIdG8Ue3,active,2024-06-26,2074-06-26,2027-06-26,2351081051,2044-07-02,False,sub_sched_1PY7JXE2kujhweZxbpu9cN5F,active,cancel,2,2044-07-02,"[{""end_date"": ""2026-06-02"", ""items"": [{""price_id"": ""price_1TdNJ2E2kujhweZxjqfLn5jS"", ""quantity"": 1}], ""proration_behavior"": ""create_prorations"", ""start_date"": ""2026-06-01""}, {""end_date"": ""2044-07-02"", ""items"": [{""price_id"": ""price_1TdNJ2E2kujhweZxjqfLn5jS"", ""quantity"": 1}], ""proration_behavior"": ""none"", ""start_date"": ""2026-06-02""}]",True,True,[],would_release_equivalent_two_phase_schedule,True,Subscription has two equivalent schedule phases. Only phase timing or ignored transition fields differ.,
sub_1PY7IzE2kujhweZxphHNDOfA,cus_QMfdhSfaGNWA6Z,active,2024-06-26,2074-06-26,2027-06-26,2351081017,2044-07-02,False,sub_sched_1PY7IzE2kujhweZxX59Y0JIj,active,cancel,2,2044-07-02,"[{""end_date"": ""2026-06-02"", ""items"": [{""price_id"": ""price_1TdNJ3E2kujhweZxaTdJAokR"", ""quantity"": 1}], ""proration_behavior"": ""create_prorations"", ""start_date"": ""2026-06-01""}, {""end_date"": ""2044-07-02"", ""items"": [{""price_id"": ""price_1TdNJ3E2kujhweZxaTdJAokR"", ""quantity"": 1}], ""proration_behavior"": ""none"", ""start_date"": ""2026-06-02""}]",True,True,[],would_release_equivalent_two_phase_schedule,True,Subscription has two equivalent schedule phases. Only phase timing or ignored transition fields differ.,
sub_1PY7IaE2kujhweZxcckYrosj,cus_QMfaFsQxnlW9Li,active,2024-06-26,2074-06-26,2027-06-26,2351080992,2044-07-02,False,sub_sched_1PY7IaE2kujhweZxNxXCKSp5,active,cancel,2,2044-07-02,"[{""end_date"": ""2026-06-02"", ""items"": [{""price_id"": ""price_1TdNJ5E2kujhweZxcytibtzl"", ""quantity"": 1}], ""proration_behavior"": ""create_prorations"", ""start_date"": ""2026-06-01""}, {""end_date"": ""2044-07-02"", ""items"": [{""price_id"": ""price_1TdNJ5E2kujhweZxcytibtzl"", ""quantity"": 1}], ""proration_behavior"": ""none"", ""start_date"": ""2026-06-02""}]",True,True,[],would_release_equivalent_two_phase_schedule,True,Subscription has two equivalent schedule phases. Only phase timing or ignored transition fields differ.,
sub_1PY7I9E2kujhweZxkJr946w6,cus_QMfXYbr7EVPWaP,active,2024-06-26,2074-06-26,2027-06-26,2351080965,2044-07-02,False,sub_sched_1PY7I9E2kujhweZxquwyaVTC,active,cancel,2,2044-07-02,"[{""end_date"": ""2026-06-02"", ""items"": [{""price_id"": ""price_1TdNJ7E2kujhweZxYUh3osqd"", ""quantity"": 1}], ""proration_behavior"": ""create_prorations"", ""start_date"": ""2026-06-01""}, {""end_date"": ""2044-07-02"", ""items"": [{""price_id"": ""price_1TdNJ7E2kujhweZxYUh3osqd"", ""quantity"": 1}], ""proration_behavior"": ""none"", ""start_date"": ""2026-06-02""}]",True,True,[],would_release_equivalent_two_phase_schedule,True,Subscription has two equivalent schedule phases. Only phase timing or ignored transition fields differ.,
sub_1PY7HmE2kujhweZxa15gzFzM,cus_QMfVUyA5UOKS2Q,active,2024-06-26,2074-06-26,2027-06-26,2351080942,2044-07-02,False,sub_sched_1PY7HmE2kujhweZxkInvlqqD,active,cancel,2,2044-07-02,"[{""end_date"": ""2026-06-02"", ""items"": [{""price_id"": ""price_1TdNJ8E2kujhweZxG0vSVqzu"", ""quantity"": 1}], ""proration_behavior"": ""create_prorations"", ""start_date"": ""2026-06-01""}, {""end_date"": ""2044-07-02"", ""items"": [{""price_id"": ""price_1TdNJ8E2kujhweZxG0vSVqzu"", ""quantity"": 1}], ""proration_behavior"": ""none"", ""start_date"": ""2026-06-02""}]",True,True,[],would_release_equivalent_two_phase_schedule,True,Subscription has two equivalent schedule phases. Only phase timing or ignored transition fields differ.,
sub_1PY7HKE2kujhweZxxyc1GRi5,cus_QMfTg9EQ9FlSlx,active,2024-06-26,2074-06-26,2027-06-26,2351080914,2044-07-02,False,sub_sched_1PY7HKE2kujhweZxevC7dhZo,active,cancel,2,2044-07-02,"[{""end_date"": ""2026-06-02"", ""items"": [{""price_id"": ""price_1TdNJAE2kujhweZx8TN9gsEv"", ""quantity"": 1}], ""proration_behavior"": ""create_prorations"", ""start_date"": ""2026-06-01""}, {""end_date"": ""2044-07-02"", ""items"": [{""price_id"": ""price_1TdNJAE2kujhweZx8TN9gsEv"", ""quantity"": 1}], ""proration_behavior"": ""none"", ""start_date"": ""2026-06-02""}]",True,True,[],would_release_equivalent_two_phase_schedule,True,Subscription has two equivalent schedule phases. Only phase timing or ignored transition fields differ.,
sub_1PY7GqE2kujhweZxLxkqF2kB,cus_QMfRtvjNjhnKN3,active,2024-06-26,2074-06-26,2027-06-26,2351080884,2044-07-02,False,sub_sched_1PY7GqE2kujhweZxiGgpxrHQ,active,cancel,2,2044-07-02,"[{""end_date"": ""2026-06-02"", ""items"": [{""price_id"": ""price_1TdNJBE2kujhweZxTPOyW61V"", ""quantity"": 1}], ""proration_behavior"": ""create_prorations"", ""start_date"": ""2026-06-01""}, {""end_date"": ""2044-07-02"", ""items"": [{""price_id"": ""price_1TdNJBE2kujhweZxTPOyW61V"", ""quantity"": 1}], ""proration_behavior"": ""none"", ""start_date"": ""2026-06-02""}]",True,True,[],would_release_equivalent_two_phase_schedule,True,Subscription has two equivalent schedule phases. Only phase timing or ignored transition fields differ.,
sub_1PY7DvE2kujhweZxjM6gSE2m,cus_QMfPTgKk1P3QJJ,active,2024-06-26,2074-06-26,2027-06-26,2351080703,2044-07-02,False,sub_sched_1PY7DvE2kujhweZx6vhTNf5a,active,cancel,1,2044-07-02,"[{""end_date"": ""2044-07-02"", ""items"": [{""price_id"": ""price_1TdNJDE2kujhweZx3NfntYGR"", ""quantity"": 1}], ""proration_behavior"": ""none"", ""start_date"": ""2026-06-01""}]",True,True,[],would_release_schedule,True,Subscription has one active schedule phase with end_behavior=cancel. The schedule can be released and the remaining cancel_at can be cleared.,
sub_1PY7C7E2kujhweZxQlBl8Qfo,cus_QMfMiG70jtzeHM,active,2024-06-26,2074-06-26,2027-06-26,2351080591,2044-07-02,False,sub_sched_1PY7C7E2kujhweZxS6umc2Uf,active,cancel,1,2044-07-02,"[{""end_date"": ""2044-07-02"", ""items"": [{""price_id"": ""price_1TdNJEE2kujhweZxfRvm1k9Z"", ""quantity"": 1}], ""proration_behavior"": ""none"", ""start_date"": ""2026-07-09""}]",True,True,[],would_release_schedule,True,Subscription has one active schedule phase with end_behavior=cancel. The schedule can be released and the remaining cancel_at can be cleared.,
sub_1PY7ACE2kujhweZx0XM88nj1,cus_QMfFsCRUJGXjll,active,2024-06-26,2074-06-26,2027-06-26,2351080472,2044-07-02,False,sub_sched_1PY7ACE2kujhweZxems3Yo2b,active,cancel,2,2044-07-02,"[{""end_date"": ""2026-06-02"", ""items"": [{""price_id"": ""price_1TdNJHE2kujhweZxvREpQryi"", ""quantity"": 1}], ""proration_behavior"": ""create_prorations"", ""start_date"": ""2026-06-01""}, {""end_date"": ""2044-07-02"", ""items"": [{""price_id"": ""price_1TdNJHE2kujhweZxvREpQryi"", ""quantity"": 1}], ""proration_behavior"": ""none"", ""start_date"": ""2026-06-02""}]",True,True,[],would_release_equivalent_two_phase_schedule,True,Subscription has two equivalent schedule phases. Only phase timing or ignored transition fields differ.,
sub_1PY79jE2kujhweZxiExvPRhM,cus_QMfC3a75j3QxC0,active,2024-06-26,2074-06-26,2027-06-26,2351080443,2044-07-02,False,sub_sched_1PY79jE2kujhweZxrCTqj7vt,active,cancel,2,2044-07-02,"[{""end_date"": ""2026-06-02"", ""items"": [{""price_id"": ""price_1TdNJJE2kujhweZxQDbp1xtx"", ""quantity"": 1}], ""proration_behavior"": ""create_prorations"", ""start_date"": ""2026-06-01""}, {""end_date"": ""2044-07-02"", ""items"": [{""price_id"": ""price_1TdNJJE2kujhweZxQDbp1xtx"", ""quantity"": 1}], ""proration_behavior"": ""none"", ""start_date"": ""2026-06-02""}]",True,True,[],would_release_equivalent_two_phase_schedule,True,Subscription has two equivalent schedule phases. Only phase timing or ignored transition fields differ.,
sub_1PY79AE2kujhweZxowEUqcbI,cus_QMfATtYolm66vh,active,2024-06-26,2074-06-26,2027-06-26,2351080408,2044-07-02,False,sub_sched_1PY79AE2kujhweZxd38vrr6r,active,cancel,2,2044-07-02,"[{""end_date"": ""2026-06-02"", ""items"": [{""price_id"": ""price_1TdNJKE2kujhweZxJeJn8MQk"", ""quantity"": 1}], ""proration_behavior"": ""create_prorations"", ""start_date"": ""2026-06-01""}, {""end_date"": ""2044-07-02"", ""items"": [{""price_id"": ""price_1TdNJKE2kujhweZxJeJn8MQk"", ""quantity"": 1}], ""proration_behavior"": ""none"", ""start_date"": ""2026-06-02""}]",True,True,[],would_release_equivalent_two_phase_schedule,True,Subscription has two equivalent schedule phases. Only phase timing or ignored transition fields differ.,
sub_1PY78NE2kujhweZxh52Wr11b,cus_QMf7k4lCWFoR56,active,2024-06-26,2074-06-26,2027-06-26,2351080359,2044-07-02,False,sub_sched_1PY78NE2kujhweZxuHhCm2Po,active,cancel,2,2044-07-02,"[{""end_date"": ""2026-06-02"", ""items"": [{""price_id"": ""price_1TdNJME2kujhweZxke85CLrl"", ""quantity"": 1}], ""proration_behavior"": ""create_prorations"", ""start_date"": ""2026-06-01""}, {""end_date"": ""2044-07-02"", ""items"": [{""price_id"": ""price_1TdNJME2kujhweZxke85CLrl"", ""quantity"": 1}], ""proration_behavior"": ""none"", ""start_date"": ""2026-06-02""}]",True,True,[],would_release_equivalent_two_phase_schedule,True,Subscription has two equivalent schedule phases. Only phase timing or ignored transition fields differ.,
sub_1PY77kE2kujhweZxC52AxFXK,cus_QMf3D63kNbmuTN,active,2024-06-26,2074-06-26,2027-06-26,2351080320,2044-07-02,False,sub_sched_1PY77kE2kujhweZxSOgqDizR,active,cancel,2,2044-07-02,"[{""end_date"": ""2026-06-02"", ""items"": [{""price_id"": ""price_1TdNJNE2kujhweZxTCgpff8N"", ""quantity"": 1}], ""proration_behavior"": ""create_prorations"", ""start_date"": ""2026-06-01""}, {""end_date"": ""2044-07-02"", ""items"": [{""price_id"": ""price_1TdNJNE2kujhweZxTCgpff8N"", ""quantity"": 1}], ""proration_behavior"": ""none"", ""start_date"": ""2026-06-02""}]",True,True,[],would_release_equivalent_two_phase_schedule,True,Subscription has two equivalent schedule phases. Only phase timing or ignored transition fields differ.,
sub_1PY77CE2kujhweZxYQDDNVHr,cus_QMezzSE6vQn1uL,active,2024-06-26,2074-06-26,2027-06-26,2351080286,2044-07-02,False,sub_sched_1PY77CE2kujhweZxjiPVZo6l,active,cancel,2,2044-07-02,"[{""end_date"": ""2026-06-02"", ""items"": [{""price_id"": ""price_1TdNJOE2kujhweZxeUKoSyFU"", ""quantity"": 1}], ""proration_behavior"": ""create_prorations"", ""start_date"": ""2026-06-01""}, {""end_date"": ""2044-07-02"", ""items"": [{""price_id"": ""price_1TdNJOE2kujhweZxeUKoSyFU"", ""quantity"": 1}], ""proration_behavior"": ""none"", ""start_date"": ""2026-06-02""}]",True,True,[],would_release_equivalent_two_phase_schedule,True,Subscription has two equivalent schedule phases. Only phase timing or ignored transition fields differ.,
sub_1PY76iE2kujhweZxUmZOzxuX,cus_QMexjDTaVgUMrl,active,2024-06-26,2074-06-26,2027-06-26,2351080256,2044-07-02,False,sub_sched_1PY76iE2kujhweZxGlflyc13,active,cancel,2,2044-07-02,"[{""end_date"": ""2026-06-02"", ""items"": [{""price_id"": ""price_1TdNJQE2kujhweZxsVZ9mDBc"", ""quantity"": 1}], ""proration_behavior"": ""create_prorations"", ""start_date"": ""2026-06-01""}, {""end_date"": ""2044-07-02"", ""items"": [{""price_id"": ""price_1TdNJQE2kujhweZxsVZ9mDBc"", ""quantity"": 1}], ""proration_behavior"": ""none"", ""start_date"": ""2026-06-02""}]",True,True,[],would_release_equivalent_two_phase_schedule,True,Subscription has two equivalent schedule phases. Only phase timing or ignored transition fields differ.,
sub_1PY75JE2kujhweZxHLELiLDe,cus_QMevt3Uv7mEmYI,active,2024-06-26,2074-06-26,2027-06-26,2351080169,2044-07-02,False,sub_sched_1PY75JE2kujhweZxlnQQqMVW,active,cancel,2,2044-07-02,"[{""end_date"": ""2026-06-02"", ""items"": [{""price_id"": ""price_1TdNJRE2kujhweZxAXMTokfw"", ""quantity"": 1}], ""proration_behavior"": ""create_prorations"", ""start_date"": ""2026-06-01""}, {""end_date"": ""2044-07-02"", ""items"": [{""price_id"": ""price_1TdNJRE2kujhweZxAXMTokfw"", ""quantity"": 1}], ""proration_behavior"": ""none"", ""start_date"": ""2026-06-02""}]",True,True,[],would_release_equivalent_two_phase_schedule,True,Subscription has two equivalent schedule phases. Only phase timing or ignored transition fields differ.,
sub_1PY73hE2kujhweZxNLai92YW,cus_QMenP1mnrzi0AK,active,2024-06-26,2074-06-26,2027-06-26,2351080069,2044-07-02,False,sub_sched_1PY73hE2kujhweZxIr6eHNwG,active,cancel,2,2044-07-02,"[{""end_date"": ""2026-06-02"", ""items"": [{""price_id"": ""price_1TdNJVE2kujhweZxl6uYoduq"", ""quantity"": 1}], ""proration_behavior"": ""create_prorations"", ""start_date"": ""2026-06-01""}, {""end_date"": ""2044-07-02"", ""items"": [{""price_id"": ""price_1TdNJVE2kujhweZxl6uYoduq"", ""quantity"": 1}], ""proration_behavior"": ""none"", ""start_date"": ""2026-06-02""}]",True,True,[],would_release_equivalent_two_phase_schedule,True,Subscription has two equivalent schedule phases. Only phase timing or ignored transition fields differ.,
sub_1PY72qE2kujhweZx8r6ILCbn,cus_QMPSpCNfVJFwXM,active,2024-06-25,2074-06-25,2027-06-25,2351080016,2044-07-02,False,sub_sched_1PY72qE2kujhweZxnoDYbNex,active,cancel,2,2044-07-02,"[{""end_date"": ""2026-06-02"", ""items"": [{""price_id"": ""price_1TdNJXE2kujhweZxpVLsRJYT"", ""quantity"": 1}], ""proration_behavior"": ""create_prorations"", ""start_date"": ""2026-06-01""}, {""end_date"": ""2044-07-02"", ""items"": [{""price_id"": ""price_1TdNJXE2kujhweZxpVLsRJYT"", ""quantity"": 1}], ""proration_behavior"": ""none"", ""start_date"": ""2026-06-02""}]",True,True,[],would_release_equivalent_two_phase_schedule,True,Subscription has two equivalent schedule phases. Only phase timing or ignored transition fields differ.,
sub_1PY725E2kujhweZxOxZtPfqy,cus_QMPOXrHGwtrBfa,active,2024-06-25,2074-06-25,2027-06-25,2351079969,2044-07-02,False,sub_sched_1PY725E2kujhweZxuNMyxO82,active,cancel,2,2044-07-02,"[{""end_date"": ""2026-06-02"", ""items"": [{""price_id"": ""price_1TdNJYE2kujhweZxVB4Y8qG8"", ""quantity"": 1}], ""proration_behavior"": ""create_prorations"", ""start_date"": ""2026-06-01""}, {""end_date"": ""2044-07-02"", ""items"": [{""price_id"": ""price_1TdNJYE2kujhweZxVB4Y8qG8"", ""quantity"": 1}], ""proration_behavior"": ""none"", ""start_date"": ""2026-06-02""}]",True,True,[],would_release_equivalent_two_phase_schedule,True,Subscription has two equivalent schedule phases. Only phase timing or ignored transition fields differ.,
sub_1PY6zvE2kujhweZxieH3cehf,cus_QMPKq8wqyOxCs6,active,2024-06-25,2074-06-25,2027-06-25,2351079835,2044-07-02,False,sub_sched_1PY6zvE2kujhweZxlpvp34p0,active,cancel,1,2044-07-02,"[{""end_date"": ""2044-07-02"", ""items"": [{""price_id"": ""price_1TdNJZE2kujhweZxNto3suZV"", ""quantity"": 1}], ""proration_behavior"": ""none"", ""start_date"": ""2026-07-09""}]",True,True,[],would_release_schedule,True,Subscription has one active schedule phase with end_behavior=cancel. The schedule can be released and the remaining cancel_at can be cleared.,
sub_1PY6zEE2kujhweZxvW7Nvn4r,cus_QMPHVIxvUh6hcr,active,2024-06-25,2074-06-25,2027-06-25,2351079792,2044-07-02,False,sub_sched_1PY6zEE2kujhweZxvoxy8Om6,active,cancel,2,2044-07-02,"[{""end_date"": ""2026-06-02"", ""items"": [{""price_id"": ""price_1TdNJbE2kujhweZxih6NtaGp"", ""quantity"": 1}], ""proration_behavior"": ""create_prorations"", ""start_date"": ""2026-06-01""}, {""end_date"": ""2044-07-02"", ""items"": [{""price_id"": ""price_1TdNJbE2kujhweZxih6NtaGp"", ""quantity"": 1}], ""proration_behavior"": ""none"", ""start_date"": ""2026-06-02""}]",True,True,[],would_release_equivalent_two_phase_schedule,True,Subscription has two equivalent schedule phases. Only phase timing or ignored transition fields differ.,
sub_1PY6yGE2kujhweZxoO64S6bw,cus_QMPFpKqbaRWhLT,active,2024-06-25,2074-06-25,2027-06-25,2351079732,2044-07-02,False,sub_sched_1PY6yGE2kujhweZx8SIZE6FI,active,cancel,1,2044-07-02,"[{""end_date"": ""2044-07-02"", ""items"": [{""price_id"": ""price_1TdNJcE2kujhweZx03T3CHPd"", ""quantity"": 1}], ""proration_behavior"": ""none"", ""start_date"": ""2026-07-09""}]",True,True,[],would_release_schedule,True,Subscription has one active schedule phase with end_behavior=cancel. The schedule can be released and the remaining cancel_at can be cleared.,
sub_1PY6v1E2kujhweZxeaJYzMuV,cus_QMPDC0lOyZs0n6,active,2024-06-25,2074-06-25,2027-06-25,2351079531,2044-07-02,False,sub_sched_1PY6v1E2kujhweZxCbsKDuga,active,cancel,2,2044-07-02,"[{""end_date"": ""2026-06-02"", ""items"": [{""price_id"": ""price_1TdNJeE2kujhweZxyUBFjCZU"", ""quantity"": 1}], ""proration_behavior"": ""create_prorations"", ""start_date"": ""2026-06-01""}, {""end_date"": ""2044-07-02"", ""items"": [{""price_id"": ""price_1TdNJeE2kujhweZxyUBFjCZU"", ""quantity"": 1}], ""proration_behavior"": ""none"", ""start_date"": ""2026-06-02""}]",True,True,[],would_release_equivalent_two_phase_schedule,True,Subscription has two equivalent schedule phases. Only phase timing or ignored transition fields differ.,
sub_1PY6szE2kujhweZxW51auwEh,cus_QMP190Qcd56trl,active,2024-06-25,2074-06-25,2027-06-25,2351079405,2044-07-02,False,sub_sched_1PY6szE2kujhweZxQRRKDwpI,active,cancel,1,2044-07-02,"[{""end_date"": ""2044-07-02"", ""items"": [{""price_id"": ""price_1TdNJfE2kujhweZxikUTN9XL"", ""quantity"": 1}], ""proration_behavior"": ""none"", ""start_date"": ""2026-07-09""}]",True,True,[],would_release_schedule,True,Subscription has one active schedule phase with end_behavior=cancel. The schedule can be released and the remaining cancel_at can be cleared.,
sub_1PY6rfE2kujhweZx4hYlQ5u5,cus_QMOyveNYEflyUm,active,2024-06-25,2074-06-25,2027-06-25,,,False,,,,0,,[],False,False,[],already_forever,True,"Subscription has no cancel_at, cancel_at_period_end is false, and no schedule is attached.",
sub_1TgQmNE2kujhweZxpdELWHXT,cus_UfmK4kaAwStO8j,past_due,2026-06-09,2076-06-09,2029-06-09,1873944000,2029-05-20,False,sub_sched_1TgQmNE2kujhweZx6uMmxgsQ,active,cancel,1,2029-05-20,"[{""end_date"": ""2029-05-20"", ""items"": [{""price_id"": ""price_1Tdil9E2kujhweZx0Oaxyq85"", ""quantity"": 1}, {""price_id"": ""price_1R8l1SE2kujhweZxySQB0Ift"", ""quantity"": 1}], ""proration_behavior"": ""none"", ""start_date"": ""2026-05-20""}]",True,True,[],would_release_schedule,True,Subscription has one active schedule phase with end_behavior=cancel. The schedule can be released and the remaining cancel_at can be cleared.,
sub_1SonP3E2kujhweZxQl0MtaJi,cus_TmM7PxPUOsxuDI,past_due,2026-01-12,2076-01-12,2029-01-12,1859346000,2028-12-02,False,sub_sched_1SonP3E2kujhweZxfuSnBBso,active,cancel,1,2028-12-02,"[{""end_date"": ""2028-12-02"", ""items"": [{""price_id"": ""price_1TdN7zE2kujhweZxAPrIjiaR"", ""quantity"": 1}, {""price_id"": ""price_1R8l1SE2kujhweZxySQB0Ift"", ""quantity"": 1}], ""proration_behavior"": ""none"", ""start_date"": ""2026-06-01""}]",True,True,[],would_release_schedule,True,Subscription has one active schedule phase with end_behavior=cancel. The schedule can be released and the remaining cancel_at can be cleared.,
sub_1SUUhnE2kujhweZxrA44uqAQ,cus_TRNSxGCMTIpDWa,past_due,2025-11-17,2075-11-17,2028-11-17,1855627200,2028-10-20,False,sub_sched_1SUUhmE2kujhweZxw03LdYye,active,cancel,1,2028-10-20,"[{""end_date"": ""2028-10-20"", ""items"": [{""price_id"": ""price_1TdN8ZE2kujhweZxXihDC0HP"", ""quantity"": 1}, {""price_id"": ""price_1R8l1SE2kujhweZxySQB0Ift"", ""quantity"": 1}], ""proration_behavior"": ""none"", ""start_date"": ""2026-06-01""}]",True,True,[],would_release_schedule,True,Subscription has one active schedule phase with end_behavior=cancel. The schedule can be released and the remaining cancel_at can be cleared.,
sub_1SHzP7E2kujhweZx62VefcLE,cus_Qf83gzJkhkZiEh,past_due,2024-08-14,2074-08-14,2027-08-14,1828756800,2027-12-14,False,sub_sched_1SDVrpE2kujhweZxdYkVocC8,active,cancel,1,2027-12-14,"[{""end_date"": ""2027-12-14"", ""items"": [{""price_id"": ""price_1TdilCE2kujhweZx3klHNayK"", ""quantity"": 1}, {""price_id"": ""price_1PahsjE2kujhweZxZUnm9a53"", ""quantity"": 1}], ""proration_behavior"": ""none"", ""start_date"": ""2026-06-02""}]",True,True,[],would_release_schedule,True,Subscription has one active schedule phase with end_behavior=cancel. The schedule can be released and the remaining cancel_at can be cleared.,
sub_1S0lroE2kujhweZxJRR01XNZ,cus_SwfCrps2yPijRV,past_due,2025-08-27,2075-08-27,2028-08-27,1850962136,2028-08-27,False,sub_sched_1S0lroE2kujhweZxMTQXkd2R,active,cancel,1,2028-08-27,"[{""end_date"": ""2028-08-27"", ""items"": [{""price_id"": ""price_1TdN9oE2kujhweZxEjmile3U"", ""quantity"": 1}, {""price_id"": ""price_1R8l1SE2kujhweZxySQB0Ift"", ""quantity"": 1}], ""proration_behavior"": ""none"", ""start_date"": ""2026-06-01""}]",True,True,[],would_release_schedule,True,Subscription has one active schedule phase with end_behavior=cancel. The schedule can be released and the remaining cancel_at can be cleared.,
sub_1RQxO7E2kujhweZxUadb8VwX,cus_SLegzPtuXemiH9,past_due,2025-05-20,2075-05-20,2028-05-20,1842469671,2028-05-20,False,sub_sched_1RQxO7E2kujhweZxpU80NEdk,active,cancel,1,2028-05-20,"[{""end_date"": ""2028-05-20"", ""items"": [{""price_id"": ""price_1R8l1SE2kujhweZxySQB0Ift"", ""quantity"": 1}, {""price_id"": ""price_1TdNBoE2kujhweZxe4HjG2ss"", ""quantity"": 1}], ""proration_behavior"": ""none"", ""start_date"": ""2026-06-01""}]",True,True,[],would_release_schedule,True,Subscription has one active schedule phase with end_behavior=cancel. The schedule can be released and the remaining cancel_at can be cleared.,
sub_1RQxDxE2kujhweZx1BgPuFMS,cus_SLeWunKG8BEddI,past_due,2025-05-20,2075-05-20,2028-05-20,1842469041,2028-05-20,False,sub_sched_1RQxDxE2kujhweZxMDh9aU8r,active,cancel,1,2028-05-20,"[{""end_date"": ""2028-05-20"", ""items"": [{""price_id"": ""price_1R8l1SE2kujhweZxySQB0Ift"", ""quantity"": 1}, {""price_id"": ""price_1TdilOE2kujhweZxvz8RWIrJ"", ""quantity"": 1}], ""proration_behavior"": ""none"", ""start_date"": ""2026-06-02""}]",True,True,[],would_release_schedule,True,Subscription has one active schedule phase with end_behavior=cancel. The schedule can be released and the remaining cancel_at can be cleared.,
sub_1REVvME2kujhweZxiRUJSRjj,cus_S8nVsPXD1LtYgG,past_due,2025-04-16,2075-04-16,2028-04-16,1839504164,2028-04-16,False,sub_sched_1REVvME2kujhweZxL4JiiDmO,active,cancel,1,2028-04-16,"[{""end_date"": ""2028-04-16"", ""items"": [{""price_id"": ""price_1R8l1SE2kujhweZxySQB0Ift"", ""quantity"": 1}, {""price_id"": ""price_1TdNDZE2kujhweZxhgP9yLs1"", ""quantity"": 1}], ""proration_behavior"": ""none"", ""start_date"": ""2026-06-01""}]",True,True,[],would_release_schedule,True,Subscription has one active schedule phase with end_behavior=cancel. The schedule can be released and the remaining cancel_at can be cleared.,
sub_1QZJJ7E2kujhweZxgtdbdiWR,cus_RSDkKmMhjJrKhZ,past_due,2024-12-23,2074-12-23,2027-12-23,1829597816,2027-12-23,False,sub_sched_1QZJJ6E2kujhweZxoAmdk6WO,active,cancel,1,2027-12-23,"[{""end_date"": ""2027-12-23"", ""items"": [{""price_id"": ""price_1PahsjE2kujhweZxZUnm9a53"", ""quantity"": 1}, {""price_id"": ""price_1TdNFmE2kujhweZxZwR1UBQK"", ""quantity"": 1}], ""proration_behavior"": ""none"", ""start_date"": ""2026-06-01""}]",True,True,[],would_release_schedule,True,Subscription has one active schedule phase with end_behavior=cancel. The schedule can be released and the remaining cancel_at can be cleared.,
sub_1QMxgvE2kujhweZxvIiygN4G,cus_RFSXVe5Z6ltM8P,past_due,2024-11-19,2074-11-19,2027-11-19,1826654789,2027-11-19,False,sub_sched_1QMxgvE2kujhweZx6i0MrSZr,active,cancel,1,2027-11-19,"[{""end_date"": ""2027-11-19"", ""items"": [{""price_id"": ""price_1PahsjE2kujhweZxZUnm9a53"", ""quantity"": 1}, {""price_id"": ""price_1TdilWE2kujhweZxg1IiGiO0"", ""quantity"": 1}], ""proration_behavior"": ""none"", ""start_date"": ""2026-06-02""}]",True,True,[],would_release_schedule,True,Subscription has one active schedule phase with end_behavior=cancel. The schedule can be released and the remaining cancel_at can be cleared.,
sub_1QAaIQE2kujhweZxbdvoSBm5,cus_R2fdRAOAGCy7DM,past_due,2024-10-16,2074-10-16,2027-10-16,1823704922,2027-10-16,False,sub_sched_1QAaIQE2kujhweZxoTGfjygo,active,cancel,1,2027-10-16,"[{""end_date"": ""2027-10-16"", ""items"": [{""price_id"": ""price_1PahsjE2kujhweZxZUnm9a53"", ""quantity"": 1}, {""price_id"": ""price_1TdNHTE2kujhweZxx91ESivf"", ""quantity"": 1}], ""proration_behavior"": ""none"", ""start_date"": ""2026-06-01""}]",True,True,[],would_release_schedule,True,Subscription has one active schedule phase with end_behavior=cancel. The schedule can be released and the remaining cancel_at can be cleared.,
sub_1PizHCE2kujhweZxwr4XMMYP,cus_QZmVBXJLnUZflF,past_due,2024-07-31,2074-07-31,2027-07-31,1817127762,2027-08-01,False,sub_sched_1PizHCE2kujhweZxPgGzPyCN,active,cancel,1,2027-08-01,"[{""end_date"": ""2027-08-01"", ""items"": [{""price_id"": ""price_1PahsjE2kujhweZxZUnm9a53"", ""quantity"": 1}, {""price_id"": ""price_1TdilaE2kujhweZxPFXw2mMv"", ""quantity"": 1}], ""proration_behavior"": ""none"", ""start_date"": ""2026-06-02""}]",True,True,[],would_release_schedule,True,Subscription has one active schedule phase with end_behavior=cancel. The schedule can be released and the remaining cancel_at can be cleared.,
sub_1PY7BFE2kujhweZxMv35csIV,cus_QMfIDTybaQMI4n,past_due,2024-06-26,2074-06-26,2027-06-26,2351080537,2044-07-02,False,sub_sched_1PY7BFE2kujhweZxK8Cvu79J,active,cancel,2,2044-07-02,"[{""end_date"": ""2026-06-02"", ""items"": [{""price_id"": ""price_1TdNJGE2kujhweZx9zl91oEq"", ""quantity"": 1}], ""proration_behavior"": ""create_prorations"", ""start_date"": ""2026-06-01""}, {""end_date"": ""2044-07-02"", ""items"": [{""price_id"": ""price_1TdNJGE2kujhweZx9zl91oEq"", ""quantity"": 1}], ""proration_behavior"": ""none"", ""start_date"": ""2026-06-02""}]",True,True,[],would_release_equivalent_two_phase_schedule,True,Subscription has two equivalent schedule phases. Only phase timing or ignored transition fields differ.,
sub_1PY74cE2kujhweZxeRGoi9u1,cus_QMepBWKUKvjx3U,past_due,2024-06-26,2074-06-26,2027-06-26,,,False,sub_sched_1PY74cE2kujhweZxdltRM0pM,active,cancel,2,2044-07-02,"[{""end_date"": ""2026-08-02"", ""items"": [{""price_id"": ""price_1TdNJTE2kujhweZxFjXvvLGU"", ""quantity"": 1}], ""proration_behavior"": ""create_prorations"", ""start_date"": ""2026-07-09""}, {""end_date"": ""2044-07-02"", ""items"": [{""price_id"": ""price_1TdNJTE2kujhweZxFjXvvLGU"", ""quantity"": 1}], ""proration_behavior"": ""none"", ""start_date"": ""2026-08-02""}]",True,False,"[{""fields"": [""automatic_tax"", ""invoice_settings"", ""metadata""], ""phase_number"": 2, ""values"": {""automatic_tax"": {""phase_1"": ""{\n  \""disabled_reason\"": null,\n  \""enabled\"": false,\n  \""liability\"": null\n}"", ""phase_2"": ""{\n  \""disabled_reason\"": null,\n  \""enabled\"": true,\n  \""liability\"": {\n    \""type\"": \""self\""\n  }\n}""}, ""invoice_settings"": {""phase_1"": null, ""phase_2"": ""{\n  \""account_tax_ids\"": null,\n  \""custom_fields\"": null,\n  \""days_until_due\"": null,\n  \""description\"": \""As of May 20, 2025, DivFern Geothermal Limited Partnership \\u201cDivFern Energy\\u201d has taken over the ownership and operation of Fensby Geothermal Limited. There will not be any interruption to the Energy Services for your home, and all terms and conditions of the Residential Energy Services Agreement you signed will remain the same. \\n\\nFor any questions about this change or your system, please visit us at www.divfern.com.\"",\n  \""footer\"": \""Terms and Conditions: \\na) Should you elect to pay a bill by bank debit or credit card (if permitted), you consent to our payment processing vendor retaining your payment information and automatically applying it on a recurring basis to the payment of each subsequent bill unless and until you provide an alternate payment method. You will promptly inform us of any change in: (i) your mailing address at least 30 days in advance of such change; and/or (ii) if previously provided, bank account or credit card information you provided us promptly after such change is made.\\nb) A late payment charge will apply to all overdue amounts on your bill, including applicable federal and provincial taxes. The rate for late payment charges is 1.5% per month or 18% per year (for an effective rate of 19.56% per year). Your bill is due on the date indicated on the bill, or if not indicated, within 20 days\\nc) Should any payment be returned for non-sufficient funds (\\u201cNSF\\u201d), you agree to pay a NSF charge of $25\"",\n  \""issuer\"": null\n}""}, ""metadata"": {""phase_1"": {}, ""phase_2"": {""last_increase_year"": ""2026""}}}}]",manual_review,False,"Schedule requires manual review: multiple_schedule_phases_2, schedule_phases_have_different_business_settings",
sub_1PY6ciE2kujhweZx5d8VadQl,cus_QKSLYimXVZU5oP,past_due,2024-06-20,2074-06-20,2027-06-20,2351078396,2044-07-02,False,sub_sched_1PY6eQE2kujhweZxJL575mvq,active,cancel,1,2044-07-02,"[{""end_date"": ""2044-07-02"", ""items"": [{""price_id"": ""price_1TdNJiE2kujhweZxqV7Tf23w"", ""quantity"": 1}], ""proration_behavior"": ""none"", ""start_date"": ""2026-07-13""}]",True,True,[],would_release_schedule,True,Subscription has one active schedule phase with end_behavior=cancel. The schedule can be released and the remaining cancel_at can be cleared.,
