run_id,subscription_id,customer_id,preview_action,safe_to_apply,requested_action,status,reason,verification_passed,http_status,individual_log_file,error
ada2865f-f860-433d-9c98-93ab16f1de3f,sub_1TqYIUE2kujhweZx6UmAf2ZE,cus_UqElbX5rsYSfwY,already_forever,True,,skipped,already_forever,False,,,
ada2865f-f860-433d-9c98-93ab16f1de3f,sub_1TqY58E2kujhweZxemyjqeqN,cus_UqEYxkHhGHQAFs,would_release_schedule,True,release_schedule,verified_success,,True,200,logs\contract_end_migration_one_2026-07-16_192812_119023.csv,
ada2865f-f860-433d-9c98-93ab16f1de3f,sub_1TgUVnE2kujhweZxbWmSqmZ6,cus_UfqC7GkPLuoLue,would_release_schedule,True,release_schedule,verified_success,,True,200,logs\contract_end_migration_one_2026-07-16_192817_765839.csv,
ada2865f-f860-433d-9c98-93ab16f1de3f,sub_1TgSSmE2kujhweZx0omYjE9V,cus_Ufo3f662KEk9vy,would_release_schedule,True,release_schedule,verified_success,,True,200,logs\contract_end_migration_one_2026-07-16_192823_477102.csv,
ada2865f-f860-433d-9c98-93ab16f1de3f,sub_1TgRmtE2kujhweZxH0ak7I7c,cus_UfnNlu2CK38zxo,would_release_schedule,True,release_schedule,verified_success,,True,200,logs\contract_end_migration_one_2026-07-16_192828_482489.csv,
ada2865f-f860-433d-9c98-93ab16f1de3f,sub_1TgR5rE2kujhweZxc3IpXDaB,cus_Ufmfy38ySmL4qV,would_release_schedule,True,release_schedule,verified_success,,True,200,logs\contract_end_migration_one_2026-07-16_192834_496853.csv,
ada2865f-f860-433d-9c98-93ab16f1de3f,sub_1TgQycE2kujhweZxiSDqLZ7d,cus_UfmXOfNLyvqNED,would_release_schedule,True,release_schedule,verified_success,,True,200,logs\contract_end_migration_one_2026-07-16_192838_794663.csv,
ada2865f-f860-433d-9c98-93ab16f1de3f,sub_1TgQsIE2kujhweZxrVKdu2pA,cus_UfmQZ3A9lnBMiX,would_release_schedule,True,release_schedule,verified_success,,True,200,logs\contract_end_migration_one_2026-07-16_192845_960824.csv,
ada2865f-f860-433d-9c98-93ab16f1de3f,sub_1TgQgqE2kujhweZxZNGzQWWk,cus_UfmEkXJGLjTlUM,would_release_schedule,True,release_schedule,verified_success,,True,200,logs\contract_end_migration_one_2026-07-16_192851_271957.csv,
ada2865f-f860-433d-9c98-93ab16f1de3f,sub_1TgQ2AE2kujhweZxQ4ENWBEZ,cus_UflZpdhBbU40SI,would_release_schedule,True,release_schedule,verified_success,,True,200,logs\contract_end_migration_one_2026-07-16_192855_120885.csv,
ada2865f-f860-433d-9c98-93ab16f1de3f,sub_1TgPtqE2kujhweZxojdhDtQ0,cus_UflQ09lyQ7BM2m,would_release_schedule,True,release_schedule,verified_success,,True,200,logs\contract_end_migration_one_2026-07-16_192859_526973.csv,
ada2865f-f860-433d-9c98-93ab16f1de3f,sub_1Tf0mbE2kujhweZxBkklcyWP,cus_UeJPzA3VbtKL9y,would_release_schedule,True,release_schedule,verified_success,,True,200,logs\contract_end_migration_one_2026-07-16_192905_923681.csv,
ada2865f-f860-433d-9c98-93ab16f1de3f,sub_1Tf0g6E2kujhweZxUgJTEjKg,cus_UeJIxHxj2FXlc8,would_release_schedule,True,release_schedule,verified_success,,True,200,logs\contract_end_migration_one_2026-07-16_192910_681680.csv,
ada2865f-f860-433d-9c98-93ab16f1de3f,sub_1Tf0OZE2kujhweZxhRcHPnZE,cus_UeJ0sq2owRo6dd,would_release_schedule,True,release_schedule,verified_success,,True,200,logs\contract_end_migration_one_2026-07-16_192914_836939.csv,
ada2865f-f860-433d-9c98-93ab16f1de3f,sub_1Tf08qE2kujhweZxg1Yz74NM,cus_UeIkzZoxc5BELd,would_release_schedule,True,release_schedule,verified_success,,True,200,logs\contract_end_migration_one_2026-07-16_192918_347820.csv,
ada2865f-f860-433d-9c98-93ab16f1de3f,sub_1TezyhE2kujhweZxV86zzj0i,cus_UeIZ0SwN62XnyV,would_release_schedule,True,release_schedule,verified_success,,True,200,logs\contract_end_migration_one_2026-07-16_192925_327041.csv,
ada2865f-f860-433d-9c98-93ab16f1de3f,sub_1TezkpE2kujhweZx2T0MXmGH,cus_UeILyiRqnGC9Mi,would_release_schedule,True,release_schedule,verified_success,,True,200,logs\contract_end_migration_one_2026-07-16_192928_053773.csv,
ada2865f-f860-433d-9c98-93ab16f1de3f,sub_1Tey5wE2kujhweZxJHzFWAUQ,cus_UeGctl1iPY011Y,would_release_schedule,True,release_schedule,verified_success,,True,200,logs\contract_end_migration_one_2026-07-16_192931_078106.csv,
ada2865f-f860-433d-9c98-93ab16f1de3f,sub_1TexuhE2kujhweZx3ALYf76C,cus_UeGRodfO0LnigF,would_release_schedule,True,release_schedule,verified_success,,True,200,logs\contract_end_migration_one_2026-07-16_192934_612623.csv,
ada2865f-f860-433d-9c98-93ab16f1de3f,sub_1TexnZE2kujhweZxHAVd30UB,cus_UeGK1xSB51hYJp,would_release_schedule,True,release_schedule,verified_success,,True,200,logs\contract_end_migration_one_2026-07-16_192941_428784.csv,
ada2865f-f860-433d-9c98-93ab16f1de3f,sub_1TexQIE2kujhweZxKCBgJYUf,cus_UeFwR5skAIThOZ,would_release_schedule,True,release_schedule,verified_success,,True,200,logs\contract_end_migration_one_2026-07-16_192947_603182.csv,
ada2865f-f860-433d-9c98-93ab16f1de3f,sub_1Tex7lE2kujhweZxd3Cx9Gav,cus_UeFcRmTvqgTC6E,would_release_schedule,True,release_schedule,verified_success,,True,200,logs\contract_end_migration_one_2026-07-16_192951_765329.csv,
ada2865f-f860-433d-9c98-93ab16f1de3f,sub_1TewrgE2kujhweZx3gv0M1r8,cus_UeFMyy0yGxIC3r,would_release_schedule,True,release_schedule,verified_success,,True,200,logs\contract_end_migration_one_2026-07-16_192954_933065.csv,
ada2865f-f860-433d-9c98-93ab16f1de3f,sub_1TTnDHE2kujhweZxsJOp2viU,cus_USieRzJ5q7pL3Y,would_release_schedule,True,release_schedule,verified_success,,True,200,logs\contract_end_migration_one_2026-07-16_192958_389982.csv,
ada2865f-f860-433d-9c98-93ab16f1de3f,sub_1TTn7zE2kujhweZxmbSnfsCA,cus_USiYqIBaFkHvPQ,would_release_schedule,True,release_schedule,verified_success,,True,200,logs\contract_end_migration_one_2026-07-16_193003_792660.csv,
ada2865f-f860-433d-9c98-93ab16f1de3f,sub_1TTmzQE2kujhweZx8Lb8yR7Q,cus_USiQD9LO82Foy1,would_release_schedule,True,release_schedule,verified_success,,True,200,logs\contract_end_migration_one_2026-07-16_193008_276626.csv,
ada2865f-f860-433d-9c98-93ab16f1de3f,sub_1TTmraE2kujhweZx6eh2OUTM,cus_USiHeVxUVXQycP,would_release_schedule,True,release_schedule,verified_success,,True,200,logs\contract_end_migration_one_2026-07-16_193012_551115.csv,
ada2865f-f860-433d-9c98-93ab16f1de3f,sub_1TTmmSE2kujhweZxLn7oxX5H,cus_USiCERRBbD3Tdg,would_release_schedule,True,release_schedule,verified_success,,True,200,logs\contract_end_migration_one_2026-07-16_193018_125781.csv,
ada2865f-f860-433d-9c98-93ab16f1de3f,sub_1TTmhaE2kujhweZxSLp7TjSH,cus_USi76sdJ1UVgsm,would_release_schedule,True,release_schedule,verified_success,,True,200,logs\contract_end_migration_one_2026-07-16_193023_558462.csv,
ada2865f-f860-433d-9c98-93ab16f1de3f,sub_1TThTGE2kujhweZxfCCbTfTB,cus_UScitaCk28EshL,would_release_schedule,True,release_schedule,verified_success,,True,200,logs\contract_end_migration_one_2026-07-16_193028_743043.csv,
ada2865f-f860-433d-9c98-93ab16f1de3f,sub_1TThLQE2kujhweZxBGs9Qoij,cus_UScYE3CARaR1vk,would_release_schedule,True,release_schedule,verified_success,,True,200,logs\contract_end_migration_one_2026-07-16_193034_112186.csv,
ada2865f-f860-433d-9c98-93ab16f1de3f,sub_1TThC8E2kujhweZxdSqudiUU,cus_UScQ8ed5np1RVK,would_release_schedule,True,release_schedule,verified_success,,True,200,logs\contract_end_migration_one_2026-07-16_193038_554906.csv,
ada2865f-f860-433d-9c98-93ab16f1de3f,sub_1TTQsyE2kujhweZxSzWNUD8s,cus_USLZo2T8Mt452c,would_release_schedule,True,release_schedule,verified_success,,True,200,logs\contract_end_migration_one_2026-07-16_193042_762502.csv,
ada2865f-f860-433d-9c98-93ab16f1de3f,sub_1TTQowE2kujhweZxGLTa4ils,cus_USLVz6JeOtlNho,would_release_schedule,True,release_schedule,verified_success,,True,200,logs\contract_end_migration_one_2026-07-16_193046_118953.csv,
ada2865f-f860-433d-9c98-93ab16f1de3f,sub_1TTQi6E2kujhweZxBZ6MnM4A,cus_USLOqmA4XaqTa8,would_release_schedule,True,release_schedule,verified_success,,True,200,logs\contract_end_migration_one_2026-07-16_193055_052840.csv,
ada2865f-f860-433d-9c98-93ab16f1de3f,sub_1TTQWoE2kujhweZx0NtbzPat,cus_USLDwIDJbO19rs,would_release_schedule,True,release_schedule,verified_success,,True,200,logs\contract_end_migration_one_2026-07-16_193058_601427.csv,
ada2865f-f860-433d-9c98-93ab16f1de3f,sub_1TTQQyE2kujhweZxtoPHxD9O,cus_USL71BSD7ayXnj,would_release_schedule,True,release_schedule,verified_success,,True,200,logs\contract_end_migration_one_2026-07-16_193103_637771.csv,
ada2865f-f860-433d-9c98-93ab16f1de3f,sub_1TTQIfE2kujhweZx2evxs9w9,cus_USKy2pNentbuFy,would_release_schedule,True,release_schedule,verified_success,,True,200,logs\contract_end_migration_one_2026-07-16_193108_533672.csv,
ada2865f-f860-433d-9c98-93ab16f1de3f,sub_1TTQ9nE2kujhweZxApExWUm4,cus_USKp8nfhnqRv7C,would_release_schedule,True,release_schedule,verified_success,,True,200,logs\contract_end_migration_one_2026-07-16_193112_492371.csv,
ada2865f-f860-433d-9c98-93ab16f1de3f,sub_1TTQ3uE2kujhweZxpi2ZQmB9,cus_USKjnGPZe1qMfq,would_release_schedule,True,release_schedule,verified_success,,True,200,logs\contract_end_migration_one_2026-07-16_193117_521763.csv,
ada2865f-f860-433d-9c98-93ab16f1de3f,sub_1TTPORE2kujhweZxaU1R3gIU,cus_R2dcfQkRlDccAH,would_clear_cancel_at,True,clear_cancel_at,verified_success,,True,200,logs\contract_end_migration_one_2026-07-16_193122_644699.csv,
ada2865f-f860-433d-9c98-93ab16f1de3f,sub_1TREdPE2kujhweZxnijkjU2G,cus_SIeRTDfvxE7yMR,would_release_schedule,True,release_schedule,verified_success,,True,200,logs\contract_end_migration_one_2026-07-16_193127_962702.csv,
ada2865f-f860-433d-9c98-93ab16f1de3f,sub_1TQpeIE2kujhweZxWynJGFwN,cus_SLethGoBn9Bmko,already_forever,True,,skipped,already_forever,False,,,
ada2865f-f860-433d-9c98-93ab16f1de3f,sub_1TJc2IE2kujhweZxbUxHZJZO,cus_UICROQlL3tp3i9,would_release_schedule,True,release_schedule,verified_success,,True,200,logs\contract_end_migration_one_2026-07-16_193131_556307.csv,
ada2865f-f860-433d-9c98-93ab16f1de3f,sub_1TJG2LE2kujhweZxRbeXO5zP,cus_UHphFqEBWhrEK7,would_release_schedule,True,release_schedule,verified_success,,True,200,logs\contract_end_migration_one_2026-07-16_193134_326511.csv,
ada2865f-f860-433d-9c98-93ab16f1de3f,sub_1TJFtdE2kujhweZxdBPO60WI,cus_UHpY0fheLPJfVg,would_release_schedule,True,release_schedule,verified_success,,True,200,logs\contract_end_migration_one_2026-07-16_193138_605579.csv,
ada2865f-f860-433d-9c98-93ab16f1de3f,sub_1TJFgKE2kujhweZxUB5IVASp,cus_UHpKEl3wGCxKiB,would_release_schedule,True,release_schedule,verified_success,,True,200,logs\contract_end_migration_one_2026-07-16_193142_877824.csv,
ada2865f-f860-433d-9c98-93ab16f1de3f,sub_1TJFLeE2kujhweZxn3YWF5by,cus_UHozEVl4CHzIn5,would_release_schedule,True,release_schedule,verified_success,,True,200,logs\contract_end_migration_one_2026-07-16_193147_765033.csv,
ada2865f-f860-433d-9c98-93ab16f1de3f,sub_1THT3BE2kujhweZxmG1fUnwE,cus_UFyzDrjrZhlFd0,already_forever,True,,skipped,already_forever,False,,,
ada2865f-f860-433d-9c98-93ab16f1de3f,sub_1THSv0E2kujhweZxBtf4LH9I,cus_UFyshW0jgXwq4n,would_release_schedule,True,release_schedule,verified_success,,True,200,logs\contract_end_migration_one_2026-07-16_193151_038546.csv,
ada2865f-f860-433d-9c98-93ab16f1de3f,sub_1THSg9E2kujhweZxewKxJlJx,cus_UFybP5ASPM3jIj,would_release_schedule,True,release_schedule,verified_success,,True,200,logs\contract_end_migration_one_2026-07-16_193154_836771.csv,
ada2865f-f860-433d-9c98-93ab16f1de3f,sub_1THSSSE2kujhweZxUBGhWxBh,cus_UFyO7V9rAB9RW8,would_release_schedule,True,release_schedule,verified_success,,True,200,logs\contract_end_migration_one_2026-07-16_193159_908833.csv,
ada2865f-f860-433d-9c98-93ab16f1de3f,sub_1T7MpmE2kujhweZxf13at00q,cus_U5Xvh0l6CkPVYn,would_release_schedule,True,release_schedule,verified_success,,True,200,logs\contract_end_migration_one_2026-07-16_193202_961831.csv,
ada2865f-f860-433d-9c98-93ab16f1de3f,sub_1T7MlSE2kujhweZxK2yoc9cq,cus_U5Xr6f64yvPedC,would_release_schedule,True,release_schedule,verified_success,,True,200,logs\contract_end_migration_one_2026-07-16_193208_160761.csv,
ada2865f-f860-433d-9c98-93ab16f1de3f,sub_1T7Md8E2kujhweZxNi8DV9Bl,cus_U5XiAcxxUmTDNP,would_release_schedule,True,release_schedule,verified_success,,True,200,logs\contract_end_migration_one_2026-07-16_193212_294966.csv,
ada2865f-f860-433d-9c98-93ab16f1de3f,sub_1T7MNXE2kujhweZxuVGL1wZi,cus_U5XSeZo2Bt7HGF,would_release_schedule,True,release_schedule,verified_success,,True,200,logs\contract_end_migration_one_2026-07-16_193215_325789.csv,
ada2865f-f860-433d-9c98-93ab16f1de3f,sub_1T7MGhE2kujhweZxhYTw8Tnk,cus_U5XL5rC9zfLeoq,would_release_schedule,True,release_schedule,verified_success,,True,200,logs\contract_end_migration_one_2026-07-16_193220_773992.csv,
ada2865f-f860-433d-9c98-93ab16f1de3f,sub_1T7M7IE2kujhweZxgGYLF34D,cus_U5XBcUhMoRFR9F,would_release_schedule,True,release_schedule,verified_success,,True,200,logs\contract_end_migration_one_2026-07-16_193226_031849.csv,
ada2865f-f860-433d-9c98-93ab16f1de3f,sub_1T7M2FE2kujhweZx7vmqAo34,cus_U5X6r3eutzFpad,would_release_schedule,True,release_schedule,verified_success,,True,200,logs\contract_end_migration_one_2026-07-16_193230_075495.csv,
ada2865f-f860-433d-9c98-93ab16f1de3f,sub_1T7Lv7E2kujhweZx9HxFLoPM,cus_U5WyLs5f0gV5x3,would_release_schedule,True,release_schedule,verified_success,,True,200,logs\contract_end_migration_one_2026-07-16_193235_872985.csv,
ada2865f-f860-433d-9c98-93ab16f1de3f,sub_1T7LpkE2kujhweZx7cMIWtoe,cus_U5WtwHgFoVdrMT,would_release_schedule,True,release_schedule,verified_success,,True,200,logs\contract_end_migration_one_2026-07-16_193239_076270.csv,
ada2865f-f860-433d-9c98-93ab16f1de3f,sub_1T6afME2kujhweZxHIf3taWd,cus_U4k9bqslu8OwCN,would_release_schedule,True,release_schedule,verified_success,,True,200,logs\contract_end_migration_one_2026-07-16_193243_630405.csv,
ada2865f-f860-433d-9c98-93ab16f1de3f,sub_1T6aYoE2kujhweZxwDzespw5,cus_U4k2Gq3nqLjFoi,would_release_schedule,True,release_schedule,verified_success,,True,200,logs\contract_end_migration_one_2026-07-16_193247_159566.csv,
ada2865f-f860-433d-9c98-93ab16f1de3f,sub_1T6aH4E2kujhweZx34eS9wNk,cus_U4jkjAEDU7aPx6,would_release_schedule,True,release_schedule,verified_success,,True,200,logs\contract_end_migration_one_2026-07-16_193252_276199.csv,
ada2865f-f860-433d-9c98-93ab16f1de3f,sub_1T5XvrE2kujhweZxUPALA1p4,cus_U3fGw5irS6rEMT,would_release_schedule,True,release_schedule,verified_success,,True,200,logs\contract_end_migration_one_2026-07-16_193256_240056.csv,
ada2865f-f860-433d-9c98-93ab16f1de3f,sub_1T5WsOE2kujhweZxftJWp1is,cus_U3eALIfadsDEwc,would_release_schedule,True,release_schedule,verified_success,,True,200,logs\contract_end_migration_one_2026-07-16_193259_349519.csv,
ada2865f-f860-433d-9c98-93ab16f1de3f,sub_1T5WiDE2kujhweZxF37mGTiL,cus_U3dz6fux58NBVv,would_release_schedule,True,release_schedule,verified_success,,True,200,logs\contract_end_migration_one_2026-07-16_193302_594068.csv,
ada2865f-f860-433d-9c98-93ab16f1de3f,sub_1T5VobE2kujhweZxMIukrY2R,cus_U3d4eSQdBztBum,would_release_schedule,True,release_schedule,verified_success,,True,200,logs\contract_end_migration_one_2026-07-16_193305_646598.csv,
ada2865f-f860-433d-9c98-93ab16f1de3f,sub_1SyzuoE2kujhweZxG043LCs3,cus_Twti18y39aowVc,would_release_schedule,True,release_schedule,verified_success,,True,200,logs\contract_end_migration_one_2026-07-16_193311_347137.csv,
ada2865f-f860-433d-9c98-93ab16f1de3f,sub_1SyzqkE2kujhweZxBd3LjGdn,cus_Twtd81CgCgF14X,would_release_schedule,True,release_schedule,verified_success,,True,200,logs\contract_end_migration_one_2026-07-16_193315_014583.csv,
ada2865f-f860-433d-9c98-93ab16f1de3f,sub_1SyyG3E2kujhweZxwMyyJinB,cus_Twrweb8U5jb5KL,would_release_schedule,True,release_schedule,verified_success,,True,200,logs\contract_end_migration_one_2026-07-16_193319_961423.csv,
ada2865f-f860-433d-9c98-93ab16f1de3f,sub_1SyxmuE2kujhweZx3BNJFVO2,cus_TwrVcFkCAQzRY1,would_release_schedule,True,release_schedule,verified_success,,True,200,logs\contract_end_migration_one_2026-07-16_193329_168881.csv,
ada2865f-f860-433d-9c98-93ab16f1de3f,sub_1SyxZIE2kujhweZxKgkxdNcJ,cus_TwrHtvk6VT9mxr,would_release_schedule,True,release_schedule,verified_success,,True,200,logs\contract_end_migration_one_2026-07-16_193333_647898.csv,
ada2865f-f860-433d-9c98-93ab16f1de3f,sub_1SyxM0E2kujhweZxlJMs13gR,cus_Twr4dZHq4E8eDn,would_release_schedule,True,release_schedule,verified_success,,True,200,logs\contract_end_migration_one_2026-07-16_193337_597394.csv,
ada2865f-f860-433d-9c98-93ab16f1de3f,sub_1SyxHeE2kujhweZxGcDxmbUL,cus_TwqzpfY9TP06Tn,would_release_schedule,True,release_schedule,verified_success,,True,200,logs\contract_end_migration_one_2026-07-16_193341_959143.csv,
ada2865f-f860-433d-9c98-93ab16f1de3f,sub_1SywvWE2kujhweZxTW4viwgO,cus_TwqcjDB8NFH7bG,would_release_schedule,True,release_schedule,verified_success,,True,200,logs\contract_end_migration_one_2026-07-16_193345_808076.csv,
ada2865f-f860-433d-9c98-93ab16f1de3f,sub_1Sywo6E2kujhweZxUzNKdLdV,cus_TwqVXDVtlqwqPZ,would_release_schedule,True,release_schedule,verified_success,,True,200,logs\contract_end_migration_one_2026-07-16_193349_524035.csv,
ada2865f-f860-433d-9c98-93ab16f1de3f,sub_1SywhWE2kujhweZxQqvTQ3Vc,cus_TwqOMQmH37KYmP,would_release_schedule,True,release_schedule,verified_success,,True,200,logs\contract_end_migration_one_2026-07-16_193400_867767.csv,
ada2865f-f860-433d-9c98-93ab16f1de3f,sub_1SywTKE2kujhweZx0MSIqGcB,cus_Twq9JpfSDQUuXc,would_release_schedule,True,release_schedule,verified_success,,True,200,logs\contract_end_migration_one_2026-07-16_193404_363940.csv,
ada2865f-f860-433d-9c98-93ab16f1de3f,sub_1SxubxE2kujhweZxOOIhX7hE,cus_TvmAemcZu5H42G,would_release_schedule,True,release_schedule,verified_success,,True,200,logs\contract_end_migration_one_2026-07-16_193408_462264.csv,
ada2865f-f860-433d-9c98-93ab16f1de3f,sub_1SxuJlE2kujhweZx2VbtYj3b,cus_TvlrTi4yyyqAy1,would_release_schedule,True,release_schedule,verified_success,,True,200,logs\contract_end_migration_one_2026-07-16_193412_835129.csv,
ada2865f-f860-433d-9c98-93ab16f1de3f,sub_1SxtvME2kujhweZxVfE432dy,cus_TvlSQpGCuhXX3g,would_release_schedule,True,release_schedule,verified_success,,True,200,logs\contract_end_migration_one_2026-07-16_193416_477446.csv,
ada2865f-f860-433d-9c98-93ab16f1de3f,sub_1Swl6JE2kujhweZx2nkjDkws,cus_TuaGWU67FnhNLF,would_release_schedule,True,release_schedule,verified_success,,True,200,logs\contract_end_migration_one_2026-07-16_193420_241889.csv,
ada2865f-f860-433d-9c98-93ab16f1de3f,sub_1SwTYsE2kujhweZxBm0nviF4,cus_TuI8H704b9IO8i,would_release_schedule,True,release_schedule,verified_success,,True,200,logs\contract_end_migration_one_2026-07-16_193423_767433.csv,
ada2865f-f860-433d-9c98-93ab16f1de3f,sub_1SwShYE2kujhweZx9G1w62fS,cus_TuHFXfBTj2hk6r,would_release_schedule,True,release_schedule,verified_success,,True,200,logs\contract_end_migration_one_2026-07-16_193427_063330.csv,
ada2865f-f860-433d-9c98-93ab16f1de3f,sub_1SwSRVE2kujhweZxn1HK1ah9,cus_TuGzWs5sI2eAKT,would_release_schedule,True,release_schedule,verified_success,,True,200,logs\contract_end_migration_one_2026-07-16_193433_804328.csv,
ada2865f-f860-433d-9c98-93ab16f1de3f,sub_1SwSEvE2kujhweZxdENpmBN5,cus_TuGmeHGqc441FO,would_release_schedule,True,release_schedule,verified_success,,True,200,logs\contract_end_migration_one_2026-07-16_193436_746111.csv,
ada2865f-f860-433d-9c98-93ab16f1de3f,sub_1SwRxcE2kujhweZxCMQasOE7,cus_TuGSMus9JCmxMq,would_release_schedule,True,release_schedule,verified_success,,True,200,logs\contract_end_migration_one_2026-07-16_193440_317432.csv,
ada2865f-f860-433d-9c98-93ab16f1de3f,sub_1SpEOoE2kujhweZxLEBVV9YU,cus_TmnynrhqLRqOMN,would_release_schedule,True,release_schedule,verified_success,,True,200,logs\contract_end_migration_one_2026-07-16_193442_849285.csv,
ada2865f-f860-433d-9c98-93ab16f1de3f,sub_1Sor3WE2kujhweZxldsAhyrP,cus_TmPt2iVHu6nPCA,would_release_schedule,True,release_schedule,verified_success,,True,200,logs\contract_end_migration_one_2026-07-16_193445_927071.csv,
ada2865f-f860-433d-9c98-93ab16f1de3f,sub_1SoqtqE2kujhweZxECHrtg4K,cus_TmPjEcqWY0tSJD,would_release_schedule,True,release_schedule,verified_success,,True,200,logs\contract_end_migration_one_2026-07-16_193449_565898.csv,
ada2865f-f860-433d-9c98-93ab16f1de3f,sub_1SoqjHE2kujhweZx1vZdge74,cus_TmPYAO2n1q2ol5,would_release_schedule,True,release_schedule,verified_success,,True,200,logs\contract_end_migration_one_2026-07-16_193452_561158.csv,
ada2865f-f860-433d-9c98-93ab16f1de3f,sub_1SoqZnE2kujhweZx0qtDLzTv,cus_TmPOlGSaycn08p,would_release_schedule,True,release_schedule,verified_success,,True,200,logs\contract_end_migration_one_2026-07-16_193456_745620.csv,
ada2865f-f860-433d-9c98-93ab16f1de3f,sub_1SoqQTE2kujhweZxi80wZAJX,cus_TmPEaAN68nn9R7,would_release_schedule,True,release_schedule,verified_success,,True,200,logs\contract_end_migration_one_2026-07-16_193507_133545.csv,
ada2865f-f860-433d-9c98-93ab16f1de3f,sub_1SooTNE2kujhweZxhvsorm08,cus_TmNDIxw1cgtczI,would_release_schedule,True,release_schedule,verified_success,,True,200,logs\contract_end_migration_one_2026-07-16_193539_639622.csv,
ada2865f-f860-433d-9c98-93ab16f1de3f,sub_1SontQE2kujhweZxnyRvsGB1,cus_TmMc4dkZpMwCxo,would_release_schedule,True,release_schedule,verified_success,,True,200,logs\contract_end_migration_one_2026-07-16_193546_563307.csv,
ada2865f-f860-433d-9c98-93ab16f1de3f,sub_1SonlfE2kujhweZx9K408SKF,cus_TmMU2ydVnzgyli,would_release_schedule,True,release_schedule,verified_success,,True,200,logs\contract_end_migration_one_2026-07-16_193550_148912.csv,
ada2865f-f860-433d-9c98-93ab16f1de3f,sub_1SoneAE2kujhweZxk67JNvlQ,cus_TmMM7mAcIQZF0c,would_release_schedule,True,release_schedule,verified_success,,True,200,logs\contract_end_migration_one_2026-07-16_193554_077626.csv,
ada2865f-f860-433d-9c98-93ab16f1de3f,sub_1ShucwE2kujhweZx9prlUW88,cus_TfF7SBDHcZOy9l,would_release_schedule,True,release_schedule,verified_success,,True,200,logs\contract_end_migration_one_2026-07-16_193557_730416.csv,
ada2865f-f860-433d-9c98-93ab16f1de3f,sub_1ShuQpE2kujhweZxpPBWL9Sp,cus_TfEu3iFRoaAAj4,would_release_schedule,True,release_schedule,verified_success,,True,200,logs\contract_end_migration_one_2026-07-16_193602_309175.csv,
ada2865f-f860-433d-9c98-93ab16f1de3f,sub_1ShuAyE2kujhweZx11pdapaC,cus_TfEeJhJmv0HRYr,would_release_schedule,True,release_schedule,verified_success,,True,200,logs\contract_end_migration_one_2026-07-16_193608_292959.csv,
ada2865f-f860-433d-9c98-93ab16f1de3f,sub_1Shu5sE2kujhweZxrk3pO4qZ,cus_TfEYTG965hoFyW,would_release_schedule,True,release_schedule,verified_success,,True,200,logs\contract_end_migration_one_2026-07-16_193612_147866.csv,
ada2865f-f860-433d-9c98-93ab16f1de3f,sub_1ShtzDE2kujhweZxGRVWnyl2,cus_TfESmGy5wYfiBg,would_release_schedule,True,release_schedule,verified_success,,True,200,logs\contract_end_migration_one_2026-07-16_193616_760004.csv,
ada2865f-f860-433d-9c98-93ab16f1de3f,sub_1ShtpvE2kujhweZxdXuO8cv0,cus_TfEIpSPG4v1x6x,would_release_schedule,True,release_schedule,verified_success,,True,200,logs\contract_end_migration_one_2026-07-16_193620_798041.csv,
ada2865f-f860-433d-9c98-93ab16f1de3f,sub_1Shtb7E2kujhweZxMyK7WMon,cus_TfE2XAZf2j9pgh,would_release_schedule,True,release_schedule,verified_success,,True,200,logs\contract_end_migration_one_2026-07-16_193626_279024.csv,
ada2865f-f860-433d-9c98-93ab16f1de3f,sub_1Sfmv6E2kujhweZxQfazFiOy,cus_QcQ74a9nR8owLz,would_release_schedule,True,release_schedule,verified_success,,True,200,logs\contract_end_migration_one_2026-07-16_193635_115859.csv,
ada2865f-f860-433d-9c98-93ab16f1de3f,sub_1ScBMkE2kujhweZxuAW64dJT,cus_TZK0xxwHGhbIpv,would_release_schedule,True,release_schedule,verified_success,,True,200,logs\contract_end_migration_one_2026-07-16_193638_346080.csv,
ada2865f-f860-433d-9c98-93ab16f1de3f,sub_1SZZiAE2kujhweZxAyRUYadT,cus_TWcx79v3LYXLQ9,would_release_schedule,True,release_schedule,verified_success,,True,200,logs\contract_end_migration_one_2026-07-16_193642_290317.csv,
ada2865f-f860-433d-9c98-93ab16f1de3f,sub_1SZZdhE2kujhweZx98uXWs19,cus_TWctPE6NP5OuYI,would_release_schedule,True,release_schedule,verified_success,,True,200,logs\contract_end_migration_one_2026-07-16_193645_045739.csv,
ada2865f-f860-433d-9c98-93ab16f1de3f,sub_1SZZZHE2kujhweZxLoo4RVmJ,cus_TWcoOjpCXoL61Y,would_release_schedule,True,release_schedule,verified_success,,True,200,logs\contract_end_migration_one_2026-07-16_193648_152268.csv,
ada2865f-f860-433d-9c98-93ab16f1de3f,sub_1SZZQ5E2kujhweZx1xvHPKG7,cus_TWcfpWm8Q4RT67,would_release_schedule,True,release_schedule,verified_success,,True,200,logs\contract_end_migration_one_2026-07-16_193651_322792.csv,
ada2865f-f860-433d-9c98-93ab16f1de3f,sub_1SZZJBE2kujhweZxLtPTD34u,cus_TWcYoZsZnCjwEr,would_release_schedule,True,release_schedule,verified_success,,True,200,logs\contract_end_migration_one_2026-07-16_193654_204755.csv,
ada2865f-f860-433d-9c98-93ab16f1de3f,sub_1SZZAIE2kujhweZxzT6sDAs8,cus_TWcOlrHcSQT07l,would_release_schedule,True,release_schedule,verified_success,,True,200,logs\contract_end_migration_one_2026-07-16_193658_798057.csv,
ada2865f-f860-433d-9c98-93ab16f1de3f,sub_1SZYsAE2kujhweZxnEgJqdXP,cus_TWc6wKMdnuZ1lC,would_release_schedule,True,release_schedule,verified_success,,True,200,logs\contract_end_migration_one_2026-07-16_193702_397895.csv,
ada2865f-f860-433d-9c98-93ab16f1de3f,sub_1SZYdJE2kujhweZx3nPRi21k,cus_TWbqtNgNd6AXOa,would_release_schedule,True,release_schedule,verified_success,,True,200,logs\contract_end_migration_one_2026-07-16_193705_568363.csv,
ada2865f-f860-433d-9c98-93ab16f1de3f,sub_1SXj6pE2kujhweZxEiD5W3E6,cus_TUiX2Hqwn2mD7K,would_release_schedule,True,release_schedule,verified_success,,True,200,logs\contract_end_migration_one_2026-07-16_193711_011703.csv,
ada2865f-f860-433d-9c98-93ab16f1de3f,sub_1SUpFcE2kujhweZxyfUAC0Eq,cus_TRigCinpvu3qai,would_release_schedule,True,release_schedule,verified_success,,True,200,logs\contract_end_migration_one_2026-07-16_193715_929995.csv,
ada2865f-f860-433d-9c98-93ab16f1de3f,sub_1SUVp2E2kujhweZxeHmOfFYD,cus_TROcnXpmWZA9pG,would_release_schedule,True,release_schedule,verified_success,,True,200,logs\contract_end_migration_one_2026-07-16_193721_799058.csv,
ada2865f-f860-433d-9c98-93ab16f1de3f,sub_1SUUYhE2kujhweZx4LEDELhD,cus_TRNJkoYIG1Cv2y,would_release_schedule,True,release_schedule,verified_success,,True,200,logs\contract_end_migration_one_2026-07-16_193730_652272.csv,
ada2865f-f860-433d-9c98-93ab16f1de3f,sub_1SUUESE2kujhweZxXeJrwiRZ,cus_TRMx7mDqie9IHI,would_release_schedule,True,release_schedule,verified_success,,True,200,logs\contract_end_migration_one_2026-07-16_193736_054484.csv,
ada2865f-f860-433d-9c98-93ab16f1de3f,sub_1SUTvGE2kujhweZxHDncvLyu,cus_TPYCx6H5rpNHEz,would_release_schedule,True,release_schedule,verified_success,,True,200,logs\contract_end_migration_one_2026-07-16_193739_758027.csv,
ada2865f-f860-433d-9c98-93ab16f1de3f,sub_1ST19UE2kujhweZx7a6l7SJn,cus_TPqr6czZanFa1X,would_release_schedule,True,release_schedule,verified_success,,True,200,logs\contract_end_migration_one_2026-07-16_193745_872872.csv,
ada2865f-f860-433d-9c98-93ab16f1de3f,sub_1ST148E2kujhweZxfljEtfuh,cus_TPqlwIlwS28aAF,would_release_schedule,True,release_schedule,verified_success,,True,200,logs\contract_end_migration_one_2026-07-16_193753_788084.csv,
ada2865f-f860-433d-9c98-93ab16f1de3f,sub_1ST0thE2kujhweZxo81kkzJz,cus_TPqa1H2yrO8Lav,would_release_schedule,True,release_schedule,verified_success,,True,200,logs\contract_end_migration_one_2026-07-16_193757_725431.csv,
ada2865f-f860-433d-9c98-93ab16f1de3f,sub_1SSjKeE2kujhweZxsDykNwjI,cus_TPYRFRmXhyrfuS,would_release_schedule,True,release_schedule,verified_success,,True,200,logs\contract_end_migration_one_2026-07-16_193810_837334.csv,
ada2865f-f860-433d-9c98-93ab16f1de3f,sub_1SSjDzE2kujhweZxe2lWcwMe,cus_TPYKVYmkTXdCn3,would_release_schedule,True,release_schedule,verified_success,,True,200,logs\contract_end_migration_one_2026-07-16_193814_932226.csv,
ada2865f-f860-433d-9c98-93ab16f1de3f,sub_1SSiubE2kujhweZxLSyTLSgh,cus_TPY0h2a9VDc3Nq,would_release_schedule,True,release_schedule,verified_success,,True,200,logs\contract_end_migration_one_2026-07-16_193818_906727.csv,
ada2865f-f860-433d-9c98-93ab16f1de3f,sub_1SSinKE2kujhweZxbpJo2lgb,cus_TPXs2AwxBgruYf,would_release_schedule,True,release_schedule,verified_success,,True,200,logs\contract_end_migration_one_2026-07-16_193824_361798.csv,
ada2865f-f860-433d-9c98-93ab16f1de3f,sub_1SSihEE2kujhweZxm9bDm9Xg,cus_TPXmhFgZ4Q16Av,would_release_schedule,True,release_schedule,verified_success,,True,200,logs\contract_end_migration_one_2026-07-16_193827_510050.csv,
ada2865f-f860-433d-9c98-93ab16f1de3f,sub_1SSibgE2kujhweZx9DveCuJN,cus_TPXgcYHbFljTGf,would_release_schedule,True,release_schedule,verified_success,,True,200,logs\contract_end_migration_one_2026-07-16_193831_257594.csv,
ada2865f-f860-433d-9c98-93ab16f1de3f,sub_1SSiVEE2kujhweZxpABhYVCv,cus_TPXZaslMOsOalr,would_release_schedule,True,release_schedule,verified_success,,True,200,logs\contract_end_migration_one_2026-07-16_193834_071674.csv,
ada2865f-f860-433d-9c98-93ab16f1de3f,sub_1SShtpE2kujhweZxgLBuqGhB,cus_TPWxKkKaYMyRi5,would_release_schedule,True,release_schedule,verified_success,,True,200,logs\contract_end_migration_one_2026-07-16_193836_917941.csv,
ada2865f-f860-433d-9c98-93ab16f1de3f,sub_1SShEME2kujhweZxtH869NCa,cus_TPWGSmWqgbdSqb,would_release_schedule,True,release_schedule,verified_success,,True,200,logs\contract_end_migration_one_2026-07-16_193840_192368.csv,
ada2865f-f860-433d-9c98-93ab16f1de3f,sub_1SSh70E2kujhweZxcAWtzE4w,cus_TPW8NqOtY9NNhY,would_release_schedule,True,release_schedule,verified_success,,True,200,logs\contract_end_migration_one_2026-07-16_193842_759261.csv,
ada2865f-f860-433d-9c98-93ab16f1de3f,sub_1SQBiKE2kujhweZxjdKUUvSo,cus_TMvZYfBtLhexms,would_release_schedule,True,release_schedule,verified_success,,True,200,logs\contract_end_migration_one_2026-07-16_193846_322341.csv,
ada2865f-f860-433d-9c98-93ab16f1de3f,sub_1SIAbCE2kujhweZxJXxGC5FA,cus_TEdsRYAKSJl52l,would_release_schedule,True,release_schedule,verified_success,,True,200,logs\contract_end_migration_one_2026-07-16_193850_848375.csv,
ada2865f-f860-433d-9c98-93ab16f1de3f,sub_1SIAQgE2kujhweZxMrAtdKp9,cus_TEdh8xkSsMqYLI,would_release_schedule,True,release_schedule,verified_success,,True,200,logs\contract_end_migration_one_2026-07-16_193858_678803.csv,
ada2865f-f860-433d-9c98-93ab16f1de3f,sub_1SIAK4E2kujhweZxCALLXwSN,cus_TEdbdGlf1qYaQg,would_release_schedule,True,release_schedule,verified_success,,True,200,logs\contract_end_migration_one_2026-07-16_193903_914902.csv,
ada2865f-f860-433d-9c98-93ab16f1de3f,sub_1SFGzhE2kujhweZxYcJoEjnZ,cus_TBeHeAIg8rxkf2,would_release_schedule,True,release_schedule,verified_success,,True,200,logs\contract_end_migration_one_2026-07-16_193908_243968.csv,
ada2865f-f860-433d-9c98-93ab16f1de3f,sub_1SFGtOE2kujhweZxHv5eufak,cus_TBeBaZJDBQnwRA,would_release_schedule,True,release_schedule,verified_success,,True,200,logs\contract_end_migration_one_2026-07-16_193912_649915.csv,
ada2865f-f860-433d-9c98-93ab16f1de3f,sub_1SFGiVE2kujhweZx2lybzmin,cus_TBe0jT9tIw9UXR,would_release_schedule,True,release_schedule,verified_success,,True,200,logs\contract_end_migration_one_2026-07-16_193915_685926.csv,
ada2865f-f860-433d-9c98-93ab16f1de3f,sub_1SFGb2E2kujhweZx3d1Y8qD8,cus_TBdsVRZwT2wwdW,would_release_schedule,True,release_schedule,verified_success,,True,200,logs\contract_end_migration_one_2026-07-16_193919_441367.csv,
ada2865f-f860-433d-9c98-93ab16f1de3f,sub_1SFGS4E2kujhweZxbi8qNr1a,cus_TBdjB25QSTzuSz,would_release_schedule,True,release_schedule,verified_success,,True,200,logs\contract_end_migration_one_2026-07-16_193922_600767.csv,
ada2865f-f860-433d-9c98-93ab16f1de3f,sub_1SCiWbE2kujhweZxeFup2cza,cus_QPlkakagCgP1rI,would_release_schedule,True,release_schedule,verified_success,,True,200,logs\contract_end_migration_one_2026-07-16_193925_762430.csv,
ada2865f-f860-433d-9c98-93ab16f1de3f,sub_1SBljAE2kujhweZxUdW04JKn,cus_SLeIHZFtv8AOIg,would_release_schedule,True,release_schedule,verified_success,,True,200,logs\contract_end_migration_one_2026-07-16_193929_250517.csv,
ada2865f-f860-433d-9c98-93ab16f1de3f,sub_1SAERbE2kujhweZxQ1e1qgl5,cus_T6RGOyvtfjoGhR,would_release_schedule,True,release_schedule,verified_success,,True,200,logs\contract_end_migration_one_2026-07-16_193932_196834.csv,
ada2865f-f860-433d-9c98-93ab16f1de3f,sub_1SAEDxE2kujhweZx7VmrjsrF,cus_T6R5Rfe42F55BE,would_release_schedule,True,release_schedule,verified_success,,True,200,logs\contract_end_migration_one_2026-07-16_193935_762218.csv,
ada2865f-f860-433d-9c98-93ab16f1de3f,sub_1SADsNE2kujhweZxfd1hzSGa,cus_T6QjxyRyCcIPy5,would_release_schedule,True,release_schedule,verified_success,,True,200,logs\contract_end_migration_one_2026-07-16_193939_675361.csv,
ada2865f-f860-433d-9c98-93ab16f1de3f,sub_1SADjvE2kujhweZxbCfBe4vS,cus_T6QayZsqpyHv6V,would_release_schedule,True,release_schedule,verified_success,,True,200,logs\contract_end_migration_one_2026-07-16_193957_353435.csv,
ada2865f-f860-433d-9c98-93ab16f1de3f,sub_1SADbpE2kujhweZx7Smz3agh,cus_T6QSn0aRlbZbir,would_release_schedule,True,release_schedule,verified_success,,True,200,logs\contract_end_migration_one_2026-07-16_194000_255512.csv,
ada2865f-f860-433d-9c98-93ab16f1de3f,sub_1SADUkE2kujhweZxi8A5EN2u,cus_T6QLv3rk2eRs9P,would_release_schedule,True,release_schedule,verified_success,,True,200,logs\contract_end_migration_one_2026-07-16_194004_112829.csv,
ada2865f-f860-433d-9c98-93ab16f1de3f,sub_1SADLnE2kujhweZxwaHx4gxV,cus_T6QBp7y3tleCOY,would_release_schedule,True,release_schedule,verified_success,,True,200,logs\contract_end_migration_one_2026-07-16_194011_628033.csv,
ada2865f-f860-433d-9c98-93ab16f1de3f,sub_1SAD5nE2kujhweZxB58MZrvR,cus_T6PvA5MOT08FZp,would_release_schedule,True,release_schedule,verified_success,,True,200,logs\contract_end_migration_one_2026-07-16_194016_042765.csv,
ada2865f-f860-433d-9c98-93ab16f1de3f,sub_1SACvFE2kujhweZxENVPfHOg,cus_T6PkEeZuHjZfc3,would_release_schedule,True,release_schedule,verified_success,,True,200,logs\contract_end_migration_one_2026-07-16_194020_725174.csv,
ada2865f-f860-433d-9c98-93ab16f1de3f,sub_1SACg5E2kujhweZxwJGcil2j,cus_T6PUYXohbPlGfC,would_release_schedule,True,release_schedule,verified_success,,True,200,logs\contract_end_migration_one_2026-07-16_194026_726014.csv,
ada2865f-f860-433d-9c98-93ab16f1de3f,sub_1SACWKE2kujhweZxyHi6aCwU,cus_T6PK44wwdwf5jQ,would_release_schedule,True,release_schedule,verified_success,,True,200,logs\contract_end_migration_one_2026-07-16_194031_078282.csv,
ada2865f-f860-433d-9c98-93ab16f1de3f,sub_1S83KVE2kujhweZxbjXzesKt,cus_SM2934gPckz2ui,would_release_schedule,True,release_schedule,verified_success,,True,200,logs\contract_end_migration_one_2026-07-16_194033_586217.csv,
ada2865f-f860-433d-9c98-93ab16f1de3f,sub_1S59WLE2kujhweZxoOeQwN1Q,cus_T1BrcSptuljD5n,would_release_schedule,True,release_schedule,verified_success,,True,200,logs\contract_end_migration_one_2026-07-16_194037_293957.csv,
ada2865f-f860-433d-9c98-93ab16f1de3f,sub_1S59BFE2kujhweZxfXUOtZ3b,cus_T1BXGXC6iwPw6j,would_release_schedule,True,release_schedule,verified_success,,True,200,logs\contract_end_migration_one_2026-07-16_194042_892267.csv,
ada2865f-f860-433d-9c98-93ab16f1de3f,sub_1S58ogE2kujhweZxekYlMNNW,cus_T1BAoLgcIykSnO,would_release_schedule,True,release_schedule,verified_success,,True,200,logs\contract_end_migration_one_2026-07-16_194047_397020.csv,
ada2865f-f860-433d-9c98-93ab16f1de3f,sub_1S58IoE2kujhweZxMSFdB2Tn,cus_T1Ad31saVtw0m5,would_release_schedule,True,release_schedule,verified_success,,True,200,logs\contract_end_migration_one_2026-07-16_194056_975426.csv,
ada2865f-f860-433d-9c98-93ab16f1de3f,sub_1S57nYE2kujhweZxE468Uhp8,cus_T1A7V3rmoF9MnH,would_release_schedule,True,release_schedule,verified_success,,True,200,logs\contract_end_migration_one_2026-07-16_194101_873732.csv,
ada2865f-f860-433d-9c98-93ab16f1de3f,sub_1S57g9E2kujhweZxiIDLiSHZ,cus_T19zcpRAjahCWb,would_release_schedule,True,release_schedule,verified_success,,True,200,logs\contract_end_migration_one_2026-07-16_194105_636308.csv,
ada2865f-f860-433d-9c98-93ab16f1de3f,sub_1S0ll8E2kujhweZxYDzN65VA,cus_Swf5dxbyDlCNcD,would_release_schedule,True,release_schedule,verified_success,,True,200,logs\contract_end_migration_one_2026-07-16_194109_531869.csv,
ada2865f-f860-433d-9c98-93ab16f1de3f,sub_1S0le6E2kujhweZxn135yt8v,cus_SwexNPBP186vAu,would_release_schedule,True,release_schedule,verified_success,,True,200,logs\contract_end_migration_one_2026-07-16_194117_395595.csv,
ada2865f-f860-433d-9c98-93ab16f1de3f,sub_1S0lQAE2kujhweZxXRvshppR,cus_SwejflGyRgH1fO,would_release_schedule,True,release_schedule,verified_success,,True,200,logs\contract_end_migration_one_2026-07-16_194122_443749.csv,
ada2865f-f860-433d-9c98-93ab16f1de3f,sub_1S0lIgE2kujhweZxPsBemMAh,cus_SwebGBZDYr3k46,would_release_schedule,True,release_schedule,verified_success,,True,200,logs\contract_end_migration_one_2026-07-16_194126_124162.csv,
ada2865f-f860-433d-9c98-93ab16f1de3f,sub_1S0l5gE2kujhweZxV2nbauIM,cus_SweOyxCgcSd1V5,would_release_schedule,True,release_schedule,verified_success,,True,200,logs\contract_end_migration_one_2026-07-16_194130_835210.csv,
ada2865f-f860-433d-9c98-93ab16f1de3f,sub_1S0kxUE2kujhweZxl1LbYYtO,cus_SweFZqv7CzREAz,would_release_schedule,True,release_schedule,verified_success,,True,200,logs\contract_end_migration_one_2026-07-16_194134_124352.csv,
ada2865f-f860-433d-9c98-93ab16f1de3f,sub_1S0kfxE2kujhweZxL9d4AH3H,cus_SwdxCk8z1vLjWU,would_release_schedule,True,release_schedule,verified_success,,True,200,logs\contract_end_migration_one_2026-07-16_194137_763670.csv,
ada2865f-f860-433d-9c98-93ab16f1de3f,sub_1S0kUOE2kujhweZxGN2JpOqp,cus_SwdjdqJXqVBO8W,would_release_schedule,True,release_schedule,verified_success,,True,200,logs\contract_end_migration_one_2026-07-16_194141_067387.csv,
ada2865f-f860-433d-9c98-93ab16f1de3f,sub_1S0kCkE2kujhweZx3lKUOEIf,cus_SwdSVaNafAEyfZ,would_release_schedule,True,release_schedule,verified_success,,True,200,logs\contract_end_migration_one_2026-07-16_194145_442494.csv,
ada2865f-f860-433d-9c98-93ab16f1de3f,sub_1S0jmOE2kujhweZx1si8sJn0,cus_SwcoaqfTWPAWxd,would_release_schedule,True,release_schedule,verified_success,,True,200,logs\contract_end_migration_one_2026-07-16_194150_588113.csv,
ada2865f-f860-433d-9c98-93ab16f1de3f,sub_1S04t3E2kujhweZxw2RRdmPg,cus_QMPByU1mVALeJq,would_release_schedule,True,release_schedule,verified_success,,True,200,logs\contract_end_migration_one_2026-07-16_194153_875090.csv,
ada2865f-f860-433d-9c98-93ab16f1de3f,sub_1RvHcEE2kujhweZxxRRBxB7I,cus_SqzavDGc88vsmD,would_release_schedule,True,release_schedule,verified_success,,True,200,logs\contract_end_migration_one_2026-07-16_194157_365968.csv,
ada2865f-f860-433d-9c98-93ab16f1de3f,sub_1RvHWbE2kujhweZxtIJSNvJ1,cus_SqzU3XxZiq79Qg,would_release_schedule,True,release_schedule,verified_success,,True,200,logs\contract_end_migration_one_2026-07-16_194200_610161.csv,
ada2865f-f860-433d-9c98-93ab16f1de3f,sub_1RvHSbE2kujhweZxWhe1XR7r,cus_SqzOPJtLlPxjFq,would_release_schedule,True,release_schedule,verified_success,,True,200,logs\contract_end_migration_one_2026-07-16_194206_767880.csv,
ada2865f-f860-433d-9c98-93ab16f1de3f,sub_1RvHFEE2kujhweZxwLQUaGUk,cus_SqzCOH36HTTeXt,would_release_schedule,True,release_schedule,verified_success,,True,200,logs\contract_end_migration_one_2026-07-16_194209_680201.csv,
ada2865f-f860-433d-9c98-93ab16f1de3f,sub_1RvH4aE2kujhweZx3Cty2CSR,cus_SqyyOT8ylaKNDv,would_release_schedule,True,release_schedule,verified_success,,True,200,logs\contract_end_migration_one_2026-07-16_194213_208245.csv,
ada2865f-f860-433d-9c98-93ab16f1de3f,sub_1Rr4dLE2kujhweZxN1jsuxFs,cus_SmdtpVVVGrIH4e,would_release_schedule,True,release_schedule,verified_success,,True,200,logs\contract_end_migration_one_2026-07-16_194218_277116.csv,
ada2865f-f860-433d-9c98-93ab16f1de3f,sub_1Rr4ZyE2kujhweZx9zi5li3e,cus_SmdqE4QPmcFIbN,would_release_schedule,True,release_schedule,verified_success,,True,200,logs\contract_end_migration_one_2026-07-16_194222_639925.csv,
ada2865f-f860-433d-9c98-93ab16f1de3f,sub_1Rr4WmE2kujhweZxySVRn5nL,cus_SmdnO8Hfv2FAgV,would_release_schedule,True,release_schedule,verified_success,,True,200,logs\contract_end_migration_one_2026-07-16_194227_636271.csv,
ada2865f-f860-433d-9c98-93ab16f1de3f,sub_1Rr4W9E2kujhweZxBiPr51iJ,cus_SmdY7Rt66PgUGe,manual_review,False,,skipped,manual_review,False,,,
ada2865f-f860-433d-9c98-93ab16f1de3f,sub_1RnkDOE2kujhweZxIlexgYi4,cus_SjCX8SbS85YeWj,would_release_schedule,True,release_schedule,verified_success,,True,200,logs\contract_end_migration_one_2026-07-16_194231_214211.csv,
ada2865f-f860-433d-9c98-93ab16f1de3f,sub_1RnjVqE2kujhweZxlKETTxzO,cus_SjBtG4ChfSsyRE,would_release_schedule,True,release_schedule,verified_success,,True,200,logs\contract_end_migration_one_2026-07-16_194234_844019.csv,
ada2865f-f860-433d-9c98-93ab16f1de3f,sub_1RnjTIE2kujhweZxWYibiVtN,cus_SjBppcwIh1IoyY,would_release_schedule,True,release_schedule,verified_success,,True,200,logs\contract_end_migration_one_2026-07-16_194240_447734.csv,
ada2865f-f860-433d-9c98-93ab16f1de3f,sub_1RnjMDE2kujhweZxePCuxgj7,cus_SjBis97ZknYPNZ,would_release_schedule,True,release_schedule,verified_success,,True,200,logs\contract_end_migration_one_2026-07-16_194245_195528.csv,
ada2865f-f860-433d-9c98-93ab16f1de3f,sub_1RnjE8E2kujhweZxoLaMuCMX,cus_SjBaKHN6ao91Pf,would_release_schedule,True,release_schedule,verified_success,,True,200,logs\contract_end_migration_one_2026-07-16_194250_886832.csv,
ada2865f-f860-433d-9c98-93ab16f1de3f,sub_1Rnj3DE2kujhweZxurB4zzh8,cus_SjA4a3mTBCazoy,would_release_schedule,True,release_schedule,verified_success,,True,200,logs\contract_end_migration_one_2026-07-16_194255_280684.csv,
ada2865f-f860-433d-9c98-93ab16f1de3f,sub_1Rnj0cE2kujhweZxPpHx7nHF,cus_SjA2TkyG97lsls,would_release_schedule,True,release_schedule,verified_success,,True,200,logs\contract_end_migration_one_2026-07-16_194258_599489.csv,
ada2865f-f860-433d-9c98-93ab16f1de3f,sub_1Rniy7E2kujhweZxh9PgHNEK,cus_SjA0KYSGZVsZbd,would_release_schedule,True,release_schedule,verified_success,,True,200,logs\contract_end_migration_one_2026-07-16_194305_077347.csv,
ada2865f-f860-433d-9c98-93ab16f1de3f,sub_1RniskE2kujhweZxntQqz8a5,cus_Sj9ygp5ndRi9M0,would_release_schedule,True,release_schedule,verified_success,,True,200,logs\contract_end_migration_one_2026-07-16_194310_403739.csv,
ada2865f-f860-433d-9c98-93ab16f1de3f,sub_1RnidcE2kujhweZxg814RmO2,cus_Sj9vrh44SN8GSi,would_release_schedule,True,release_schedule,verified_success,,True,200,logs\contract_end_migration_one_2026-07-16_194320_469267.csv,
ada2865f-f860-433d-9c98-93ab16f1de3f,sub_1RniXGE2kujhweZxrAa5LjW1,cus_Sj9u37rYwaGqAV,would_release_schedule,True,release_schedule,verified_success,,True,200,logs\contract_end_migration_one_2026-07-16_194325_594488.csv,
ada2865f-f860-433d-9c98-93ab16f1de3f,sub_1Rni3eE2kujhweZxrL8eIeXP,cus_Sj9s4iBq0XxWIM,would_release_schedule,True,release_schedule,verified_success,,True,200,logs\contract_end_migration_one_2026-07-16_194330_497650.csv,
ada2865f-f860-433d-9c98-93ab16f1de3f,sub_1RgHqwE2kujhweZx3T9AQcr2,cus_RKMOiLmIrjh1H2,would_release_schedule,True,release_schedule,verified_success,,True,200,logs\contract_end_migration_one_2026-07-16_194334_199679.csv,
ada2865f-f860-433d-9c98-93ab16f1de3f,sub_1RfioEE2kujhweZxNAnK7lAt,cus_SaubLFjsgYbIO4,would_release_schedule,True,release_schedule,verified_success,,True,200,logs\contract_end_migration_one_2026-07-16_194342_924126.csv,
ada2865f-f860-433d-9c98-93ab16f1de3f,sub_1Rfi6aE2kujhweZxJQ86E9k9,cus_SatqZhwmUX7zDi,would_release_schedule,True,release_schedule,verified_success,,True,200,logs\contract_end_migration_one_2026-07-16_194347_452193.csv,
ada2865f-f860-433d-9c98-93ab16f1de3f,sub_1RfCQGE2kujhweZx75EnQJv2,cus_R7VBBDawGXgFKK,would_release_schedule,True,release_schedule,verified_success,,True,200,logs\contract_end_migration_one_2026-07-16_194351_751321.csv,
ada2865f-f860-433d-9c98-93ab16f1de3f,sub_1Rc7XSE2kujhweZxPzhT2qrx,cus_RfG38rnPoBXJqj,would_release_schedule,True,release_schedule,verified_success,,True,200,logs\contract_end_migration_one_2026-07-16_194354_923478.csv,
ada2865f-f860-433d-9c98-93ab16f1de3f,sub_1Rbl6YE2kujhweZxAFqAa2pS,cus_SWoiM3S2vSdRi4,would_release_schedule,True,release_schedule,verified_success,,True,200,logs\contract_end_migration_one_2026-07-16_194358_788842.csv,
ada2865f-f860-433d-9c98-93ab16f1de3f,sub_1Rbl0KE2kujhweZxjGHV3Uew,cus_SWocJD3Z2LbITp,would_release_schedule,True,release_schedule,verified_success,,True,200,logs\contract_end_migration_one_2026-07-16_194402_267249.csv,
ada2865f-f860-433d-9c98-93ab16f1de3f,sub_1RbkluE2kujhweZxYVOsIaQp,cus_SWoNDoLjIqi9qg,would_release_schedule,True,release_schedule,verified_success,,True,200,logs\contract_end_migration_one_2026-07-16_194407_951457.csv,
ada2865f-f860-433d-9c98-93ab16f1de3f,sub_1RbiXxE2kujhweZxc8XUg3Ti,cus_SWm3g2VvrVHlVB,would_release_schedule,True,release_schedule,verified_success,,True,200,logs\contract_end_migration_one_2026-07-16_194411_304126.csv,
ada2865f-f860-433d-9c98-93ab16f1de3f,sub_1RYq3sE2kujhweZx5BzhUeoz,cus_RvmfgsjJtn9Pem,would_release_schedule,True,release_schedule,verified_success,,True,200,logs\contract_end_migration_one_2026-07-16_194415_331966.csv,
ada2865f-f860-433d-9c98-93ab16f1de3f,sub_1RYWOgE2kujhweZxg3EhUybL,cus_STTJGhQ5kaenVd,would_release_schedule,True,release_schedule,verified_success,,True,200,logs\contract_end_migration_one_2026-07-16_194421_033593.csv,
ada2865f-f860-433d-9c98-93ab16f1de3f,sub_1RTmHSE2kujhweZxzbP7bjQn,cus_SOZOVqt5osVM5l,would_release_schedule,True,release_schedule,verified_success,,True,200,logs\contract_end_migration_one_2026-07-16_194423_966311.csv,
ada2865f-f860-433d-9c98-93ab16f1de3f,sub_1RTmD6E2kujhweZxMQ2NQyJw,cus_SOZLzlz8VGYzaO,would_release_schedule,True,release_schedule,verified_success,,True,200,logs\contract_end_migration_one_2026-07-16_194428_030768.csv,
ada2865f-f860-433d-9c98-93ab16f1de3f,sub_1RTm8WE2kujhweZxUePQcFf0,cus_SOZEbOUxM3ju4V,would_release_schedule,True,release_schedule,verified_success,,True,200,logs\contract_end_migration_one_2026-07-16_194433_358278.csv,
ada2865f-f860-433d-9c98-93ab16f1de3f,sub_1RTm32E2kujhweZxP7BzUv2r,cus_SOZAH0jciu6zrG,would_release_schedule,True,release_schedule,verified_success,,True,200,logs\contract_end_migration_one_2026-07-16_194436_717689.csv,
ada2865f-f860-433d-9c98-93ab16f1de3f,sub_1RTly2E2kujhweZxHRXXsek7,cus_SOZ3bZaq639pHm,would_release_schedule,True,release_schedule,verified_success,,True,200,logs\contract_end_migration_one_2026-07-16_194439_566409.csv,
ada2865f-f860-433d-9c98-93ab16f1de3f,sub_1RTlpzE2kujhweZxGjWp2xih,cus_SOYwEisBe9Rqqm,would_release_schedule,True,release_schedule,verified_success,,True,200,logs\contract_end_migration_one_2026-07-16_194442_951163.csv,
ada2865f-f860-433d-9c98-93ab16f1de3f,sub_1RTlihE2kujhweZxv0ftRq9F,cus_SOYp2l4E8RwHwi,would_release_schedule,True,release_schedule,verified_success,,True,200,logs\contract_end_migration_one_2026-07-16_194447_352956.csv,
ada2865f-f860-433d-9c98-93ab16f1de3f,sub_1RTldRE2kujhweZxI9euVxWE,cus_SOYjmZSUX2ZGtE,would_release_schedule,True,release_schedule,verified_success,,True,200,logs\contract_end_migration_one_2026-07-16_194456_237586.csv,
ada2865f-f860-433d-9c98-93ab16f1de3f,sub_1RTlWjE2kujhweZx9fbBav6b,cus_SOYdY7Otsx3qVU,would_release_schedule,True,release_schedule,verified_success,,True,200,logs\contract_end_migration_one_2026-07-16_194500_957717.csv,
ada2865f-f860-433d-9c98-93ab16f1de3f,sub_1RTlQiE2kujhweZxeRX0rthv,cus_SOYWi3BS6JXiHA,would_release_schedule,True,release_schedule,verified_success,,True,200,logs\contract_end_migration_one_2026-07-16_194504_023213.csv,
ada2865f-f860-433d-9c98-93ab16f1de3f,sub_1RTlIuE2kujhweZxa2c9HR3g,cus_SOYPdKTfFeb76l,would_release_schedule,True,release_schedule,verified_success,,True,200,logs\contract_end_migration_one_2026-07-16_194507_723152.csv,
ada2865f-f860-433d-9c98-93ab16f1de3f,sub_1RTlFKE2kujhweZxx3Vd7iCo,cus_SOYL36kxLcYFSS,would_release_schedule,True,release_schedule,verified_success,,True,200,logs\contract_end_migration_one_2026-07-16_194511_502703.csv,
ada2865f-f860-433d-9c98-93ab16f1de3f,sub_1RTlCXE2kujhweZxzZND0aSu,cus_SOYIb1s3F0LrBk,would_release_schedule,True,release_schedule,verified_success,,True,200,logs\contract_end_migration_one_2026-07-16_194514_539817.csv,
ada2865f-f860-433d-9c98-93ab16f1de3f,sub_1RTkOsE2kujhweZxCWk2XR3f,cus_SOXT0a5nn1zyxU,would_release_schedule,True,release_schedule,verified_success,,True,200,logs\contract_end_migration_one_2026-07-16_194519_480809.csv,
ada2865f-f860-433d-9c98-93ab16f1de3f,sub_1RTkMRE2kujhweZxGo4BC73a,cus_SOXQiwlmIyJbEQ,would_release_schedule,True,release_schedule,verified_success,,True,200,logs\contract_end_migration_one_2026-07-16_194523_070628.csv,
ada2865f-f860-433d-9c98-93ab16f1de3f,sub_1RTk6EE2kujhweZxuCBArFBX,cus_SOX9idj4XPxTwT,would_release_schedule,True,release_schedule,verified_success,,True,200,logs\contract_end_migration_one_2026-07-16_194527_590701.csv,
ada2865f-f860-433d-9c98-93ab16f1de3f,sub_1RRKNyE2kujhweZxUaGSX5wl,cus_SM2SbEiLWoJab9,would_release_schedule,True,release_schedule,verified_success,,True,200,logs\contract_end_migration_one_2026-07-16_194531_530222.csv,
ada2865f-f860-433d-9c98-93ab16f1de3f,sub_1RRKLtE2kujhweZxPMtTFtc5,cus_SM2QrgznGJq6Lg,would_release_schedule,True,release_schedule,verified_success,,True,200,logs\contract_end_migration_one_2026-07-16_194537_069979.csv,
ada2865f-f860-433d-9c98-93ab16f1de3f,sub_1RRKKEE2kujhweZxPjs4KBzb,cus_SM2OEljC2B4js1,would_release_schedule,True,release_schedule,verified_success,,True,200,logs\contract_end_migration_one_2026-07-16_194544_080844.csv,
ada2865f-f860-433d-9c98-93ab16f1de3f,sub_1RRKI9E2kujhweZxNCwEs7CY,cus_SM2MjGUoRCW47s,would_release_schedule,True,release_schedule,verified_success,,True,200,logs\contract_end_migration_one_2026-07-16_194547_586977.csv,
ada2865f-f860-433d-9c98-93ab16f1de3f,sub_1RRKF0E2kujhweZxCehzdOdA,cus_SM2If1EevwP9fL,would_release_schedule,True,release_schedule,verified_success,,True,200,logs\contract_end_migration_one_2026-07-16_194553_361620.csv,
ada2865f-f860-433d-9c98-93ab16f1de3f,sub_1RRKCOE2kujhweZxMDY1GZu8,cus_SM2GabIwmFJdTO,would_release_schedule,True,release_schedule,verified_success,,True,200,logs\contract_end_migration_one_2026-07-16_194609_650602.csv,
ada2865f-f860-433d-9c98-93ab16f1de3f,sub_1RRKANE2kujhweZxUMx2yOG8,cus_SM2ECSZl6wOyb0,would_release_schedule,True,release_schedule,verified_success,,True,200,logs\contract_end_migration_one_2026-07-16_194613_600343.csv,
ada2865f-f860-433d-9c98-93ab16f1de3f,sub_1RRK7zE2kujhweZxVmwJ0V0S,cus_SM2BPxmF5iMmAf,would_release_schedule,True,release_schedule,verified_success,,True,200,logs\contract_end_migration_one_2026-07-16_194617_602404.csv,
ada2865f-f860-433d-9c98-93ab16f1de3f,sub_1RRK3CE2kujhweZxij1PuXiF,cus_SM262lpu603Dv1,would_release_schedule,True,release_schedule,verified_success,,True,200,logs\contract_end_migration_one_2026-07-16_194622_996375.csv,
ada2865f-f860-433d-9c98-93ab16f1de3f,sub_1RRK0kE2kujhweZxAp4Dg88o,cus_SM24wvettITNvV,would_release_schedule,True,release_schedule,verified_success,,True,200,logs\contract_end_migration_one_2026-07-16_194630_764552.csv,
ada2865f-f860-433d-9c98-93ab16f1de3f,sub_1RRJyME2kujhweZxhniOU2lS,cus_SM21yQ5yOlpykw,would_release_schedule,True,release_schedule,verified_success,,True,200,logs\contract_end_migration_one_2026-07-16_194634_081608.csv,
ada2865f-f860-433d-9c98-93ab16f1de3f,sub_1RRJvpE2kujhweZxqP2TuXV6,cus_SM1zWCTFcIIicT,would_release_schedule,True,release_schedule,verified_success,,True,200,logs\contract_end_migration_one_2026-07-16_194637_437003.csv,
ada2865f-f860-433d-9c98-93ab16f1de3f,sub_1RRJteE2kujhweZx26JDQsn2,cus_SM1wK6cpMxkOLW,would_release_schedule,True,release_schedule,verified_success,,True,200,logs\contract_end_migration_one_2026-07-16_194640_800116.csv,
ada2865f-f860-433d-9c98-93ab16f1de3f,sub_1RQxfrE2kujhweZxbGuAouZB,cus_SLezbC54O572gW,would_release_schedule,True,release_schedule,verified_success,,True,200,logs\contract_end_migration_one_2026-07-16_194644_937602.csv,
ada2865f-f860-433d-9c98-93ab16f1de3f,sub_1RQxe1E2kujhweZxDyXlerfL,cus_SLexoMz8pyeRDQ,would_release_schedule,True,release_schedule,verified_success,,True,200,logs\contract_end_migration_one_2026-07-16_194649_202788.csv,
ada2865f-f860-433d-9c98-93ab16f1de3f,sub_1RQxcEE2kujhweZxe3zfzyJC,cus_SLevfGqpvyHw0l,would_release_schedule,True,release_schedule,verified_success,,True,200,logs\contract_end_migration_one_2026-07-16_194651_916914.csv,
ada2865f-f860-433d-9c98-93ab16f1de3f,sub_1RQxXTE2kujhweZx0rEWDti8,cus_SLeqSATuQ9m9sC,would_release_schedule,True,release_schedule,verified_success,,True,200,logs\contract_end_migration_one_2026-07-16_194655_590445.csv,
ada2865f-f860-433d-9c98-93ab16f1de3f,sub_1RQxV4E2kujhweZxcXiTbVJ5,cus_SLeog6MxeMOhAs,would_release_schedule,True,release_schedule,verified_success,,True,200,logs\contract_end_migration_one_2026-07-16_194658_678299.csv,
ada2865f-f860-433d-9c98-93ab16f1de3f,sub_1RQxSuE2kujhweZxG5c1M6Vn,cus_SLeloraFuCY4oM,would_release_schedule,True,release_schedule,verified_success,,True,200,logs\contract_end_migration_one_2026-07-16_194702_013872.csv,
ada2865f-f860-433d-9c98-93ab16f1de3f,sub_1RQxQqE2kujhweZxoEGXrrXJ,cus_SLejx45FHySTYf,would_release_schedule,True,release_schedule,verified_success,,True,200,logs\contract_end_migration_one_2026-07-16_194704_360022.csv,
ada2865f-f860-433d-9c98-93ab16f1de3f,sub_1RQxLpE2kujhweZxGNa2ynlc,cus_SLeeyxtRDFjhuA,would_release_schedule,True,release_schedule,verified_success,,True,200,logs\contract_end_migration_one_2026-07-16_194706_563006.csv,
ada2865f-f860-433d-9c98-93ab16f1de3f,sub_1RQxIrE2kujhweZx5qvGeDrW,cus_SLebyyMBDGXKfl,would_release_schedule,True,release_schedule,verified_success,,True,200,logs\contract_end_migration_one_2026-07-16_194708_678157.csv,
ada2865f-f860-433d-9c98-93ab16f1de3f,sub_1RQxGSE2kujhweZx1IoQMJEb,cus_SLeYPc7EfKWYXe,would_release_schedule,True,release_schedule,verified_success,,True,200,logs\contract_end_migration_one_2026-07-16_194711_065935.csv,
ada2865f-f860-433d-9c98-93ab16f1de3f,sub_1RQxBmE2kujhweZxKy7CCSmW,cus_SLeU9NHlgXGfZa,would_release_schedule,True,release_schedule,verified_success,,True,200,logs\contract_end_migration_one_2026-07-16_194713_121444.csv,
ada2865f-f860-433d-9c98-93ab16f1de3f,sub_1RQx9aE2kujhweZxvOO8cqnI,cus_SLeRJpxO77LniO,would_release_schedule,True,release_schedule,verified_success,,True,200,logs\contract_end_migration_one_2026-07-16_194715_201563.csv,
ada2865f-f860-433d-9c98-93ab16f1de3f,sub_1RQx73E2kujhweZxkBkLqjKP,cus_SLePYwHxHYPEJ3,would_release_schedule,True,release_schedule,verified_success,,True,200,logs\contract_end_migration_one_2026-07-16_194717_473345.csv,
ada2865f-f860-433d-9c98-93ab16f1de3f,sub_1RQwxyE2kujhweZxuuC9mc61,cus_SLeE90jbUkblQm,would_release_schedule,True,release_schedule,verified_success,,True,200,logs\contract_end_migration_one_2026-07-16_194720_885464.csv,
ada2865f-f860-433d-9c98-93ab16f1de3f,sub_1RQwu4E2kujhweZxKqtVZD7R,cus_SLeBBdOorsUJmY,would_release_schedule,True,release_schedule,verified_success,,True,200,logs\contract_end_migration_one_2026-07-16_194724_563413.csv,
ada2865f-f860-433d-9c98-93ab16f1de3f,sub_1RQwrUE2kujhweZxtygp1OtH,cus_SLe8isAndNUHyX,would_release_schedule,True,release_schedule,verified_success,,True,200,logs\contract_end_migration_one_2026-07-16_194728_516543.csv,
ada2865f-f860-433d-9c98-93ab16f1de3f,sub_1RQwouE2kujhweZxTdPKdrSy,cus_SLe6tYF7ab8OWn,would_release_schedule,True,release_schedule,verified_success,,True,200,logs\contract_end_migration_one_2026-07-16_194732_270891.csv,
ada2865f-f860-433d-9c98-93ab16f1de3f,sub_1RQwmBE2kujhweZxX3iO1G3K,cus_SLe3XrcuWP4GG6,would_release_schedule,True,release_schedule,verified_success,,True,200,logs\contract_end_migration_one_2026-07-16_194736_279614.csv,
ada2865f-f860-433d-9c98-93ab16f1de3f,sub_1RO3FoE2kujhweZxeydBAsGh,cus_SIeXjjBIw7Au8a,would_release_schedule,True,release_schedule,verified_success,,True,200,logs\contract_end_migration_one_2026-07-16_194739_841527.csv,
ada2865f-f860-433d-9c98-93ab16f1de3f,sub_1RO3CYE2kujhweZx3OOtn0M2,cus_SIeUrWMsLxhfcU,would_release_schedule,True,release_schedule,verified_success,,True,200,logs\contract_end_migration_one_2026-07-16_194742_606867.csv,
ada2865f-f860-433d-9c98-93ab16f1de3f,sub_1RO379E2kujhweZxaYYiZ7tK,cus_SIePUTCojsv6BV,would_release_schedule,True,release_schedule,verified_success,,True,200,logs\contract_end_migration_one_2026-07-16_194745_677315.csv,
ada2865f-f860-433d-9c98-93ab16f1de3f,sub_1RO34aE2kujhweZx0KfOMoXX,cus_SIeMz0reDN5KXR,would_release_schedule,True,release_schedule,verified_success,,True,200,logs\contract_end_migration_one_2026-07-16_194748_599484.csv,
ada2865f-f860-433d-9c98-93ab16f1de3f,sub_1RO31nE2kujhweZxFJxp5NOr,cus_SIeJdCobSH02va,would_release_schedule,True,release_schedule,verified_success,,True,200,logs\contract_end_migration_one_2026-07-16_194752_226167.csv,
ada2865f-f860-433d-9c98-93ab16f1de3f,sub_1RO2ypE2kujhweZxMAWsFOrf,cus_SIeGy2dSssPWUF,would_release_schedule,True,release_schedule,verified_success,,True,200,logs\contract_end_migration_one_2026-07-16_194755_090948.csv,
ada2865f-f860-433d-9c98-93ab16f1de3f,sub_1RO2wQE2kujhweZxOmiGPsO1,cus_SIeDse2Mp0XF4e,would_release_schedule,True,release_schedule,verified_success,,True,200,logs\contract_end_migration_one_2026-07-16_194757_997022.csv,
ada2865f-f860-433d-9c98-93ab16f1de3f,sub_1RO2tOE2kujhweZxhZAfWEQI,cus_SIeAG7pgsGFERv,would_release_schedule,True,release_schedule,verified_success,,True,200,logs\contract_end_migration_one_2026-07-16_194801_914860.csv,
ada2865f-f860-433d-9c98-93ab16f1de3f,sub_1RO2qiE2kujhweZx889yjV9N,cus_SIe8nKgoSVYwKs,would_release_schedule,True,release_schedule,verified_success,,True,200,logs\contract_end_migration_one_2026-07-16_194806_556514.csv,
ada2865f-f860-433d-9c98-93ab16f1de3f,sub_1RO2niE2kujhweZxJmdoZYNK,cus_SIe4UpzHSpp77W,would_release_schedule,True,release_schedule,verified_success,,True,200,logs\contract_end_migration_one_2026-07-16_194809_282840.csv,
ada2865f-f860-433d-9c98-93ab16f1de3f,sub_1RO2kqE2kujhweZxTFSPjWva,cus_SIe2LRgnj6ylwg,would_release_schedule,True,release_schedule,verified_success,,True,200,logs\contract_end_migration_one_2026-07-16_194812_089862.csv,
ada2865f-f860-433d-9c98-93ab16f1de3f,sub_1RO2h7E2kujhweZxlnzxICqU,cus_SIdyRAdOKKRJkY,would_release_schedule,True,release_schedule,verified_success,,True,200,logs\contract_end_migration_one_2026-07-16_194815_641535.csv,
ada2865f-f860-433d-9c98-93ab16f1de3f,sub_1RO2e8E2kujhweZxaOZMci29,cus_SIduuDLVUnHSXT,would_release_schedule,True,release_schedule,verified_success,,True,200,logs\contract_end_migration_one_2026-07-16_194819_840144.csv,
ada2865f-f860-433d-9c98-93ab16f1de3f,sub_1RNR3uE2kujhweZxlbOfPgTY,cus_QRatG4oH0Gl3Oa,would_release_schedule,True,release_schedule,verified_success,,True,200,logs\contract_end_migration_one_2026-07-16_194823_269697.csv,
ada2865f-f860-433d-9c98-93ab16f1de3f,sub_1RLoQLE2kujhweZxa6wfpYcP,cus_SGL6Nxma031OB1,would_release_schedule,True,release_schedule,verified_success,,True,200,logs\contract_end_migration_one_2026-07-16_194825_958822.csv,
ada2865f-f860-433d-9c98-93ab16f1de3f,sub_1RLoMwE2kujhweZxpem5QqQc,cus_SGL2EUnYn4sUqV,would_release_schedule,True,release_schedule,verified_success,,True,200,logs\contract_end_migration_one_2026-07-16_194828_410058.csv,
ada2865f-f860-433d-9c98-93ab16f1de3f,sub_1RLoJpE2kujhweZxWNivKCfM,cus_SGKzdIttemJUoB,would_release_schedule,True,release_schedule,verified_success,,True,200,logs\contract_end_migration_one_2026-07-16_194831_642872.csv,
ada2865f-f860-433d-9c98-93ab16f1de3f,sub_1RLoHKE2kujhweZxCdzWrFR9,cus_SGKwXOtDRPc6zu,would_release_schedule,True,release_schedule,verified_success,,True,200,logs\contract_end_migration_one_2026-07-16_194835_614746.csv,
ada2865f-f860-433d-9c98-93ab16f1de3f,sub_1RLoESE2kujhweZxJkmnWHR8,cus_SGKtItvnDT5g3y,would_release_schedule,True,release_schedule,verified_success,,True,200,logs\contract_end_migration_one_2026-07-16_194838_165340.csv,
ada2865f-f860-433d-9c98-93ab16f1de3f,sub_1RLoBDE2kujhweZx6DL7zazc,cus_SGKqmyaH2A3iTd,would_release_schedule,True,release_schedule,verified_success,,True,200,logs\contract_end_migration_one_2026-07-16_194840_811410.csv,
ada2865f-f860-433d-9c98-93ab16f1de3f,sub_1RLo87E2kujhweZxmBEtx5QW,cus_SGKmI1r35ALPr7,would_release_schedule,True,release_schedule,verified_success,,True,200,logs\contract_end_migration_one_2026-07-16_194844_909076.csv,
ada2865f-f860-433d-9c98-93ab16f1de3f,sub_1RLo4SE2kujhweZxW6Yhqfxd,cus_SGKjTLA9OIleVX,would_release_schedule,True,release_schedule,verified_success,,True,200,logs\contract_end_migration_one_2026-07-16_194848_442013.csv,
ada2865f-f860-433d-9c98-93ab16f1de3f,sub_1RLo1eE2kujhweZxLGPi5dwZ,cus_SGKgxH1Kzmrv4v,would_release_schedule,True,release_schedule,verified_success,,True,200,logs\contract_end_migration_one_2026-07-16_194850_842266.csv,
ada2865f-f860-433d-9c98-93ab16f1de3f,sub_1RLnymE2kujhweZxer18sGD6,cus_SGKdMGkgXJta65,would_release_schedule,True,release_schedule,verified_success,,True,200,logs\contract_end_migration_one_2026-07-16_194853_330377.csv,
ada2865f-f860-433d-9c98-93ab16f1de3f,sub_1RLnw2E2kujhweZxFKgZVkz9,cus_SGKaLEY0fjdKbd,would_release_schedule,True,release_schedule,verified_success,,True,200,logs\contract_end_migration_one_2026-07-16_194855_713841.csv,
ada2865f-f860-433d-9c98-93ab16f1de3f,sub_1RLnsgE2kujhweZx3GmehS2I,cus_SGKX7PH73tlbxg,would_release_schedule,True,release_schedule,verified_success,,True,200,logs\contract_end_migration_one_2026-07-16_194858_763288.csv,
ada2865f-f860-433d-9c98-93ab16f1de3f,sub_1RLnqDE2kujhweZxhM3iTczR,cus_SGKSqSGIn17Kt1,would_release_schedule,True,release_schedule,verified_success,,True,200,logs\contract_end_migration_one_2026-07-16_194901_949578.csv,
ada2865f-f860-433d-9c98-93ab16f1de3f,sub_1RJHMpE2kujhweZxk0Lwm6fc,cus_SDinjhyoNw5VVg,would_release_schedule,True,release_schedule,verified_success,,True,200,logs\contract_end_migration_one_2026-07-16_194904_714560.csv,
ada2865f-f860-433d-9c98-93ab16f1de3f,sub_1RJHK8E2kujhweZxjNElVyJx,cus_SDil4Zl5yBl1MJ,would_release_schedule,True,release_schedule,verified_success,,True,200,logs\contract_end_migration_one_2026-07-16_194907_903729.csv,
ada2865f-f860-433d-9c98-93ab16f1de3f,sub_1RJHH1E2kujhweZxMABGPepm,cus_SDihSDkAgjzX0b,would_release_schedule,True,release_schedule,verified_success,,True,200,logs\contract_end_migration_one_2026-07-16_194911_994561.csv,
ada2865f-f860-433d-9c98-93ab16f1de3f,sub_1RJH9NE2kujhweZxyBc4pfkK,cus_SDiZ75XCcuhmih,would_release_schedule,True,release_schedule,verified_success,,True,200,logs\contract_end_migration_one_2026-07-16_194914_558665.csv,
ada2865f-f860-433d-9c98-93ab16f1de3f,sub_1RJH6CE2kujhweZxECfGZbAj,cus_SDiWeRhYC1vzMu,would_release_schedule,True,release_schedule,verified_success,,True,200,logs\contract_end_migration_one_2026-07-16_194917_200130.csv,
ada2865f-f860-433d-9c98-93ab16f1de3f,sub_1RJH3KE2kujhweZxVCFSJr85,cus_SDiTrnW1eZ10kZ,would_release_schedule,True,release_schedule,verified_success,,True,200,logs\contract_end_migration_one_2026-07-16_194920_109798.csv,
ada2865f-f860-433d-9c98-93ab16f1de3f,sub_1RJGzeE2kujhweZx8ODxEACo,cus_SDiQerVYjUXHEs,would_release_schedule,True,release_schedule,verified_success,,True,200,logs\contract_end_migration_one_2026-07-16_194922_664049.csv,
ada2865f-f860-433d-9c98-93ab16f1de3f,sub_1RJGx5E2kujhweZx3xWXHCoH,cus_SDiNIfIlEzlUSj,would_release_schedule,True,release_schedule,verified_success,,True,200,logs\contract_end_migration_one_2026-07-16_194925_479165.csv,
ada2865f-f860-433d-9c98-93ab16f1de3f,sub_1RJGuSE2kujhweZxUujnJJhr,cus_SDiK3JlNimfcAN,would_release_schedule,True,release_schedule,verified_success,,True,200,logs\contract_end_migration_one_2026-07-16_194929_586032.csv,
ada2865f-f860-433d-9c98-93ab16f1de3f,sub_1RJGrVE2kujhweZxOoK3NdpQ,cus_SDiH9ycxVXoSkG,would_release_schedule,True,release_schedule,verified_success,,True,200,logs\contract_end_migration_one_2026-07-16_194933_195823.csv,
ada2865f-f860-433d-9c98-93ab16f1de3f,sub_1RJGoUE2kujhweZxbtCSdspp,cus_SDiE0T60RScKAx,would_release_schedule,True,release_schedule,verified_success,,True,200,logs\contract_end_migration_one_2026-07-16_194937_675923.csv,
ada2865f-f860-433d-9c98-93ab16f1de3f,sub_1RJGlgE2kujhweZx4n02Nl4P,cus_SDiBHQZ6vQUJYU,would_release_schedule,True,release_schedule,verified_success,,True,200,logs\contract_end_migration_one_2026-07-16_194941_636064.csv,
ada2865f-f860-433d-9c98-93ab16f1de3f,sub_1RJGbHE2kujhweZxO3IR29C7,cus_SDi0IChrSidJ9a,would_release_schedule,True,release_schedule,verified_success,,True,200,logs\contract_end_migration_one_2026-07-16_194943_951155.csv,
ada2865f-f860-433d-9c98-93ab16f1de3f,sub_1RGPnQE2kujhweZx99RAHZdF,cus_SAlJFxD1iBMeoK,would_release_schedule,True,release_schedule,verified_success,,True,200,logs\contract_end_migration_one_2026-07-16_194946_228264.csv,
ada2865f-f860-433d-9c98-93ab16f1de3f,sub_1RGPktE2kujhweZxvga30cmK,cus_SAlHeBw53z2PfS,would_release_schedule,True,release_schedule,verified_success,,True,200,logs\contract_end_migration_one_2026-07-16_194948_771700.csv,
ada2865f-f860-433d-9c98-93ab16f1de3f,sub_1RGPgPE2kujhweZxzL2RnoHl,cus_SAlCO4vFDhpyVc,would_release_schedule,True,release_schedule,verified_success,,True,200,logs\contract_end_migration_one_2026-07-16_194951_834416.csv,
ada2865f-f860-433d-9c98-93ab16f1de3f,sub_1RGPblE2kujhweZxaH0OB9Lr,cus_SAl7qNvZsyQFXv,would_release_schedule,True,release_schedule,verified_success,,True,200,logs\contract_end_migration_one_2026-07-16_194955_372668.csv,
ada2865f-f860-433d-9c98-93ab16f1de3f,sub_1RGPWnE2kujhweZxkdxAnIng,cus_SAl2qC1xp3wsXj,would_release_schedule,True,release_schedule,verified_success,,True,200,logs\contract_end_migration_one_2026-07-16_194957_043772.csv,
ada2865f-f860-433d-9c98-93ab16f1de3f,sub_1RGPRtE2kujhweZxDREaJGQH,cus_SAkwGuSFYRR5gH,would_release_schedule,True,release_schedule,verified_success,,True,200,logs\contract_end_migration_one_2026-07-16_194958_880209.csv,
ada2865f-f860-433d-9c98-93ab16f1de3f,sub_1REWAiE2kujhweZxeWnolh3F,cus_S8nlgH6DJlK1TL,would_release_schedule,True,release_schedule,verified_success,,True,200,logs\contract_end_migration_one_2026-07-16_195000_806085.csv,
ada2865f-f860-433d-9c98-93ab16f1de3f,sub_1REW8AE2kujhweZxLR2No9n4,cus_S8njIoOJEs5rjV,would_release_schedule,True,release_schedule,verified_success,,True,200,logs\contract_end_migration_one_2026-07-16_195003_076488.csv,
ada2865f-f860-433d-9c98-93ab16f1de3f,sub_1REW5WE2kujhweZxwjbnr0RV,cus_S8ngNXLe1pfSST,would_release_schedule,True,release_schedule,verified_success,,True,200,logs\contract_end_migration_one_2026-07-16_195004_841378.csv,
ada2865f-f860-433d-9c98-93ab16f1de3f,sub_1REW27E2kujhweZxprU6GBP1,cus_S8nceR7pIQdSYe,would_release_schedule,True,release_schedule,verified_success,,True,200,logs\contract_end_migration_one_2026-07-16_195007_121015.csv,
ada2865f-f860-433d-9c98-93ab16f1de3f,sub_1REVynE2kujhweZxFIUQHVa2,cus_S8nZloU6G8S5gq,would_release_schedule,True,release_schedule,verified_success,,True,200,logs\contract_end_migration_one_2026-07-16_195011_036748.csv,
ada2865f-f860-433d-9c98-93ab16f1de3f,sub_1REVrvE2kujhweZx3jwihk8h,cus_S8nSoDTzyOLSfU,would_release_schedule,True,release_schedule,verified_success,,True,200,logs\contract_end_migration_one_2026-07-16_195015_425669.csv,
ada2865f-f860-433d-9c98-93ab16f1de3f,sub_1REHETE2kujhweZx4iIIx6Ug,cus_S8YIV6vW31hxgm,would_release_schedule,True,release_schedule,verified_success,,True,200,logs\contract_end_migration_one_2026-07-16_195018_490651.csv,
ada2865f-f860-433d-9c98-93ab16f1de3f,sub_1REH9IE2kujhweZxNsb0396s,cus_S8YFP6Xn4g453i,would_release_schedule,True,release_schedule,verified_success,,True,200,logs\contract_end_migration_one_2026-07-16_195023_715999.csv,
ada2865f-f860-433d-9c98-93ab16f1de3f,sub_1REH6QE2kujhweZxbl6Qnhma,cus_S8YCVeztEed5RM,would_release_schedule,True,release_schedule,verified_success,,True,200,logs\contract_end_migration_one_2026-07-16_195026_403806.csv,
ada2865f-f860-433d-9c98-93ab16f1de3f,sub_1REH2HE2kujhweZxKsKhmutj,cus_S8Y7X9IzxAiTro,would_release_schedule,True,release_schedule,verified_success,,True,200,logs\contract_end_migration_one_2026-07-16_195029_793703.csv,
ada2865f-f860-433d-9c98-93ab16f1de3f,sub_1RDrmuE2kujhweZxNHdyLPNt,cus_Ryo4kcvMa7pbjC,would_release_schedule,True,release_schedule,verified_success,,True,200,logs\contract_end_migration_one_2026-07-16_195035_122371.csv,
ada2865f-f860-433d-9c98-93ab16f1de3f,sub_1RBzdFE2kujhweZxP1FW6d8h,cus_S6C0i9pNKzyKS7,would_release_schedule,True,release_schedule,verified_success,,True,200,logs\contract_end_migration_one_2026-07-16_195038_963625.csv,
ada2865f-f860-433d-9c98-93ab16f1de3f,sub_1RBcxGE2kujhweZx5WpmXBLZ,cus_S5oZFGmm1qddsC,would_release_schedule,True,release_schedule,verified_success,,True,200,logs\contract_end_migration_one_2026-07-16_195041_760993.csv,
ada2865f-f860-433d-9c98-93ab16f1de3f,sub_1RBcujE2kujhweZxEfhm9aMi,cus_S5oXX0gSxAofg4,would_release_schedule,True,release_schedule,verified_success,,True,200,logs\contract_end_migration_one_2026-07-16_195044_717450.csv,
ada2865f-f860-433d-9c98-93ab16f1de3f,sub_1RBcrtE2kujhweZxJssvpZER,cus_S5oSDAjdpkIO39,would_release_schedule,True,release_schedule,verified_success,,True,200,logs\contract_end_migration_one_2026-07-16_195048_311500.csv,
ada2865f-f860-433d-9c98-93ab16f1de3f,sub_1RBcncE2kujhweZx9qA4PQZH,cus_S5oPhCirWxuDVm,would_release_schedule,True,release_schedule,verified_success,,True,200,logs\contract_end_migration_one_2026-07-16_195050_914256.csv,
ada2865f-f860-433d-9c98-93ab16f1de3f,sub_1RBckkE2kujhweZxQfZ68fL2,cus_S5oMRRhSidpKSy,would_release_schedule,True,release_schedule,verified_success,,True,200,logs\contract_end_migration_one_2026-07-16_195053_917860.csv,
ada2865f-f860-433d-9c98-93ab16f1de3f,sub_1RBNAiE2kujhweZxFo5qa9Zx,cus_S5YGJLi2HhI9vF,would_release_schedule,True,release_schedule,verified_success,,True,200,logs\contract_end_migration_one_2026-07-16_195056_648048.csv,
ada2865f-f860-433d-9c98-93ab16f1de3f,sub_1RBN7CE2kujhweZxjNMDCkmE,cus_S5YCvVLYG5MxH7,would_release_schedule,True,release_schedule,verified_success,,True,200,logs\contract_end_migration_one_2026-07-16_195058_921244.csv,
ada2865f-f860-433d-9c98-93ab16f1de3f,sub_1RBMzXE2kujhweZxlfo6JibW,cus_S5Y5tK2I83bXgP,would_release_schedule,True,release_schedule,verified_success,,True,200,logs\contract_end_migration_one_2026-07-16_195101_305650.csv,
ada2865f-f860-433d-9c98-93ab16f1de3f,sub_1RBMvXE2kujhweZx0ANY9IE8,cus_S5Y0NQND9wOgqq,would_release_schedule,True,release_schedule,verified_success,,True,200,logs\contract_end_migration_one_2026-07-16_195103_678399.csv,
ada2865f-f860-433d-9c98-93ab16f1de3f,sub_1R8mKiE2kujhweZxGjDOS1EW,cus_S2s4PuiOXNeIzi,would_release_schedule,True,release_schedule,verified_success,,True,200,logs\contract_end_migration_one_2026-07-16_195106_040026.csv,
ada2865f-f860-433d-9c98-93ab16f1de3f,sub_1R8mEhE2kujhweZxHtDF5L2Y,cus_S2rx00SWmqtTs2,would_release_schedule,True,release_schedule,verified_success,,True,200,logs\contract_end_migration_one_2026-07-16_195108_605363.csv,
ada2865f-f860-433d-9c98-93ab16f1de3f,sub_1R8mBdE2kujhweZx9Mc5qULW,cus_S2ruwbd1w7q7NX,would_release_schedule,True,release_schedule,verified_success,,True,200,logs\contract_end_migration_one_2026-07-16_195110_623797.csv,
ada2865f-f860-433d-9c98-93ab16f1de3f,sub_1R8m96E2kujhweZxNbnDuETr,cus_S2rrFZW0Ujed9x,would_release_schedule,True,release_schedule,verified_success,,True,200,logs\contract_end_migration_one_2026-07-16_195113_028768.csv,
ada2865f-f860-433d-9c98-93ab16f1de3f,sub_1R8m4qE2kujhweZx80a1YcBg,cus_S2rnlbDly8gSJd,would_release_schedule,True,release_schedule,verified_success,,True,200,logs\contract_end_migration_one_2026-07-16_195115_119738.csv,
ada2865f-f860-433d-9c98-93ab16f1de3f,sub_1R8m1uE2kujhweZxu6SPfZrw,cus_S2rkOUULyOkqxs,would_release_schedule,True,release_schedule,verified_success,,True,200,logs\contract_end_migration_one_2026-07-16_195117_433394.csv,
ada2865f-f860-433d-9c98-93ab16f1de3f,sub_1R8lvqE2kujhweZxLpVuHjuR,cus_S2reSWgJBiwoa1,would_release_schedule,True,release_schedule,verified_success,,True,200,logs\contract_end_migration_one_2026-07-16_195119_906213.csv,
ada2865f-f860-433d-9c98-93ab16f1de3f,sub_1R8lrkE2kujhweZxWKVqRcbW,cus_S2ra0jGVMCYfg5,would_release_schedule,True,release_schedule,verified_success,,True,200,logs\contract_end_migration_one_2026-07-16_195122_229550.csv,
ada2865f-f860-433d-9c98-93ab16f1de3f,sub_1R8lDtE2kujhweZxpuBfYFvo,cus_S2quONVCPoCHOR,would_release_schedule,True,release_schedule,verified_success,,True,200,logs\contract_end_migration_one_2026-07-16_195124_172762.csv,
ada2865f-f860-433d-9c98-93ab16f1de3f,sub_1R8lAIE2kujhweZxmMNlg0yt,cus_S2qryQbNodvaZu,would_release_schedule,True,release_schedule,verified_success,,True,200,logs\contract_end_migration_one_2026-07-16_195126_702955.csv,
ada2865f-f860-433d-9c98-93ab16f1de3f,sub_1R8l7KE2kujhweZxSYzZ4QYG,cus_S2qnucwdXVAl6O,would_release_schedule,True,release_schedule,verified_success,,True,200,logs\contract_end_migration_one_2026-07-16_195128_803469.csv,
ada2865f-f860-433d-9c98-93ab16f1de3f,sub_1R6ESKE2kujhweZxFvKEawZJ,cus_S0EvBxQOn0GTWu,would_release_schedule,True,release_schedule,verified_success,,True,200,logs\contract_end_migration_one_2026-07-16_195131_148426.csv,
ada2865f-f860-433d-9c98-93ab16f1de3f,sub_1R6EONE2kujhweZxQrmLfzBf,cus_S0EquNKHrGQ3uB,would_release_schedule,True,release_schedule,verified_success,,True,200,logs\contract_end_migration_one_2026-07-16_195133_353483.csv,
ada2865f-f860-433d-9c98-93ab16f1de3f,sub_1R6EKdE2kujhweZx2g7aA7JM,cus_S0EmH4zi5ogmEz,would_release_schedule,True,release_schedule,verified_success,,True,200,logs\contract_end_migration_one_2026-07-16_195135_793847.csv,
ada2865f-f860-433d-9c98-93ab16f1de3f,sub_1R4qUfE2kujhweZxupHgSE6m,cus_Ryo6C3gWUQBNHj,would_release_schedule,True,release_schedule,verified_success,,True,200,logs\contract_end_migration_one_2026-07-16_195138_314865.csv,
ada2865f-f860-433d-9c98-93ab16f1de3f,sub_1R1vCtE2kujhweZxLvMUy6IU,cus_Rvmlb2Thsnpz7h,would_release_schedule,True,release_schedule,verified_success,,True,200,logs\contract_end_migration_one_2026-07-16_195140_763140.csv,
ada2865f-f860-433d-9c98-93ab16f1de3f,sub_1R1v9NE2kujhweZxL8Ekxdy9,cus_RvmiKrNEGaLAHP,would_release_schedule,True,release_schedule,verified_success,,True,200,logs\contract_end_migration_one_2026-07-16_195143_013695.csv,
ada2865f-f860-433d-9c98-93ab16f1de3f,sub_1R1v4QE2kujhweZxbErdR0Nd,cus_RvmdA729uzRi5a,would_release_schedule,True,release_schedule,verified_success,,True,200,logs\contract_end_migration_one_2026-07-16_195145_599108.csv,
ada2865f-f860-433d-9c98-93ab16f1de3f,sub_1R1v1kE2kujhweZxnpuYv2t0,cus_RvmZVgaxotK57i,would_release_schedule,True,release_schedule,verified_success,,True,200,logs\contract_end_migration_one_2026-07-16_195147_968294.csv,
ada2865f-f860-433d-9c98-93ab16f1de3f,sub_1R1uyRE2kujhweZx0k1WE7U8,cus_RvmWDT3iA7ThET,would_release_schedule,True,release_schedule,verified_success,,True,200,logs\contract_end_migration_one_2026-07-16_195150_148501.csv,
ada2865f-f860-433d-9c98-93ab16f1de3f,sub_1QyhCiE2kujhweZxXs6HDZDQ,cus_RsS69mlpqa72Sq,would_release_schedule,True,release_schedule,verified_success,,True,200,logs\contract_end_migration_one_2026-07-16_195152_448458.csv,
ada2865f-f860-433d-9c98-93ab16f1de3f,sub_1QyhAFE2kujhweZxM3Mu1zhP,cus_RsS39DK43gfl5T,would_release_schedule,True,release_schedule,verified_success,,True,200,logs\contract_end_migration_one_2026-07-16_195154_841926.csv,
ada2865f-f860-433d-9c98-93ab16f1de3f,sub_1Qyh6wE2kujhweZxCqvi0BF4,cus_RsS0ssrDvoZmJ0,would_release_schedule,True,release_schedule,verified_success,,True,200,logs\contract_end_migration_one_2026-07-16_195157_869432.csv,
ada2865f-f860-433d-9c98-93ab16f1de3f,sub_1Qyh4LE2kujhweZxslGXgQdM,cus_RsRxT8hDzWcAkr,would_release_schedule,True,release_schedule,verified_success,,True,200,logs\contract_end_migration_one_2026-07-16_195200_031270.csv,
ada2865f-f860-433d-9c98-93ab16f1de3f,sub_1Qyh1QE2kujhweZxqU2tPFHK,cus_RsRuGvEOgmscaX,would_release_schedule,True,release_schedule,verified_success,,True,200,logs\contract_end_migration_one_2026-07-16_195202_239660.csv,
ada2865f-f860-433d-9c98-93ab16f1de3f,sub_1QygyRE2kujhweZxjrOOG8Np,cus_RsRrsCcqfod4RO,would_release_schedule,True,release_schedule,verified_success,,True,200,logs\contract_end_migration_one_2026-07-16_195204_354062.csv,
ada2865f-f860-433d-9c98-93ab16f1de3f,sub_1QygwCE2kujhweZxDS37Ld7Y,cus_RsRpr1957gKFYe,would_release_schedule,True,release_schedule,verified_success,,True,200,logs\contract_end_migration_one_2026-07-16_195206_683785.csv,
ada2865f-f860-433d-9c98-93ab16f1de3f,sub_1Qw9LHE2kujhweZxDl86neMA,cus_RpoyVKPjQrHtdv,would_release_schedule,True,release_schedule,verified_success,,True,200,logs\contract_end_migration_one_2026-07-16_195209_355543.csv,
ada2865f-f860-433d-9c98-93ab16f1de3f,sub_1Qw9IbE2kujhweZxKyNwngGe,cus_RpovMKdUT8YNqi,would_release_schedule,True,release_schedule,verified_success,,True,200,logs\contract_end_migration_one_2026-07-16_195211_571859.csv,
ada2865f-f860-433d-9c98-93ab16f1de3f,sub_1Qw9FzE2kujhweZx5O1gu2iS,cus_RposQ8qEeO3uFe,would_release_schedule,True,release_schedule,verified_success,,True,200,logs\contract_end_migration_one_2026-07-16_195214_159641.csv,
ada2865f-f860-433d-9c98-93ab16f1de3f,sub_1Qw9DRE2kujhweZx6vDvfp90,cus_RpoqmmYoGCu7UJ,would_release_schedule,True,release_schedule,verified_success,,True,200,logs\contract_end_migration_one_2026-07-16_195216_317129.csv,
ada2865f-f860-433d-9c98-93ab16f1de3f,sub_1Qw99qE2kujhweZxxRPFwTQn,cus_RpomGLHiXkAuEj,would_release_schedule,True,release_schedule,verified_success,,True,200,logs\contract_end_migration_one_2026-07-16_195218_758304.csv,
ada2865f-f860-433d-9c98-93ab16f1de3f,sub_1Qw973E2kujhweZxzUiDpCrQ,cus_RpojynOnzTbPxF,would_release_schedule,True,release_schedule,verified_success,,True,200,logs\contract_end_migration_one_2026-07-16_195221_349417.csv,
ada2865f-f860-433d-9c98-93ab16f1de3f,sub_1Qw94fE2kujhweZxdeGNsiGX,cus_RpohKXnbQDFTjp,would_release_schedule,True,release_schedule,verified_success,,True,200,logs\contract_end_migration_one_2026-07-16_195223_633194.csv,
ada2865f-f860-433d-9c98-93ab16f1de3f,sub_1Qv1o8E2kujhweZx5lfikOHT,cus_Rof7fd071bv3u2,would_release_schedule,True,release_schedule,verified_success,,True,200,logs\contract_end_migration_one_2026-07-16_195226_116116.csv,
ada2865f-f860-433d-9c98-93ab16f1de3f,sub_1Qv1kxE2kujhweZxfgx35B8L,cus_Rof3I6h4sYTcvZ,would_release_schedule,True,release_schedule,verified_success,,True,200,logs\contract_end_migration_one_2026-07-16_195228_276631.csv,
ada2865f-f860-433d-9c98-93ab16f1de3f,sub_1Qv1eHE2kujhweZxB0uYzvB4,cus_RoevZ0zmrg7Qa4,would_release_schedule,True,release_schedule,verified_success,,True,200,logs\contract_end_migration_one_2026-07-16_195230_555674.csv,
ada2865f-f860-433d-9c98-93ab16f1de3f,sub_1Qv1YlE2kujhweZxrDTwK8BY,cus_RoeqJsUt0VXI6l,would_release_schedule,True,release_schedule,verified_success,,True,200,logs\contract_end_migration_one_2026-07-16_195232_654153.csv,
ada2865f-f860-433d-9c98-93ab16f1de3f,sub_1Qv1NIE2kujhweZxLMBoq2jX,cus_RoegA5aaIP2gB6,would_release_schedule,True,release_schedule,verified_success,,True,200,logs\contract_end_migration_one_2026-07-16_195234_867486.csv,
ada2865f-f860-433d-9c98-93ab16f1de3f,sub_1Qv1LAE2kujhweZxLREp7Yxr,cus_Roedqt0lhiZ6wo,would_release_schedule,True,release_schedule,verified_success,,True,200,logs\contract_end_migration_one_2026-07-16_195237_106420.csv,
ada2865f-f860-433d-9c98-93ab16f1de3f,sub_1Qv1IgE2kujhweZx6QuvIm78,cus_RoebUP7ORiaBqa,would_release_schedule,True,release_schedule,verified_success,,True,200,logs\contract_end_migration_one_2026-07-16_195239_327478.csv,
ada2865f-f860-433d-9c98-93ab16f1de3f,sub_1QrhjHE2kujhweZx8dCOMFB3,cus_QkGgCrEeROCQW4,would_release_schedule,True,release_schedule,verified_success,,True,200,logs\contract_end_migration_one_2026-07-16_195241_414105.csv,
ada2865f-f860-433d-9c98-93ab16f1de3f,sub_1QrLcsE2kujhweZxAbqa9zoT,cus_RkrJbgBKKqR9E9,would_release_schedule,True,release_schedule,verified_success,,True,200,logs\contract_end_migration_one_2026-07-16_195243_732899.csv,
ada2865f-f860-433d-9c98-93ab16f1de3f,sub_1QoVEaE2kujhweZxefltrNGD,cus_Rhv34dkw59MYyH,would_release_schedule,True,release_schedule,verified_success,,True,200,logs\contract_end_migration_one_2026-07-16_195245_966140.csv,
ada2865f-f860-433d-9c98-93ab16f1de3f,sub_1QoVBRE2kujhweZxoFedNGUm,cus_Rhv0axP5sBCJiv,would_release_schedule,True,release_schedule,verified_success,,True,200,logs\contract_end_migration_one_2026-07-16_195248_359297.csv,
ada2865f-f860-433d-9c98-93ab16f1de3f,sub_1QoUtyE2kujhweZxIJLcdC0W,cus_Rhuh14UYeSWJg5,would_release_schedule,True,release_schedule,verified_success,,True,200,logs\contract_end_migration_one_2026-07-16_195251_049080.csv,
ada2865f-f860-433d-9c98-93ab16f1de3f,sub_1QoUq2E2kujhweZxeDlCgTCR,cus_Rhue1BlKTDZkKN,would_release_schedule,True,release_schedule,verified_success,,True,200,logs\contract_end_migration_one_2026-07-16_195253_374507.csv,
ada2865f-f860-433d-9c98-93ab16f1de3f,sub_1Qlve7E2kujhweZxNdbJwPHB,cus_RfG9qhkrwXydPQ,would_release_schedule,True,release_schedule,verified_success,,True,200,logs\contract_end_migration_one_2026-07-16_195255_757365.csv,
ada2865f-f860-433d-9c98-93ab16f1de3f,sub_1QlvaxE2kujhweZxmrEbIngd,cus_RfG6PjLBz8n2L3,would_release_schedule,True,release_schedule,verified_success,,True,200,logs\contract_end_migration_one_2026-07-16_195258_762115.csv,
ada2865f-f860-433d-9c98-93ab16f1de3f,sub_1QlvUcE2kujhweZxOzInMeXn,cus_RfG0if01m1oJ1n,would_release_schedule,True,release_schedule,verified_success,,True,200,logs\contract_end_migration_one_2026-07-16_195301_002598.csv,
ada2865f-f860-433d-9c98-93ab16f1de3f,sub_1QjSvBE2kujhweZxQOtj5PwW,cus_RKMUSwyESXRk1e,would_release_schedule,True,release_schedule,verified_success,,True,200,logs\contract_end_migration_one_2026-07-16_195303_684928.csv,
ada2865f-f860-433d-9c98-93ab16f1de3f,sub_1QjRo2E2kujhweZxj8H3cImc,cus_RchCjdxQdtx7xH,would_release_schedule,True,release_schedule,verified_success,,True,200,logs\contract_end_migration_one_2026-07-16_195306_966541.csv,
ada2865f-f860-433d-9c98-93ab16f1de3f,sub_1QjRloE2kujhweZxX6SPmI1a,cus_Rch9jgkC1D0UwJ,would_release_schedule,True,release_schedule,verified_success,,True,200,logs\contract_end_migration_one_2026-07-16_195309_236234.csv,
ada2865f-f860-433d-9c98-93ab16f1de3f,sub_1QjRiQE2kujhweZxM0b8KuXg,cus_Rch5q1NzNUnO6b,would_release_schedule,True,release_schedule,verified_success,,True,200,logs\contract_end_migration_one_2026-07-16_195311_918045.csv,
ada2865f-f860-433d-9c98-93ab16f1de3f,sub_1QjRf0E2kujhweZxjRyj00jg,cus_RcgaHo2WO4w4Df,would_release_schedule,True,release_schedule,verified_success,,True,200,logs\contract_end_migration_one_2026-07-16_195314_254594.csv,
ada2865f-f860-433d-9c98-93ab16f1de3f,sub_1QhlBjE2kujhweZxfFyEKcdW,cus_R2fhs5XdfAMQxa,would_release_schedule,True,release_schedule,verified_success,,True,200,logs\contract_end_migration_one_2026-07-16_195316_641160.csv,
ada2865f-f860-433d-9c98-93ab16f1de3f,sub_1QZJR9E2kujhweZxZqtJlZyF,cus_RSDsNQaQjWAB8C,would_release_schedule,True,release_schedule,verified_success,,True,200,logs\contract_end_migration_one_2026-07-16_195319_090250.csv,
ada2865f-f860-433d-9c98-93ab16f1de3f,sub_1QZJOyE2kujhweZxC4UZICwl,cus_RSDqvklqm1QppS,would_release_schedule,True,release_schedule,verified_success,,True,200,logs\contract_end_migration_one_2026-07-16_195321_403609.csv,
ada2865f-f860-433d-9c98-93ab16f1de3f,sub_1QZJLPE2kujhweZx7yduk8RQ,cus_RSDmT1TvlM0rS2,would_release_schedule,True,release_schedule,verified_success,,True,200,logs\contract_end_migration_one_2026-07-16_195323_556854.csv,
ada2865f-f860-433d-9c98-93ab16f1de3f,sub_1QZJFWE2kujhweZxGt8i7KxE,cus_RSDg3iJJV2uGjE,would_release_schedule,True,release_schedule,verified_success,,True,200,logs\contract_end_migration_one_2026-07-16_195325_675773.csv,
ada2865f-f860-433d-9c98-93ab16f1de3f,sub_1QZJCeE2kujhweZxpJtwuRYj,cus_RSDdFRSfHTu4mr,would_release_schedule,True,release_schedule,verified_success,,True,200,logs\contract_end_migration_one_2026-07-16_195328_319657.csv,
ada2865f-f860-433d-9c98-93ab16f1de3f,sub_1QZJ7pE2kujhweZxQrBh1xQy,cus_RSDYjHTFQ0ysoD,would_release_schedule,True,release_schedule,verified_success,,True,200,logs\contract_end_migration_one_2026-07-16_195330_787447.csv,
ada2865f-f860-433d-9c98-93ab16f1de3f,sub_1QXsOTE2kujhweZxoDx1x4ji,cus_RQjrT7ajPUGZUT,would_release_schedule,True,release_schedule,verified_success,,True,200,logs\contract_end_migration_one_2026-07-16_195333_250714.csv,
ada2865f-f860-433d-9c98-93ab16f1de3f,sub_1QXsMQE2kujhweZxoOAognv6,cus_RQjpj6jRNV3Wco,would_release_schedule,True,release_schedule,verified_success,,True,200,logs\contract_end_migration_one_2026-07-16_195335_481588.csv,
ada2865f-f860-433d-9c98-93ab16f1de3f,sub_1QXsKRE2kujhweZxFz3ecKam,cus_RQjmwX78BjEsIq,would_release_schedule,True,release_schedule,verified_success,,True,200,logs\contract_end_migration_one_2026-07-16_195337_908668.csv,
ada2865f-f860-433d-9c98-93ab16f1de3f,sub_1QXsHaE2kujhweZxl1XeGpja,cus_RQjkLp5xkOL6kS,would_release_schedule,True,release_schedule,verified_success,,True,200,logs\contract_end_migration_one_2026-07-16_195340_556224.csv,
ada2865f-f860-433d-9c98-93ab16f1de3f,sub_1QXsEDE2kujhweZxrELhIkp9,cus_RQjgORudsGXnoo,would_release_schedule,True,release_schedule,verified_success,,True,200,logs\contract_end_migration_one_2026-07-16_195342_758435.csv,
ada2865f-f860-433d-9c98-93ab16f1de3f,sub_1QUEeRE2kujhweZxv07u1GbI,cus_RMybLmq6zQBu0J,would_release_schedule,True,release_schedule,verified_success,,True,200,logs\contract_end_migration_one_2026-07-16_195344_965217.csv,
ada2865f-f860-433d-9c98-93ab16f1de3f,sub_1QUEbRE2kujhweZxtBSgYjsR,cus_RMyX3Xs6yDA8aN,would_release_schedule,True,release_schedule,verified_success,,True,200,logs\contract_end_migration_one_2026-07-16_195347_530276.csv,
ada2865f-f860-433d-9c98-93ab16f1de3f,sub_1QUEXuE2kujhweZxcbgLSKzl,cus_RMyUwZfVsnM4pj,would_release_schedule,True,release_schedule,verified_success,,True,200,logs\contract_end_migration_one_2026-07-16_195349_673608.csv,
ada2865f-f860-433d-9c98-93ab16f1de3f,sub_1QUEUtE2kujhweZxBJtZ5or6,cus_RMyQ8vrxYgWZGp,would_release_schedule,True,release_schedule,verified_success,,True,200,logs\contract_end_migration_one_2026-07-16_195351_667771.csv,
ada2865f-f860-433d-9c98-93ab16f1de3f,sub_1QUERME2kujhweZxf0CIkYiU,cus_RMyN96V0twSf3r,would_release_schedule,True,release_schedule,verified_success,,True,200,logs\contract_end_migration_one_2026-07-16_195354_705058.csv,
ada2865f-f860-433d-9c98-93ab16f1de3f,sub_1QRhw6E2kujhweZxOkpS3RXt,cus_RKMe8Dm9HC3Ygm,would_release_schedule,True,release_schedule,verified_success,,True,200,logs\contract_end_migration_one_2026-07-16_195359_046844.csv,
ada2865f-f860-433d-9c98-93ab16f1de3f,sub_1QRht2E2kujhweZxsNipVcls,cus_RKMbaRIB77WeLY,would_release_schedule,True,release_schedule,verified_success,,True,200,logs\contract_end_migration_one_2026-07-16_195401_084479.csv,
ada2865f-f860-433d-9c98-93ab16f1de3f,sub_1QRhpdE2kujhweZxYrN6DrBk,cus_RKMY8aivxXV40L,would_release_schedule,True,release_schedule,verified_success,,True,200,logs\contract_end_migration_one_2026-07-16_195403_749208.csv,
ada2865f-f860-433d-9c98-93ab16f1de3f,sub_1QRhjjE2kujhweZxJ9oEhipe,cus_RKMRKCre3YXgtB,would_release_schedule,True,release_schedule,verified_success,,True,200,logs\contract_end_migration_one_2026-07-16_195405_881168.csv,
ada2865f-f860-433d-9c98-93ab16f1de3f,sub_1QRhc1E2kujhweZx9lSWawxE,cus_RKMJoQB6cGXSee,would_release_schedule,True,release_schedule,verified_success,,True,200,logs\contract_end_migration_one_2026-07-16_195408_407840.csv,
ada2865f-f860-433d-9c98-93ab16f1de3f,sub_1QRhZ1E2kujhweZxrhDQghGJ,cus_RKMGUvh1M14B4n,would_release_schedule,True,release_schedule,verified_success,,True,200,logs\contract_end_migration_one_2026-07-16_195410_599623.csv,
ada2865f-f860-433d-9c98-93ab16f1de3f,sub_1QRhWWE2kujhweZxJPMeInwJ,cus_RKMEzSsdKOPvky,would_release_schedule,True,release_schedule,verified_success,,True,200,logs\contract_end_migration_one_2026-07-16_195412_829016.csv,
ada2865f-f860-433d-9c98-93ab16f1de3f,sub_1QRhTQE2kujhweZxTWE3XSJe,cus_RKMBrocvAu6lCZ,would_release_schedule,True,release_schedule,verified_success,,True,200,logs\contract_end_migration_one_2026-07-16_195415_110577.csv,
ada2865f-f860-433d-9c98-93ab16f1de3f,sub_1QRhQEE2kujhweZxhqFzGPOW,cus_RKM6JqzKEnFDHi,would_release_schedule,True,release_schedule,verified_success,,True,200,logs\contract_end_migration_one_2026-07-16_195417_322028.csv,
ada2865f-f860-433d-9c98-93ab16f1de3f,sub_1QP4L6E2kujhweZxuIvegakh,cus_RHdbrkHfOiLe5R,would_release_schedule,True,release_schedule,verified_success,,True,200,logs\contract_end_migration_one_2026-07-16_195419_857316.csv,
ada2865f-f860-433d-9c98-93ab16f1de3f,sub_1QP4IaE2kujhweZxxQvPP4Up,cus_RHdYmD9KGzrAM7,would_release_schedule,True,release_schedule,verified_success,,True,200,logs\contract_end_migration_one_2026-07-16_195422_321379.csv,
ada2865f-f860-433d-9c98-93ab16f1de3f,sub_1QP4FeE2kujhweZxysMCODCX,cus_RHdVTSNRIibLtF,would_release_schedule,True,release_schedule,verified_success,,True,200,logs\contract_end_migration_one_2026-07-16_195424_811474.csv,
ada2865f-f860-433d-9c98-93ab16f1de3f,sub_1QP4CDE2kujhweZxG5U0Jjk3,cus_RHdSVKMumrsisj,would_release_schedule,True,release_schedule,verified_success,,True,200,logs\contract_end_migration_one_2026-07-16_195426_880685.csv,
ada2865f-f860-433d-9c98-93ab16f1de3f,sub_1QP480E2kujhweZxXn9WR8DN,cus_RHdNOGOwXUn46A,would_release_schedule,True,release_schedule,verified_success,,True,200,logs\contract_end_migration_one_2026-07-16_195429_542142.csv,
ada2865f-f860-433d-9c98-93ab16f1de3f,sub_1QMynTE2kujhweZxQpWHeK50,cus_RFTjtN0uNXjBdR,would_release_schedule,True,release_schedule,verified_success,,True,200,logs\contract_end_migration_one_2026-07-16_195431_718478.csv,
ada2865f-f860-433d-9c98-93ab16f1de3f,sub_1QMymuE2kujhweZxhljrr0y9,cus_RFTgXEmYK1wsBa,would_release_schedule,True,release_schedule,verified_success,,True,200,logs\contract_end_migration_one_2026-07-16_195433_921278.csv,
ada2865f-f860-433d-9c98-93ab16f1de3f,sub_1QMxwzE2kujhweZxvgyrmqHh,cus_RFSmoRBnvmzed8,would_release_schedule,True,release_schedule,verified_success,,True,200,logs\contract_end_migration_one_2026-07-16_195436_520818.csv,
ada2865f-f860-433d-9c98-93ab16f1de3f,sub_1QMxvGE2kujhweZx8QPnPJVo,cus_RFShiGKyJ2rRXZ,would_release_schedule,True,release_schedule,verified_success,,True,200,logs\contract_end_migration_one_2026-07-16_195438_964278.csv,
ada2865f-f860-433d-9c98-93ab16f1de3f,sub_1QMxeyE2kujhweZxcxSvJWeh,cus_RFSQoGdn1z9v8i,would_release_schedule,True,release_schedule,verified_success,,True,200,logs\contract_end_migration_one_2026-07-16_195441_633298.csv,
ada2865f-f860-433d-9c98-93ab16f1de3f,sub_1QMxHNE2kujhweZxCplRZtyI,cus_RFS6KyZozi8ZiQ,would_release_schedule,True,release_schedule,verified_success,,True,200,logs\contract_end_migration_one_2026-07-16_195444_356514.csv,
ada2865f-f860-433d-9c98-93ab16f1de3f,sub_1QMxG3E2kujhweZxPl7RBBxW,cus_RFRzrBqqYeldZ1,would_release_schedule,True,release_schedule,verified_success,,True,200,logs\contract_end_migration_one_2026-07-16_195446_550859.csv,
ada2865f-f860-433d-9c98-93ab16f1de3f,sub_1QKolBE2kujhweZxKmVpD31b,cus_QhMs8bFhR0kQFV,would_release_schedule,True,release_schedule,verified_success,,True,200,logs\contract_end_migration_one_2026-07-16_195448_848617.csv,
ada2865f-f860-433d-9c98-93ab16f1de3f,sub_1QKoKOE2kujhweZxNQKrKBTy,cus_QPlm9emZfC2aF9,would_release_schedule,True,release_schedule,verified_success,,True,200,logs\contract_end_migration_one_2026-07-16_195451_447735.csv,
ada2865f-f860-433d-9c98-93ab16f1de3f,sub_1QK3puE2kujhweZxShIQ5pod,cus_RCSg7b708ABtzs,would_release_schedule,True,release_schedule,verified_success,,True,200,logs\contract_end_migration_one_2026-07-16_195453_798971.csv,
ada2865f-f860-433d-9c98-93ab16f1de3f,sub_1QHq9DE2kujhweZxp8YHzn9h,cus_RAAO7jpvXmVwAk,would_release_schedule,True,release_schedule,verified_success,,True,200,logs\contract_end_migration_one_2026-07-16_195455_790751.csv,
ada2865f-f860-433d-9c98-93ab16f1de3f,sub_1QHq6eE2kujhweZxzsLAGG2l,cus_RAAK9LkyPPBrLE,would_release_schedule,True,release_schedule,verified_success,,True,200,logs\contract_end_migration_one_2026-07-16_195458_208801.csv,
ada2865f-f860-433d-9c98-93ab16f1de3f,sub_1QHq4GE2kujhweZxn602QqLF,cus_RAAHQ6wEChoszl,would_release_schedule,True,release_schedule,verified_success,,True,200,logs\contract_end_migration_one_2026-07-16_195501_119436.csv,
ada2865f-f860-433d-9c98-93ab16f1de3f,sub_1QHpv3E2kujhweZxFcMjOqHz,cus_RAACorWrDulPbS,would_release_schedule,True,release_schedule,verified_success,,True,200,logs\contract_end_migration_one_2026-07-16_195503_402860.csv,
ada2865f-f860-433d-9c98-93ab16f1de3f,sub_1QFGMyE2kujhweZxEKuQhWMd,cus_R7VNqF4BLJZKEk,would_release_schedule,True,release_schedule,verified_success,,True,200,logs\contract_end_migration_one_2026-07-16_195505_595144.csv,
ada2865f-f860-433d-9c98-93ab16f1de3f,sub_1QFGKBE2kujhweZxsMgySQ7d,cus_R7VKxdZioyo9Wj,would_release_schedule,True,release_schedule,verified_success,,True,200,logs\contract_end_migration_one_2026-07-16_195508_161388.csv,
ada2865f-f860-433d-9c98-93ab16f1de3f,sub_1QFGHCE2kujhweZx4aNGlAFd,cus_R7VFuuhyKz8nZa,would_release_schedule,True,release_schedule,verified_success,,True,200,logs\contract_end_migration_one_2026-07-16_195510_972929.csv,
ada2865f-f860-433d-9c98-93ab16f1de3f,sub_1QFGGWE2kujhweZxX2U2kAK5,cus_R7VDI8KbeKMcUB,would_release_schedule,True,release_schedule,verified_success,,True,200,logs\contract_end_migration_one_2026-07-16_195513_637553.csv,
ada2865f-f860-433d-9c98-93ab16f1de3f,sub_1QD5VZE2kujhweZxLqluje9l,cus_R5G0a8ogsB1FC0,would_release_schedule,True,release_schedule,verified_success,,True,200,logs\contract_end_migration_one_2026-07-16_195516_110610.csv,
ada2865f-f860-433d-9c98-93ab16f1de3f,sub_1QD5TBE2kujhweZxStRoUkrO,cus_R5FybAfkYyf9pb,would_release_schedule,True,release_schedule,verified_success,,True,200,logs\contract_end_migration_one_2026-07-16_195518_317367.csv,
ada2865f-f860-433d-9c98-93ab16f1de3f,sub_1QD5PYE2kujhweZxHULwzBaq,cus_R5FuUUPlLlsWWS,would_release_schedule,True,release_schedule,verified_success,,True,200,logs\contract_end_migration_one_2026-07-16_195521_278740.csv,
ada2865f-f860-433d-9c98-93ab16f1de3f,sub_1QD5MqE2kujhweZxqRxswTlB,cus_R5FskB0clO6e8v,would_release_schedule,True,release_schedule,verified_success,,True,200,logs\contract_end_migration_one_2026-07-16_195523_484293.csv,
ada2865f-f860-433d-9c98-93ab16f1de3f,sub_1QD5KQE2kujhweZxYjbvVOow,cus_R5FpnaGSFvOYm0,would_release_schedule,True,release_schedule,verified_success,,True,200,logs\contract_end_migration_one_2026-07-16_195526_252038.csv,
ada2865f-f860-433d-9c98-93ab16f1de3f,sub_1QBL8GE2kujhweZxagt62gto,cus_R3QUtV8uY9T0MC,would_release_schedule,True,release_schedule,verified_success,,True,200,logs\contract_end_migration_one_2026-07-16_195529_072898.csv,
ada2865f-f860-433d-9c98-93ab16f1de3f,sub_1QBL7dE2kujhweZx87fQydtq,cus_R3QRAO8xOC3F06,would_release_schedule,True,release_schedule,verified_success,,True,200,logs\contract_end_migration_one_2026-07-16_195531_559549.csv,
ada2865f-f860-433d-9c98-93ab16f1de3f,sub_1QBL6WE2kujhweZxLrTjsOAl,cus_R3QH1pp7XWtQQr,would_release_schedule,True,release_schedule,verified_success,,True,200,logs\contract_end_migration_one_2026-07-16_195534_680726.csv,
ada2865f-f860-433d-9c98-93ab16f1de3f,sub_1QBL5WE2kujhweZxweOVvQ2y,cus_R3QEczqNd5p6TX,would_release_schedule,True,release_schedule,verified_success,,True,200,logs\contract_end_migration_one_2026-07-16_195537_241325.csv,
ada2865f-f860-433d-9c98-93ab16f1de3f,sub_1QBL4XE2kujhweZxD6jML3vj,cus_R3Q8Sa9drWLNnx,would_release_schedule,True,release_schedule,verified_success,,True,200,logs\contract_end_migration_one_2026-07-16_195540_285675.csv,
ada2865f-f860-433d-9c98-93ab16f1de3f,sub_1QAaWOE2kujhweZxpPK38z4n,cus_R2frlMzz3bUYXH,would_release_schedule,True,release_schedule,verified_success,,True,200,logs\contract_end_migration_one_2026-07-16_195542_924007.csv,
ada2865f-f860-433d-9c98-93ab16f1de3f,sub_1QAaUUE2kujhweZxGOh0OC2e,cus_R2fpJXd7Lwh5FF,would_release_schedule,True,release_schedule,verified_success,,True,200,logs\contract_end_migration_one_2026-07-16_195545_832920.csv,
ada2865f-f860-433d-9c98-93ab16f1de3f,sub_1QAaSmE2kujhweZxlKgImXaD,cus_R2foMs1JklRY0I,would_release_schedule,True,release_schedule,verified_success,,True,200,logs\contract_end_migration_one_2026-07-16_195549_316155.csv,
ada2865f-f860-433d-9c98-93ab16f1de3f,sub_1QAaQfE2kujhweZxeYa2wdPx,cus_R2flAUwbzmKfsA,would_release_schedule,True,release_schedule,verified_success,,True,200,logs\contract_end_migration_one_2026-07-16_195552_801334.csv,
ada2865f-f860-433d-9c98-93ab16f1de3f,sub_1QAaOhE2kujhweZx8NfB5Tn1,cus_R2fjM3qaHX6UgL,would_release_schedule,True,release_schedule,verified_success,,True,200,logs\contract_end_migration_one_2026-07-16_195558_118915.csv,
ada2865f-f860-433d-9c98-93ab16f1de3f,sub_1QAaKlE2kujhweZxeew0KqTt,cus_R2ffRBztGEyxTw,would_release_schedule,True,release_schedule,verified_success,,True,200,logs\contract_end_migration_one_2026-07-16_195602_081609.csv,
ada2865f-f860-433d-9c98-93ab16f1de3f,sub_1QAaGUE2kujhweZxH2ZNGBx6,cus_R2fbTXjWHCsvu6,would_release_schedule,True,release_schedule,verified_success,,True,200,logs\contract_end_migration_one_2026-07-16_195604_868657.csv,
ada2865f-f860-433d-9c98-93ab16f1de3f,sub_1QAaEIE2kujhweZx4ibsbvNz,cus_R2fYt98B8qi98e,would_release_schedule,True,release_schedule,verified_success,,True,200,logs\contract_end_migration_one_2026-07-16_195608_965385.csv,
ada2865f-f860-433d-9c98-93ab16f1de3f,sub_1QAaBeE2kujhweZxG00CFd7N,cus_R2fWcOQPvFtRts,would_release_schedule,True,release_schedule,verified_success,,True,200,logs\contract_end_migration_one_2026-07-16_195612_450337.csv,
ada2865f-f860-433d-9c98-93ab16f1de3f,sub_1QAa91E2kujhweZxHZvbBYfD,cus_R2fTC1G2v0dJIG,would_release_schedule,True,release_schedule,verified_success,,True,200,logs\contract_end_migration_one_2026-07-16_195615_557856.csv,
ada2865f-f860-433d-9c98-93ab16f1de3f,sub_1QAa6LE2kujhweZxRZ93639L,cus_R2fQUDErJP2R9t,would_release_schedule,True,release_schedule,verified_success,,True,200,logs\contract_end_migration_one_2026-07-16_195618_085300.csv,
ada2865f-f860-433d-9c98-93ab16f1de3f,sub_1QAa2jE2kujhweZxZI69iZ2k,cus_R2fMm6MJkokXcL,would_release_schedule,True,release_schedule,verified_success,,True,200,logs\contract_end_migration_one_2026-07-16_195621_073728.csv,
ada2865f-f860-433d-9c98-93ab16f1de3f,sub_1PxsucE2kujhweZx7TKz270r,cus_QpY0yM2BtcsLKo,would_release_schedule,True,release_schedule,verified_success,,True,200,logs\contract_end_migration_one_2026-07-16_195624_008792.csv,
ada2865f-f860-433d-9c98-93ab16f1de3f,sub_1Pxsr7E2kujhweZx4yOkPQiT,cus_QpXwl8LxX7sDd4,would_release_schedule,True,release_schedule,verified_success,,True,200,logs\contract_end_migration_one_2026-07-16_195629_043595.csv,
ada2865f-f860-433d-9c98-93ab16f1de3f,sub_1PxsjeE2kujhweZxpu62QQO0,cus_QpXoJagb5m7T9h,would_release_schedule,True,release_schedule,verified_success,,True,200,logs\contract_end_migration_one_2026-07-16_195632_962955.csv,
ada2865f-f860-433d-9c98-93ab16f1de3f,sub_1PxsfnE2kujhweZxCn27qh8F,cus_QpXjKTX9v1HXy4,would_release_schedule,True,release_schedule,verified_success,,True,200,logs\contract_end_migration_one_2026-07-16_195637_108794.csv,
ada2865f-f860-433d-9c98-93ab16f1de3f,sub_1PxsaQE2kujhweZxwqDk02EV,cus_QpXehw7ZXy3sQL,would_release_schedule,True,release_schedule,verified_success,,True,200,logs\contract_end_migration_one_2026-07-16_195640_875766.csv,
ada2865f-f860-433d-9c98-93ab16f1de3f,sub_1PxsMXE2kujhweZxxEDrLF6J,cus_QpXP5phhVtcpZ7,would_release_schedule,True,release_schedule,verified_success,,True,200,logs\contract_end_migration_one_2026-07-16_195645_527660.csv,
ada2865f-f860-433d-9c98-93ab16f1de3f,sub_1PvLX5E2kujhweZxQgwbYY5K,cus_QmvNVTr8WE280F,would_release_schedule,True,release_schedule,verified_success,,True,200,logs\contract_end_migration_one_2026-07-16_195649_013311.csv,
ada2865f-f860-433d-9c98-93ab16f1de3f,sub_1PvLUuE2kujhweZxPFCTZK3P,cus_QmvKRLiiXHcdQb,would_release_schedule,True,release_schedule,verified_success,,True,200,logs\contract_end_migration_one_2026-07-16_195652_291198.csv,
ada2865f-f860-433d-9c98-93ab16f1de3f,sub_1PvLQaE2kujhweZxQKCSxaSe,cus_QmvGlSWlSobLFs,would_release_schedule,True,release_schedule,verified_success,,True,200,logs\contract_end_migration_one_2026-07-16_195656_072629.csv,
ada2865f-f860-433d-9c98-93ab16f1de3f,sub_1PvLNgE2kujhweZx3jFgP3hV,cus_QmvCjOogrzT3uJ,would_release_schedule,True,release_schedule,verified_success,,True,200,logs\contract_end_migration_one_2026-07-16_195659_158533.csv,
ada2865f-f860-433d-9c98-93ab16f1de3f,sub_1PvLJ9E2kujhweZxPDQ15Myn,cus_Qmv8hfX49rqj0V,would_release_schedule,True,release_schedule,verified_success,,True,200,logs\contract_end_migration_one_2026-07-16_195702_431591.csv,
ada2865f-f860-433d-9c98-93ab16f1de3f,sub_1PsmD6E2kujhweZxcfOoBkN6,cus_QkGk6oka9m7qsK,would_release_schedule,True,release_schedule,verified_success,,True,200,logs\contract_end_migration_one_2026-07-16_195708_517260.csv,
ada2865f-f860-433d-9c98-93ab16f1de3f,sub_1Psm6tE2kujhweZxFheEHrZs,cus_QkGdsjRMElJ2aw,would_release_schedule,True,release_schedule,verified_success,,True,200,logs\contract_end_migration_one_2026-07-16_195711_770286.csv,
ada2865f-f860-433d-9c98-93ab16f1de3f,sub_1Psm4PE2kujhweZxkbGmvsWk,cus_QkGaSmiGpIGGth,would_release_schedule,True,release_schedule,verified_success,,True,200,logs\contract_end_migration_one_2026-07-16_195714_569008.csv,
ada2865f-f860-433d-9c98-93ab16f1de3f,sub_1Psm18E2kujhweZxYbrqNoqN,cus_QkGXXn2Jh5AWVr,would_release_schedule,True,release_schedule,verified_success,,True,200,logs\contract_end_migration_one_2026-07-16_195717_106196.csv,
ada2865f-f860-433d-9c98-93ab16f1de3f,sub_1PpyHNE2kujhweZxvVoT1spM,cus_QhN0cnmPSCwmnm,would_release_schedule,True,release_schedule,verified_success,,True,200,logs\contract_end_migration_one_2026-07-16_195719_689998.csv,
ada2865f-f860-433d-9c98-93ab16f1de3f,sub_1Ppy5iE2kujhweZxXFgOs0Rf,cus_QhMoPIdUFwMFqs,would_release_schedule,True,release_schedule,verified_success,,True,200,logs\contract_end_migration_one_2026-07-16_195722_263140.csv,
ada2865f-f860-433d-9c98-93ab16f1de3f,sub_1PnnrQE2kujhweZxK76ZIIy2,cus_Qf86bBx53oLVvT,would_release_schedule,True,release_schedule,verified_success,,True,200,logs\contract_end_migration_one_2026-07-16_195724_956484.csv,
ada2865f-f860-433d-9c98-93ab16f1de3f,sub_1PlBPwE2kujhweZxY9HNhFCq,cus_QcQ9vM7FlNWmH8,would_release_schedule,True,release_schedule,verified_success,,True,200,logs\contract_end_migration_one_2026-07-16_195727_366807.csv,
ada2865f-f860-433d-9c98-93ab16f1de3f,sub_1PlBOrE2kujhweZxSrlPSg8W,cus_QcQ6V1jV8vFFls,would_release_schedule,True,release_schedule,verified_success,,True,200,logs\contract_end_migration_one_2026-07-16_195730_116428.csv,
ada2865f-f860-433d-9c98-93ab16f1de3f,sub_1PlBOME2kujhweZxQRg14gZ0,cus_QcQ31zqa23iKmp,would_release_schedule,True,release_schedule,verified_success,,True,200,logs\contract_end_migration_one_2026-07-16_195733_046986.csv,
ada2865f-f860-433d-9c98-93ab16f1de3f,sub_1PlBNUE2kujhweZxSDjW0n4C,cus_QcPxWvMQHVPgga,would_release_schedule,True,release_schedule,verified_success,,True,200,logs\contract_end_migration_one_2026-07-16_195736_028702.csv,
ada2865f-f860-433d-9c98-93ab16f1de3f,sub_1PizIwE2kujhweZxWQxarcpc,cus_QZmRHDLySswwdF,would_release_schedule,True,release_schedule,verified_success,,True,200,logs\contract_end_migration_one_2026-07-16_195738_777917.csv,
ada2865f-f860-433d-9c98-93ab16f1de3f,sub_1PizHsE2kujhweZxY5Ol6uPQ,cus_QZmToVaUu1byXi,would_release_schedule,True,release_schedule,verified_success,,True,200,logs\contract_end_migration_one_2026-07-16_195743_066093.csv,
ada2865f-f860-433d-9c98-93ab16f1de3f,sub_1PizG6E2kujhweZxiwghjW2p,cus_QZmYG0lndwNCPH,would_release_schedule,True,release_schedule,verified_success,,True,200,logs\contract_end_migration_one_2026-07-16_195746_695280.csv,
ada2865f-f860-433d-9c98-93ab16f1de3f,sub_1PizF1E2kujhweZx4OF9rque,cus_QZmZjdQTsTkYUC,would_release_schedule,True,release_schedule,verified_success,,True,200,logs\contract_end_migration_one_2026-07-16_195749_740574.csv,
ada2865f-f860-433d-9c98-93ab16f1de3f,sub_1PizEOE2kujhweZxNW6RVpVi,cus_QZmcrAQj5vhz7w,would_release_schedule,True,release_schedule,verified_success,,True,200,logs\contract_end_migration_one_2026-07-16_195753_014022.csv,
ada2865f-f860-433d-9c98-93ab16f1de3f,sub_1PizDeE2kujhweZxMSTnjxfY,cus_QZmeky4mTnAh1H,would_release_schedule,True,release_schedule,verified_success,,True,200,logs\contract_end_migration_one_2026-07-16_195755_874591.csv,
ada2865f-f860-433d-9c98-93ab16f1de3f,sub_1PizCuE2kujhweZxECnTaK8J,cus_QZmgOsW9ZjKKrE,would_release_schedule,True,release_schedule,verified_success,,True,200,logs\contract_end_migration_one_2026-07-16_195758_745378.csv,
ada2865f-f860-433d-9c98-93ab16f1de3f,sub_1PfOORE2kujhweZxNIScN0Ps,cus_QWR5NMDwvYCGHv,would_release_schedule,True,release_schedule,verified_success,,True,200,logs\contract_end_migration_one_2026-07-16_195801_342075.csv,
ada2865f-f860-433d-9c98-93ab16f1de3f,sub_1PfONhE2kujhweZx3ZSbg5sv,cus_QWR2WgR4QpW2Xh,would_release_schedule,True,release_schedule,verified_success,,True,200,logs\contract_end_migration_one_2026-07-16_195804_706969.csv,
ada2865f-f860-433d-9c98-93ab16f1de3f,sub_1PfOMTE2kujhweZx2l2qLPkM,cus_QWR0yXlBx6zIlh,would_release_schedule,True,release_schedule,verified_success,,True,200,logs\contract_end_migration_one_2026-07-16_195808_411380.csv,
ada2865f-f860-433d-9c98-93ab16f1de3f,sub_1PfOLyE2kujhweZxj1Vwxi2F,cus_QWQwUOrkbAcl4j,would_release_schedule,True,release_schedule,verified_success,,True,200,logs\contract_end_migration_one_2026-07-16_195811_368849.csv,
ada2865f-f860-433d-9c98-93ab16f1de3f,sub_1PfOLIE2kujhweZxa9btPpU4,cus_QWQtjQnorOhJOv,would_release_schedule,True,release_schedule,verified_success,,True,200,logs\contract_end_migration_one_2026-07-16_195814_389149.csv,
ada2865f-f860-433d-9c98-93ab16f1de3f,sub_1PfOKQE2kujhweZxqyUw9tZo,cus_QWQpEutlK8klaX,would_release_schedule,True,release_schedule,verified_success,,True,200,logs\contract_end_migration_one_2026-07-16_195817_619538.csv,
ada2865f-f860-433d-9c98-93ab16f1de3f,sub_1PfOJME2kujhweZx7CYf4dEt,cus_QWQmtOVX0LhEiq,would_release_schedule,True,release_schedule,verified_success,,True,200,logs\contract_end_migration_one_2026-07-16_195820_135521.csv,
ada2865f-f860-433d-9c98-93ab16f1de3f,sub_1PfOIKE2kujhweZxjfJcpFRk,cus_QWQkOao1DgNMwr,would_release_schedule,True,release_schedule,verified_success,,True,200,logs\contract_end_migration_one_2026-07-16_195823_600401.csv,
ada2865f-f860-433d-9c98-93ab16f1de3f,sub_1PfOHNE2kujhweZxuk3zOXxF,cus_QWQgFOrurIZ0xL,would_release_schedule,True,release_schedule,verified_success,,True,200,logs\contract_end_migration_one_2026-07-16_195826_747288.csv,
ada2865f-f860-433d-9c98-93ab16f1de3f,sub_1PbTJSE2kujhweZxD1jssPrH,cus_QRarYOCUWfT01d,would_release_schedule,True,release_schedule,verified_success,,True,200,logs\contract_end_migration_one_2026-07-16_195829_501317.csv,
ada2865f-f860-433d-9c98-93ab16f1de3f,sub_1PbTIwE2kujhweZxEHXmMWPf,cus_QRaohbnumHYYDS,would_release_schedule,True,release_schedule,verified_success,,True,200,logs\contract_end_migration_one_2026-07-16_195832_005801.csv,
ada2865f-f860-433d-9c98-93ab16f1de3f,sub_1PbTGME2kujhweZxsBzSpdXA,cus_QPliPoGmMVnl1U,would_release_schedule,True,release_schedule,verified_success,,True,200,logs\contract_end_migration_one_2026-07-16_195834_648950.csv,
ada2865f-f860-433d-9c98-93ab16f1de3f,sub_1PbTFfE2kujhweZxvwcNESrc,cus_QPlgw1i3HecxJa,would_release_schedule,True,release_schedule,verified_success,,True,200,logs\contract_end_migration_one_2026-07-16_195837_383376.csv,
ada2865f-f860-433d-9c98-93ab16f1de3f,sub_1PbTCVE2kujhweZxf9YTLAVZ,cus_QPldxUZg5bnwBl,would_release_schedule,True,release_schedule,verified_success,,True,200,logs\contract_end_migration_one_2026-07-16_195841_461992.csv,
ada2865f-f860-433d-9c98-93ab16f1de3f,sub_1PY7MyE2kujhweZxWBAmzpHU,cus_QMfqMlmiMWyjv1,would_release_equivalent_two_phase_schedule,True,release_schedule,verified_success,,True,200,logs\contract_end_migration_one_2026-07-16_195843_906731.csv,
ada2865f-f860-433d-9c98-93ab16f1de3f,sub_1PY7MQE2kujhweZxuITBOIUJ,cus_QMfoJ5AgatBnpH,would_release_equivalent_two_phase_schedule,True,release_schedule,verified_success,,True,200,logs\contract_end_migration_one_2026-07-16_195846_498620.csv,
ada2865f-f860-433d-9c98-93ab16f1de3f,sub_1PY7LhE2kujhweZxdPFQbCzt,cus_QMfnsNjtUsMxwT,would_release_equivalent_two_phase_schedule,True,release_schedule,verified_success,,True,200,logs\contract_end_migration_one_2026-07-16_195849_657284.csv,
ada2865f-f860-433d-9c98-93ab16f1de3f,sub_1PY7L5E2kujhweZxIgquV4ue,cus_QMfkWzBpL3H36G,would_release_schedule,True,release_schedule,verified_success,,True,200,logs\contract_end_migration_one_2026-07-16_195852_767671.csv,
ada2865f-f860-433d-9c98-93ab16f1de3f,sub_1PY7KSE2kujhweZxosRjXB3h,cus_QMfinGYxbBD903,would_release_schedule,True,release_schedule,verified_success,,True,200,logs\contract_end_migration_one_2026-07-16_195855_853116.csv,
ada2865f-f860-433d-9c98-93ab16f1de3f,sub_1PY7JyE2kujhweZx93HWYfuR,cus_QMfh1UAblrHtOn,would_release_schedule,True,release_schedule,verified_success,,True,200,logs\contract_end_migration_one_2026-07-16_195858_631990.csv,
ada2865f-f860-433d-9c98-93ab16f1de3f,sub_1PY7JXE2kujhweZxhTo07qej,cus_QMffyWfIdG8Ue3,would_release_equivalent_two_phase_schedule,True,release_schedule,verified_success,,True,200,logs\contract_end_migration_one_2026-07-16_195902_106091.csv,
ada2865f-f860-433d-9c98-93ab16f1de3f,sub_1PY7IzE2kujhweZxphHNDOfA,cus_QMfdhSfaGNWA6Z,would_release_equivalent_two_phase_schedule,True,release_schedule,verified_success,,True,200,logs\contract_end_migration_one_2026-07-16_195905_743846.csv,
ada2865f-f860-433d-9c98-93ab16f1de3f,sub_1PY7IaE2kujhweZxcckYrosj,cus_QMfaFsQxnlW9Li,would_release_equivalent_two_phase_schedule,True,release_schedule,verified_success,,True,200,logs\contract_end_migration_one_2026-07-16_195907_988190.csv,
ada2865f-f860-433d-9c98-93ab16f1de3f,sub_1PY7I9E2kujhweZxkJr946w6,cus_QMfXYbr7EVPWaP,would_release_equivalent_two_phase_schedule,True,release_schedule,verified_success,,True,200,logs\contract_end_migration_one_2026-07-16_195910_258925.csv,
ada2865f-f860-433d-9c98-93ab16f1de3f,sub_1PY7HmE2kujhweZxa15gzFzM,cus_QMfVUyA5UOKS2Q,would_release_equivalent_two_phase_schedule,True,release_schedule,verified_success,,True,200,logs\contract_end_migration_one_2026-07-16_195913_067564.csv,
ada2865f-f860-433d-9c98-93ab16f1de3f,sub_1PY7HKE2kujhweZxxyc1GRi5,cus_QMfTg9EQ9FlSlx,would_release_equivalent_two_phase_schedule,True,release_schedule,verified_success,,True,200,logs\contract_end_migration_one_2026-07-16_195916_496472.csv,
ada2865f-f860-433d-9c98-93ab16f1de3f,sub_1PY7GqE2kujhweZxLxkqF2kB,cus_QMfRtvjNjhnKN3,would_release_equivalent_two_phase_schedule,True,release_schedule,verified_success,,True,200,logs\contract_end_migration_one_2026-07-16_195919_179444.csv,
ada2865f-f860-433d-9c98-93ab16f1de3f,sub_1PY7DvE2kujhweZxjM6gSE2m,cus_QMfPTgKk1P3QJJ,would_release_schedule,True,release_schedule,verified_success,,True,200,logs\contract_end_migration_one_2026-07-16_195922_064317.csv,
ada2865f-f860-433d-9c98-93ab16f1de3f,sub_1PY7C7E2kujhweZxQlBl8Qfo,cus_QMfMiG70jtzeHM,would_release_schedule,True,release_schedule,verified_success,,True,200,logs\contract_end_migration_one_2026-07-16_195924_590257.csv,
ada2865f-f860-433d-9c98-93ab16f1de3f,sub_1PY7ACE2kujhweZx0XM88nj1,cus_QMfFsCRUJGXjll,would_release_equivalent_two_phase_schedule,True,release_schedule,verified_success,,True,200,logs\contract_end_migration_one_2026-07-16_195926_890627.csv,
ada2865f-f860-433d-9c98-93ab16f1de3f,sub_1PY79jE2kujhweZxiExvPRhM,cus_QMfC3a75j3QxC0,would_release_equivalent_two_phase_schedule,True,release_schedule,verified_success,,True,200,logs\contract_end_migration_one_2026-07-16_195929_461763.csv,
ada2865f-f860-433d-9c98-93ab16f1de3f,sub_1PY79AE2kujhweZxowEUqcbI,cus_QMfATtYolm66vh,would_release_equivalent_two_phase_schedule,True,release_schedule,verified_success,,True,200,logs\contract_end_migration_one_2026-07-16_195932_472064.csv,
ada2865f-f860-433d-9c98-93ab16f1de3f,sub_1PY78NE2kujhweZxh52Wr11b,cus_QMf7k4lCWFoR56,would_release_equivalent_two_phase_schedule,True,release_schedule,verified_success,,True,200,logs\contract_end_migration_one_2026-07-16_195936_510939.csv,
ada2865f-f860-433d-9c98-93ab16f1de3f,sub_1PY77kE2kujhweZxC52AxFXK,cus_QMf3D63kNbmuTN,would_release_equivalent_two_phase_schedule,True,release_schedule,verified_success,,True,200,logs\contract_end_migration_one_2026-07-16_195939_249832.csv,
ada2865f-f860-433d-9c98-93ab16f1de3f,sub_1PY77CE2kujhweZxYQDDNVHr,cus_QMezzSE6vQn1uL,would_release_equivalent_two_phase_schedule,True,release_schedule,verified_success,,True,200,logs\contract_end_migration_one_2026-07-16_195941_470837.csv,
ada2865f-f860-433d-9c98-93ab16f1de3f,sub_1PY76iE2kujhweZxUmZOzxuX,cus_QMexjDTaVgUMrl,would_release_equivalent_two_phase_schedule,True,release_schedule,verified_success,,True,200,logs\contract_end_migration_one_2026-07-16_195943_749071.csv,
ada2865f-f860-433d-9c98-93ab16f1de3f,sub_1PY75JE2kujhweZxHLELiLDe,cus_QMevt3Uv7mEmYI,would_release_equivalent_two_phase_schedule,True,release_schedule,verified_success,,True,200,logs\contract_end_migration_one_2026-07-16_195946_036236.csv,
ada2865f-f860-433d-9c98-93ab16f1de3f,sub_1PY73hE2kujhweZxNLai92YW,cus_QMenP1mnrzi0AK,would_release_equivalent_two_phase_schedule,True,release_schedule,verified_success,,True,200,logs\contract_end_migration_one_2026-07-16_195948_455270.csv,
ada2865f-f860-433d-9c98-93ab16f1de3f,sub_1PY72qE2kujhweZx8r6ILCbn,cus_QMPSpCNfVJFwXM,would_release_equivalent_two_phase_schedule,True,release_schedule,verified_success,,True,200,logs\contract_end_migration_one_2026-07-16_195951_215308.csv,
ada2865f-f860-433d-9c98-93ab16f1de3f,sub_1PY725E2kujhweZxOxZtPfqy,cus_QMPOXrHGwtrBfa,would_release_equivalent_two_phase_schedule,True,release_schedule,verified_success,,True,200,logs\contract_end_migration_one_2026-07-16_195953_509941.csv,
ada2865f-f860-433d-9c98-93ab16f1de3f,sub_1PY6zvE2kujhweZxieH3cehf,cus_QMPKq8wqyOxCs6,would_release_schedule,True,release_schedule,verified_success,,True,200,logs\contract_end_migration_one_2026-07-16_195956_151111.csv,
ada2865f-f860-433d-9c98-93ab16f1de3f,sub_1PY6zEE2kujhweZxvW7Nvn4r,cus_QMPHVIxvUh6hcr,would_release_equivalent_two_phase_schedule,True,release_schedule,verified_success,,True,200,logs\contract_end_migration_one_2026-07-16_195958_441592.csv,
ada2865f-f860-433d-9c98-93ab16f1de3f,sub_1PY6yGE2kujhweZxoO64S6bw,cus_QMPFpKqbaRWhLT,would_release_schedule,True,release_schedule,verified_success,,True,200,logs\contract_end_migration_one_2026-07-16_200001_090383.csv,
ada2865f-f860-433d-9c98-93ab16f1de3f,sub_1PY6v1E2kujhweZxeaJYzMuV,cus_QMPDC0lOyZs0n6,would_release_equivalent_two_phase_schedule,True,release_schedule,verified_success,,True,200,logs\contract_end_migration_one_2026-07-16_200003_506524.csv,
ada2865f-f860-433d-9c98-93ab16f1de3f,sub_1PY6szE2kujhweZxW51auwEh,cus_QMP190Qcd56trl,would_release_schedule,True,release_schedule,verified_success,,True,200,logs\contract_end_migration_one_2026-07-16_200007_949329.csv,
ada2865f-f860-433d-9c98-93ab16f1de3f,sub_1PY6rfE2kujhweZx4hYlQ5u5,cus_QMOyveNYEflyUm,already_forever,True,,skipped,already_forever,False,,,
ada2865f-f860-433d-9c98-93ab16f1de3f,sub_1TgQmNE2kujhweZxpdELWHXT,cus_UfmK4kaAwStO8j,would_release_schedule,True,release_schedule,verified_success,,True,200,logs\contract_end_migration_one_2026-07-16_200013_509483.csv,
ada2865f-f860-433d-9c98-93ab16f1de3f,sub_1SonP3E2kujhweZxQl0MtaJi,cus_TmM7PxPUOsxuDI,would_release_schedule,True,release_schedule,verified_success,,True,200,logs\contract_end_migration_one_2026-07-16_200016_593930.csv,
ada2865f-f860-433d-9c98-93ab16f1de3f,sub_1SUUhnE2kujhweZxrA44uqAQ,cus_TRNSxGCMTIpDWa,would_release_schedule,True,release_schedule,verified_success,,True,200,logs\contract_end_migration_one_2026-07-16_200020_191446.csv,
ada2865f-f860-433d-9c98-93ab16f1de3f,sub_1SHzP7E2kujhweZx62VefcLE,cus_Qf83gzJkhkZiEh,would_release_schedule,True,release_schedule,verified_success,,True,200,logs\contract_end_migration_one_2026-07-16_200023_145281.csv,
ada2865f-f860-433d-9c98-93ab16f1de3f,sub_1S0lroE2kujhweZxJRR01XNZ,cus_SwfCrps2yPijRV,would_release_schedule,True,release_schedule,verified_success,,True,200,logs\contract_end_migration_one_2026-07-16_200026_075201.csv,
ada2865f-f860-433d-9c98-93ab16f1de3f,sub_1RQxO7E2kujhweZxUadb8VwX,cus_SLegzPtuXemiH9,would_release_schedule,True,release_schedule,verified_success,,True,200,logs\contract_end_migration_one_2026-07-16_200029_175005.csv,
ada2865f-f860-433d-9c98-93ab16f1de3f,sub_1RQxDxE2kujhweZx1BgPuFMS,cus_SLeWunKG8BEddI,would_release_schedule,True,release_schedule,verified_success,,True,200,logs\contract_end_migration_one_2026-07-16_200031_598468.csv,
ada2865f-f860-433d-9c98-93ab16f1de3f,sub_1REVvME2kujhweZxiRUJSRjj,cus_S8nVsPXD1LtYgG,would_release_schedule,True,release_schedule,verified_success,,True,200,logs\contract_end_migration_one_2026-07-16_200034_974484.csv,
ada2865f-f860-433d-9c98-93ab16f1de3f,sub_1QZJJ7E2kujhweZxgtdbdiWR,cus_RSDkKmMhjJrKhZ,would_release_schedule,True,release_schedule,verified_success,,True,200,logs\contract_end_migration_one_2026-07-16_200037_447304.csv,
ada2865f-f860-433d-9c98-93ab16f1de3f,sub_1QMxgvE2kujhweZxvIiygN4G,cus_RFSXVe5Z6ltM8P,would_release_schedule,True,release_schedule,verified_success,,True,200,logs\contract_end_migration_one_2026-07-16_200041_079508.csv,
ada2865f-f860-433d-9c98-93ab16f1de3f,sub_1QAaIQE2kujhweZxbdvoSBm5,cus_R2fdRAOAGCy7DM,would_release_schedule,True,release_schedule,verified_success,,True,200,logs\contract_end_migration_one_2026-07-16_200043_372396.csv,
ada2865f-f860-433d-9c98-93ab16f1de3f,sub_1PizHCE2kujhweZxwr4XMMYP,cus_QZmVBXJLnUZflF,would_release_schedule,True,release_schedule,verified_success,,True,200,logs\contract_end_migration_one_2026-07-16_200046_210759.csv,
ada2865f-f860-433d-9c98-93ab16f1de3f,sub_1PY7BFE2kujhweZxMv35csIV,cus_QMfIDTybaQMI4n,would_release_equivalent_two_phase_schedule,True,release_schedule,verified_success,,True,200,logs\contract_end_migration_one_2026-07-16_200048_717424.csv,
ada2865f-f860-433d-9c98-93ab16f1de3f,sub_1PY74cE2kujhweZxeRGoi9u1,cus_QMepBWKUKvjx3U,manual_review,False,,skipped,manual_review,False,,,
ada2865f-f860-433d-9c98-93ab16f1de3f,sub_1PY6ciE2kujhweZx5d8VadQl,cus_QKSLYimXVZU5oP,would_release_schedule,True,release_schedule,verified_success,,True,200,logs\contract_end_migration_one_2026-07-16_200050_922632.csv,
