subscription_id,customer_id,subscription_status,contract_start_date,contract_end_date,inspection_fee_end_date,cancel_at,cancel_at_date,cancel_at_period_end,schedule_id,schedule_status,schedule_end_behavior,schedule_phase_count,schedule_last_phase_end,schedule_phases,all_schedule_phase_items_same,all_phase_business_settings_same,phase_business_differences,action,safe_to_apply,reason,error
sub_1TqYIUE2kujhweZx6UmAf2ZE,cus_UqElbX5rsYSfwY,active,2026-07-07,2076-07-07,2029-07-07,,,False,,,,0,,[],False,False,[],already_forever,True,"Subscription has no cancel_at, cancel_at_period_end is false, and no schedule is attached.",
sub_1TqY58E2kujhweZxemyjqeqN,cus_UqEYxkHhGHQAFs,active,2026-07-07,2076-07-07,2029-07-07,,,False,,,,0,,[],False,False,[],already_forever,True,"Subscription has no cancel_at, cancel_at_period_end is false, and no schedule is attached.",
sub_1TgUVnE2kujhweZxbWmSqmZ6,cus_UfqC7GkPLuoLue,active,2026-06-09,2076-06-09,2029-06-09,,,False,,,,0,,[],False,False,[],already_forever,True,"Subscription has no cancel_at, cancel_at_period_end is false, and no schedule is attached.",
sub_1TgSSmE2kujhweZx0omYjE9V,cus_Ufo3f662KEk9vy,active,2026-06-09,2076-06-09,2029-06-09,,,False,,,,0,,[],False,False,[],already_forever,True,"Subscription has no cancel_at, cancel_at_period_end is false, and no schedule is attached.",
sub_1TgRmtE2kujhweZxH0ak7I7c,cus_UfnNlu2CK38zxo,active,2026-06-09,2076-06-09,2029-06-09,,,False,,,,0,,[],False,False,[],already_forever,True,"Subscription has no cancel_at, cancel_at_period_end is false, and no schedule is attached.",
sub_1TgR5rE2kujhweZxc3IpXDaB,cus_Ufmfy38ySmL4qV,active,2026-06-09,2076-06-09,2029-06-09,,,False,,,,0,,[],False,False,[],already_forever,True,"Subscription has no cancel_at, cancel_at_period_end is false, and no schedule is attached.",
sub_1TgQycE2kujhweZxiSDqLZ7d,cus_UfmXOfNLyvqNED,active,2026-06-09,2076-06-09,2029-06-09,,,False,,,,0,,[],False,False,[],already_forever,True,"Subscription has no cancel_at, cancel_at_period_end is false, and no schedule is attached.",
sub_1TgQsIE2kujhweZxrVKdu2pA,cus_UfmQZ3A9lnBMiX,active,2026-06-09,2076-06-09,2029-06-09,,,False,,,,0,,[],False,False,[],already_forever,True,"Subscription has no cancel_at, cancel_at_period_end is false, and no schedule is attached.",
sub_1TgQgqE2kujhweZxZNGzQWWk,cus_UfmEkXJGLjTlUM,active,2026-06-09,2076-06-09,2029-06-09,,,False,,,,0,,[],False,False,[],already_forever,True,"Subscription has no cancel_at, cancel_at_period_end is false, and no schedule is attached.",
sub_1TgQ2AE2kujhweZxQ4ENWBEZ,cus_UflZpdhBbU40SI,active,2026-06-09,2076-06-09,2029-06-09,,,False,,,,0,,[],False,False,[],already_forever,True,"Subscription has no cancel_at, cancel_at_period_end is false, and no schedule is attached.",
sub_1TgPtqE2kujhweZxojdhDtQ0,cus_UflQ09lyQ7BM2m,active,2026-06-09,2076-06-09,2029-06-09,,,False,,,,0,,[],False,False,[],already_forever,True,"Subscription has no cancel_at, cancel_at_period_end is false, and no schedule is attached.",
sub_1Tf0mbE2kujhweZxBkklcyWP,cus_UeJPzA3VbtKL9y,active,2026-06-05,2076-06-05,2029-06-05,,,False,,,,0,,[],False,False,[],already_forever,True,"Subscription has no cancel_at, cancel_at_period_end is false, and no schedule is attached.",
sub_1Tf0g6E2kujhweZxUgJTEjKg,cus_UeJIxHxj2FXlc8,active,2026-06-05,2076-06-05,2029-06-05,,,False,,,,0,,[],False,False,[],already_forever,True,"Subscription has no cancel_at, cancel_at_period_end is false, and no schedule is attached.",
sub_1Tf0OZE2kujhweZxhRcHPnZE,cus_UeJ0sq2owRo6dd,active,2026-06-05,2076-06-05,2029-06-05,,,False,,,,0,,[],False,False,[],already_forever,True,"Subscription has no cancel_at, cancel_at_period_end is false, and no schedule is attached.",
sub_1Tf08qE2kujhweZxg1Yz74NM,cus_UeIkzZoxc5BELd,active,2026-06-05,2076-06-05,2029-06-05,,,False,,,,0,,[],False,False,[],already_forever,True,"Subscription has no cancel_at, cancel_at_period_end is false, and no schedule is attached.",
sub_1TezyhE2kujhweZxV86zzj0i,cus_UeIZ0SwN62XnyV,active,2026-06-05,2076-06-05,2029-06-05,,,False,,,,0,,[],False,False,[],already_forever,True,"Subscription has no cancel_at, cancel_at_period_end is false, and no schedule is attached.",
sub_1TezkpE2kujhweZx2T0MXmGH,cus_UeILyiRqnGC9Mi,active,2026-06-05,2076-06-05,2029-06-05,,,False,,,,0,,[],False,False,[],already_forever,True,"Subscription has no cancel_at, cancel_at_period_end is false, and no schedule is attached.",
sub_1Tey5wE2kujhweZxJHzFWAUQ,cus_UeGctl1iPY011Y,active,2026-06-05,2076-06-05,2029-06-05,,,False,,,,0,,[],False,False,[],already_forever,True,"Subscription has no cancel_at, cancel_at_period_end is false, and no schedule is attached.",
sub_1TexuhE2kujhweZx3ALYf76C,cus_UeGRodfO0LnigF,active,2026-06-05,2076-06-05,2029-06-05,,,False,,,,0,,[],False,False,[],already_forever,True,"Subscription has no cancel_at, cancel_at_period_end is false, and no schedule is attached.",
sub_1TexnZE2kujhweZxHAVd30UB,cus_UeGK1xSB51hYJp,active,2026-06-05,2076-06-05,2029-06-05,,,False,,,,0,,[],False,False,[],already_forever,True,"Subscription has no cancel_at, cancel_at_period_end is false, and no schedule is attached.",
sub_1TexQIE2kujhweZxKCBgJYUf,cus_UeFwR5skAIThOZ,active,2026-06-05,2076-06-05,2029-06-05,,,False,,,,0,,[],False,False,[],already_forever,True,"Subscription has no cancel_at, cancel_at_period_end is false, and no schedule is attached.",
sub_1Tex7lE2kujhweZxd3Cx9Gav,cus_UeFcRmTvqgTC6E,active,2026-06-05,2076-06-05,2029-06-05,,,False,,,,0,,[],False,False,[],already_forever,True,"Subscription has no cancel_at, cancel_at_period_end is false, and no schedule is attached.",
sub_1TewrgE2kujhweZx3gv0M1r8,cus_UeFMyy0yGxIC3r,active,2026-06-05,2076-06-05,2029-06-05,,,False,,,,0,,[],False,False,[],already_forever,True,"Subscription has no cancel_at, cancel_at_period_end is false, and no schedule is attached.",
sub_1TTnDHE2kujhweZxsJOp2viU,cus_USieRzJ5q7pL3Y,active,2026-05-05,2076-05-05,2029-05-05,,,False,,,,0,,[],False,False,[],already_forever,True,"Subscription has no cancel_at, cancel_at_period_end is false, and no schedule is attached.",
sub_1TTn7zE2kujhweZxmbSnfsCA,cus_USiYqIBaFkHvPQ,active,2026-05-05,2076-05-05,2029-05-05,,,False,,,,0,,[],False,False,[],already_forever,True,"Subscription has no cancel_at, cancel_at_period_end is false, and no schedule is attached.",
sub_1TTmzQE2kujhweZx8Lb8yR7Q,cus_USiQD9LO82Foy1,active,2026-05-05,2076-05-05,2029-05-05,,,False,,,,0,,[],False,False,[],already_forever,True,"Subscription has no cancel_at, cancel_at_period_end is false, and no schedule is attached.",
sub_1TTmraE2kujhweZx6eh2OUTM,cus_USiHeVxUVXQycP,active,2026-05-05,2076-05-05,2029-05-05,,,False,,,,0,,[],False,False,[],already_forever,True,"Subscription has no cancel_at, cancel_at_period_end is false, and no schedule is attached.",
sub_1TTmmSE2kujhweZxLn7oxX5H,cus_USiCERRBbD3Tdg,active,2026-05-05,2076-05-05,2029-05-05,,,False,,,,0,,[],False,False,[],already_forever,True,"Subscription has no cancel_at, cancel_at_period_end is false, and no schedule is attached.",
sub_1TTmhaE2kujhweZxSLp7TjSH,cus_USi76sdJ1UVgsm,active,2026-05-05,2076-05-05,2029-05-05,,,False,,,,0,,[],False,False,[],already_forever,True,"Subscription has no cancel_at, cancel_at_period_end is false, and no schedule is attached.",
sub_1TThTGE2kujhweZxfCCbTfTB,cus_UScitaCk28EshL,active,2026-05-05,2076-05-05,2029-05-05,,,False,,,,0,,[],False,False,[],already_forever,True,"Subscription has no cancel_at, cancel_at_period_end is false, and no schedule is attached.",
sub_1TThLQE2kujhweZxBGs9Qoij,cus_UScYE3CARaR1vk,active,2026-05-05,2076-05-05,2029-05-05,,,False,,,,0,,[],False,False,[],already_forever,True,"Subscription has no cancel_at, cancel_at_period_end is false, and no schedule is attached.",
sub_1TThC8E2kujhweZxdSqudiUU,cus_UScQ8ed5np1RVK,active,2026-05-05,2076-05-05,2029-05-05,,,False,,,,0,,[],False,False,[],already_forever,True,"Subscription has no cancel_at, cancel_at_period_end is false, and no schedule is attached.",
sub_1TTQsyE2kujhweZxSzWNUD8s,cus_USLZo2T8Mt452c,active,2026-05-04,2076-05-04,2029-05-04,,,False,,,,0,,[],False,False,[],already_forever,True,"Subscription has no cancel_at, cancel_at_period_end is false, and no schedule is attached.",
sub_1TTQowE2kujhweZxGLTa4ils,cus_USLVz6JeOtlNho,active,2026-05-04,2076-05-04,2029-05-04,,,False,,,,0,,[],False,False,[],already_forever,True,"Subscription has no cancel_at, cancel_at_period_end is false, and no schedule is attached.",
sub_1TTQi6E2kujhweZxBZ6MnM4A,cus_USLOqmA4XaqTa8,active,2026-05-04,2076-05-04,2029-05-04,,,False,,,,0,,[],False,False,[],already_forever,True,"Subscription has no cancel_at, cancel_at_period_end is false, and no schedule is attached.",
sub_1TTQWoE2kujhweZx0NtbzPat,cus_USLDwIDJbO19rs,active,2026-05-04,2076-05-04,2029-05-04,,,False,,,,0,,[],False,False,[],already_forever,True,"Subscription has no cancel_at, cancel_at_period_end is false, and no schedule is attached.",
sub_1TTQQyE2kujhweZxtoPHxD9O,cus_USL71BSD7ayXnj,active,2026-05-04,2076-05-04,2029-05-04,,,False,,,,0,,[],False,False,[],already_forever,True,"Subscription has no cancel_at, cancel_at_period_end is false, and no schedule is attached.",
sub_1TTQIfE2kujhweZx2evxs9w9,cus_USKy2pNentbuFy,active,2026-05-04,2076-05-04,2029-05-04,,,False,,,,0,,[],False,False,[],already_forever,True,"Subscription has no cancel_at, cancel_at_period_end is false, and no schedule is attached.",
sub_1TTQ9nE2kujhweZxApExWUm4,cus_USKp8nfhnqRv7C,active,2026-05-04,2076-05-04,2029-05-04,,,False,,,,0,,[],False,False,[],already_forever,True,"Subscription has no cancel_at, cancel_at_period_end is false, and no schedule is attached.",
sub_1TTQ3uE2kujhweZxpi2ZQmB9,cus_USKjnGPZe1qMfq,active,2026-05-04,2076-05-04,2029-05-04,,,False,,,,0,,[],False,False,[],already_forever,True,"Subscription has no cancel_at, cancel_at_period_end is false, and no schedule is attached.",
sub_1TTPORE2kujhweZxaU1R3gIU,cus_R2dcfQkRlDccAH,active,2024-10-16,2074-10-16,2027-10-16,,,False,,,,0,,[],False,False,[],already_forever,True,"Subscription has no cancel_at, cancel_at_period_end is false, and no schedule is attached.",
sub_1TREdPE2kujhweZxnijkjU2G,cus_SIeRTDfvxE7yMR,active,2025-05-12,2075-05-12,2028-05-12,,,False,,,,0,,[],False,False,[],already_forever,True,"Subscription has no cancel_at, cancel_at_period_end is false, and no schedule is attached.",
sub_1TQpeIE2kujhweZxWynJGFwN,cus_SLethGoBn9Bmko,active,2025-05-20,2075-05-20,2028-05-20,,,False,,,,0,,[],False,False,[],already_forever,True,"Subscription has no cancel_at, cancel_at_period_end is false, and no schedule is attached.",
sub_1TJc2IE2kujhweZxbUxHZJZO,cus_UICROQlL3tp3i9,active,2026-04-07,2076-04-07,2029-04-07,,,False,,,,0,,[],False,False,[],already_forever,True,"Subscription has no cancel_at, cancel_at_period_end is false, and no schedule is attached.",
sub_1TJG2LE2kujhweZxRbeXO5zP,cus_UHphFqEBWhrEK7,active,2026-04-06,2076-04-06,2029-04-06,,,False,,,,0,,[],False,False,[],already_forever,True,"Subscription has no cancel_at, cancel_at_period_end is false, and no schedule is attached.",
sub_1TJFtdE2kujhweZxdBPO60WI,cus_UHpY0fheLPJfVg,active,2026-04-06,2076-04-06,2029-04-06,,,False,,,,0,,[],False,False,[],already_forever,True,"Subscription has no cancel_at, cancel_at_period_end is false, and no schedule is attached.",
sub_1TJFgKE2kujhweZxUB5IVASp,cus_UHpKEl3wGCxKiB,active,2026-04-06,2076-04-06,2029-04-06,,,False,,,,0,,[],False,False,[],already_forever,True,"Subscription has no cancel_at, cancel_at_period_end is false, and no schedule is attached.",
sub_1TJFLeE2kujhweZxn3YWF5by,cus_UHozEVl4CHzIn5,active,2026-04-06,2076-04-06,2029-04-06,,,False,,,,0,,[],False,False,[],already_forever,True,"Subscription has no cancel_at, cancel_at_period_end is false, and no schedule is attached.",
sub_1THT3BE2kujhweZxmG1fUnwE,cus_UFyzDrjrZhlFd0,active,2026-04-01,2076-04-01,2029-04-01,,,False,,,,0,,[],False,False,[],already_forever,True,"Subscription has no cancel_at, cancel_at_period_end is false, and no schedule is attached.",
sub_1THSv0E2kujhweZxBtf4LH9I,cus_UFyshW0jgXwq4n,active,2026-04-01,2076-04-01,2029-04-01,,,False,,,,0,,[],False,False,[],already_forever,True,"Subscription has no cancel_at, cancel_at_period_end is false, and no schedule is attached.",
sub_1THSg9E2kujhweZxewKxJlJx,cus_UFybP5ASPM3jIj,active,2026-04-01,2076-04-01,2029-04-01,,,False,,,,0,,[],False,False,[],already_forever,True,"Subscription has no cancel_at, cancel_at_period_end is false, and no schedule is attached.",
sub_1THSSSE2kujhweZxUBGhWxBh,cus_UFyO7V9rAB9RW8,active,2026-04-01,2076-04-01,2029-04-01,,,False,,,,0,,[],False,False,[],already_forever,True,"Subscription has no cancel_at, cancel_at_period_end is false, and no schedule is attached.",
sub_1T7MpmE2kujhweZxf13at00q,cus_U5Xvh0l6CkPVYn,active,2026-03-04,2076-03-04,2029-03-04,,,False,,,,0,,[],False,False,[],already_forever,True,"Subscription has no cancel_at, cancel_at_period_end is false, and no schedule is attached.",
sub_1T7MlSE2kujhweZxK2yoc9cq,cus_U5Xr6f64yvPedC,active,2026-03-04,2076-03-04,2029-03-04,,,False,,,,0,,[],False,False,[],already_forever,True,"Subscription has no cancel_at, cancel_at_period_end is false, and no schedule is attached.",
sub_1T7Md8E2kujhweZxNi8DV9Bl,cus_U5XiAcxxUmTDNP,active,2026-03-04,2076-03-04,2029-03-04,,,False,,,,0,,[],False,False,[],already_forever,True,"Subscription has no cancel_at, cancel_at_period_end is false, and no schedule is attached.",
sub_1T7MNXE2kujhweZxuVGL1wZi,cus_U5XSeZo2Bt7HGF,active,2026-03-04,2076-03-04,2029-03-04,,,False,,,,0,,[],False,False,[],already_forever,True,"Subscription has no cancel_at, cancel_at_period_end is false, and no schedule is attached.",
sub_1T7MGhE2kujhweZxhYTw8Tnk,cus_U5XL5rC9zfLeoq,active,2026-03-04,2076-03-04,2029-03-04,,,False,,,,0,,[],False,False,[],already_forever,True,"Subscription has no cancel_at, cancel_at_period_end is false, and no schedule is attached.",
sub_1T7M7IE2kujhweZxgGYLF34D,cus_U5XBcUhMoRFR9F,active,2026-03-04,2076-03-04,2029-03-04,,,False,,,,0,,[],False,False,[],already_forever,True,"Subscription has no cancel_at, cancel_at_period_end is false, and no schedule is attached.",
sub_1T7M2FE2kujhweZx7vmqAo34,cus_U5X6r3eutzFpad,active,2026-03-04,2076-03-04,2029-03-04,,,False,,,,0,,[],False,False,[],already_forever,True,"Subscription has no cancel_at, cancel_at_period_end is false, and no schedule is attached.",
sub_1T7Lv7E2kujhweZx9HxFLoPM,cus_U5WyLs5f0gV5x3,active,2026-03-04,2076-03-04,2029-03-04,,,False,,,,0,,[],False,False,[],already_forever,True,"Subscription has no cancel_at, cancel_at_period_end is false, and no schedule is attached.",
sub_1T7LpkE2kujhweZx7cMIWtoe,cus_U5WtwHgFoVdrMT,active,2026-03-04,2076-03-04,2029-03-04,,,False,,,,0,,[],False,False,[],already_forever,True,"Subscription has no cancel_at, cancel_at_period_end is false, and no schedule is attached.",
sub_1T6afME2kujhweZxHIf3taWd,cus_U4k9bqslu8OwCN,active,2026-03-02,2076-03-02,2029-03-02,,,False,,,,0,,[],False,False,[],already_forever,True,"Subscription has no cancel_at, cancel_at_period_end is false, and no schedule is attached.",
sub_1T6aYoE2kujhweZxwDzespw5,cus_U4k2Gq3nqLjFoi,active,2026-03-02,2076-03-02,2029-03-02,,,False,,,,0,,[],False,False,[],already_forever,True,"Subscription has no cancel_at, cancel_at_period_end is false, and no schedule is attached.",
sub_1T6aH4E2kujhweZx34eS9wNk,cus_U4jkjAEDU7aPx6,active,2026-03-02,2076-03-02,2029-03-02,,,False,,,,0,,[],False,False,[],already_forever,True,"Subscription has no cancel_at, cancel_at_period_end is false, and no schedule is attached.",
sub_1T5XvrE2kujhweZxUPALA1p4,cus_U3fGw5irS6rEMT,active,2026-02-27,2076-02-27,2029-02-27,,,False,,,,0,,[],False,False,[],already_forever,True,"Subscription has no cancel_at, cancel_at_period_end is false, and no schedule is attached.",
sub_1T5WsOE2kujhweZxftJWp1is,cus_U3eALIfadsDEwc,active,2026-02-27,2076-02-27,2029-02-27,,,False,,,,0,,[],False,False,[],already_forever,True,"Subscription has no cancel_at, cancel_at_period_end is false, and no schedule is attached.",
sub_1T5WiDE2kujhweZxF37mGTiL,cus_U3dz6fux58NBVv,active,2026-02-27,2076-02-27,2029-02-27,,,False,,,,0,,[],False,False,[],already_forever,True,"Subscription has no cancel_at, cancel_at_period_end is false, and no schedule is attached.",
sub_1T5VobE2kujhweZxMIukrY2R,cus_U3d4eSQdBztBum,active,2026-02-27,2076-02-27,2029-02-27,,,False,,,,0,,[],False,False,[],already_forever,True,"Subscription has no cancel_at, cancel_at_period_end is false, and no schedule is attached.",
sub_1SyzuoE2kujhweZxG043LCs3,cus_Twti18y39aowVc,active,2026-02-09,2076-02-09,2029-02-09,,,False,,,,0,,[],False,False,[],already_forever,True,"Subscription has no cancel_at, cancel_at_period_end is false, and no schedule is attached.",
sub_1SyzqkE2kujhweZxBd3LjGdn,cus_Twtd81CgCgF14X,active,2026-02-09,2076-02-09,2029-02-09,,,False,,,,0,,[],False,False,[],already_forever,True,"Subscription has no cancel_at, cancel_at_period_end is false, and no schedule is attached.",
sub_1SyyG3E2kujhweZxwMyyJinB,cus_Twrweb8U5jb5KL,active,2026-02-09,2076-02-09,2029-02-09,,,False,,,,0,,[],False,False,[],already_forever,True,"Subscription has no cancel_at, cancel_at_period_end is false, and no schedule is attached.",
sub_1SyxmuE2kujhweZx3BNJFVO2,cus_TwrVcFkCAQzRY1,active,2026-02-09,2076-02-09,2029-02-09,,,False,,,,0,,[],False,False,[],already_forever,True,"Subscription has no cancel_at, cancel_at_period_end is false, and no schedule is attached.",
sub_1SyxZIE2kujhweZxKgkxdNcJ,cus_TwrHtvk6VT9mxr,active,2026-02-09,2076-02-09,2029-02-09,,,False,,,,0,,[],False,False,[],already_forever,True,"Subscription has no cancel_at, cancel_at_period_end is false, and no schedule is attached.",
sub_1SyxM0E2kujhweZxlJMs13gR,cus_Twr4dZHq4E8eDn,active,2026-02-09,2076-02-09,2029-02-09,,,False,,,,0,,[],False,False,[],already_forever,True,"Subscription has no cancel_at, cancel_at_period_end is false, and no schedule is attached.",
sub_1SyxHeE2kujhweZxGcDxmbUL,cus_TwqzpfY9TP06Tn,active,2026-02-09,2076-02-09,2029-02-09,,,False,,,,0,,[],False,False,[],already_forever,True,"Subscription has no cancel_at, cancel_at_period_end is false, and no schedule is attached.",
sub_1SywvWE2kujhweZxTW4viwgO,cus_TwqcjDB8NFH7bG,active,2026-02-09,2076-02-09,2029-02-09,,,False,,,,0,,[],False,False,[],already_forever,True,"Subscription has no cancel_at, cancel_at_period_end is false, and no schedule is attached.",
sub_1Sywo6E2kujhweZxUzNKdLdV,cus_TwqVXDVtlqwqPZ,active,2026-02-09,2076-02-09,2029-02-09,,,False,,,,0,,[],False,False,[],already_forever,True,"Subscription has no cancel_at, cancel_at_period_end is false, and no schedule is attached.",
sub_1SywhWE2kujhweZxQqvTQ3Vc,cus_TwqOMQmH37KYmP,active,2026-02-09,2076-02-09,2029-02-09,,,False,,,,0,,[],False,False,[],already_forever,True,"Subscription has no cancel_at, cancel_at_period_end is false, and no schedule is attached.",
sub_1SywTKE2kujhweZx0MSIqGcB,cus_Twq9JpfSDQUuXc,active,2026-02-09,2076-02-09,2029-02-09,,,False,,,,0,,[],False,False,[],already_forever,True,"Subscription has no cancel_at, cancel_at_period_end is false, and no schedule is attached.",
sub_1SxubxE2kujhweZxOOIhX7hE,cus_TvmAemcZu5H42G,active,2026-02-06,2076-02-06,2029-02-06,,,False,,,,0,,[],False,False,[],already_forever,True,"Subscription has no cancel_at, cancel_at_period_end is false, and no schedule is attached.",
sub_1SxuJlE2kujhweZx2VbtYj3b,cus_TvlrTi4yyyqAy1,active,2026-02-06,2076-02-06,2029-02-06,,,False,,,,0,,[],False,False,[],already_forever,True,"Subscription has no cancel_at, cancel_at_period_end is false, and no schedule is attached.",
sub_1SxtvME2kujhweZxVfE432dy,cus_TvlSQpGCuhXX3g,active,2026-02-06,2076-02-06,2029-02-06,,,False,,,,0,,[],False,False,[],already_forever,True,"Subscription has no cancel_at, cancel_at_period_end is false, and no schedule is attached.",
sub_1Swl6JE2kujhweZx2nkjDkws,cus_TuaGWU67FnhNLF,active,2026-02-03,2076-02-03,2029-02-03,,,False,,,,0,,[],False,False,[],already_forever,True,"Subscription has no cancel_at, cancel_at_period_end is false, and no schedule is attached.",
sub_1SwTYsE2kujhweZxBm0nviF4,cus_TuI8H704b9IO8i,active,2026-02-02,2076-02-02,2029-02-02,,,False,,,,0,,[],False,False,[],already_forever,True,"Subscription has no cancel_at, cancel_at_period_end is false, and no schedule is attached.",
sub_1SwShYE2kujhweZx9G1w62fS,cus_TuHFXfBTj2hk6r,active,2026-02-02,2076-02-02,2029-02-02,,,False,,,,0,,[],False,False,[],already_forever,True,"Subscription has no cancel_at, cancel_at_period_end is false, and no schedule is attached.",
sub_1SwSRVE2kujhweZxn1HK1ah9,cus_TuGzWs5sI2eAKT,active,2026-02-02,2076-02-02,2029-02-02,,,False,,,,0,,[],False,False,[],already_forever,True,"Subscription has no cancel_at, cancel_at_period_end is false, and no schedule is attached.",
sub_1SwSEvE2kujhweZxdENpmBN5,cus_TuGmeHGqc441FO,active,2026-02-02,2076-02-02,2029-02-02,,,False,,,,0,,[],False,False,[],already_forever,True,"Subscription has no cancel_at, cancel_at_period_end is false, and no schedule is attached.",
sub_1SwRxcE2kujhweZxCMQasOE7,cus_TuGSMus9JCmxMq,active,2026-02-02,2076-02-02,2029-02-02,,,False,,,,0,,[],False,False,[],already_forever,True,"Subscription has no cancel_at, cancel_at_period_end is false, and no schedule is attached.",
sub_1SpEOoE2kujhweZxLEBVV9YU,cus_TmnynrhqLRqOMN,active,2026-01-13,2076-01-13,2029-01-13,,,False,,,,0,,[],False,False,[],already_forever,True,"Subscription has no cancel_at, cancel_at_period_end is false, and no schedule is attached.",
sub_1Sor3WE2kujhweZxldsAhyrP,cus_TmPt2iVHu6nPCA,active,2026-01-12,2076-01-12,2029-01-12,,,False,,,,0,,[],False,False,[],already_forever,True,"Subscription has no cancel_at, cancel_at_period_end is false, and no schedule is attached.",
sub_1SoqtqE2kujhweZxECHrtg4K,cus_TmPjEcqWY0tSJD,active,2026-01-12,2076-01-12,2029-01-12,,,False,,,,0,,[],False,False,[],already_forever,True,"Subscription has no cancel_at, cancel_at_period_end is false, and no schedule is attached.",
sub_1SoqjHE2kujhweZx1vZdge74,cus_TmPYAO2n1q2ol5,active,2026-01-12,2076-01-12,2029-01-12,,,False,,,,0,,[],False,False,[],already_forever,True,"Subscription has no cancel_at, cancel_at_period_end is false, and no schedule is attached.",
sub_1SoqZnE2kujhweZx0qtDLzTv,cus_TmPOlGSaycn08p,active,2026-01-12,2076-01-12,2029-01-12,,,False,,,,0,,[],False,False,[],already_forever,True,"Subscription has no cancel_at, cancel_at_period_end is false, and no schedule is attached.",
sub_1SoqQTE2kujhweZxi80wZAJX,cus_TmPEaAN68nn9R7,active,2026-01-12,2076-01-12,2029-01-12,,,False,,,,0,,[],False,False,[],already_forever,True,"Subscription has no cancel_at, cancel_at_period_end is false, and no schedule is attached.",
sub_1SooTNE2kujhweZxhvsorm08,cus_TmNDIxw1cgtczI,active,2026-01-12,2076-01-12,2029-01-12,,,False,,,,0,,[],False,False,[],already_forever,True,"Subscription has no cancel_at, cancel_at_period_end is false, and no schedule is attached.",
sub_1SontQE2kujhweZxnyRvsGB1,cus_TmMc4dkZpMwCxo,active,2026-01-12,2076-01-12,2029-01-12,,,False,,,,0,,[],False,False,[],already_forever,True,"Subscription has no cancel_at, cancel_at_period_end is false, and no schedule is attached.",
sub_1SonlfE2kujhweZx9K408SKF,cus_TmMU2ydVnzgyli,active,2026-01-12,2076-01-12,2029-01-12,,,False,,,,0,,[],False,False,[],already_forever,True,"Subscription has no cancel_at, cancel_at_period_end is false, and no schedule is attached.",
sub_1SoneAE2kujhweZxk67JNvlQ,cus_TmMM7mAcIQZF0c,active,2026-01-12,2076-01-12,2029-01-12,,,False,,,,0,,[],False,False,[],already_forever,True,"Subscription has no cancel_at, cancel_at_period_end is false, and no schedule is attached.",
sub_1ShucwE2kujhweZx9prlUW88,cus_TfF7SBDHcZOy9l,active,2025-12-24,2075-12-24,2028-12-24,,,False,,,,0,,[],False,False,[],already_forever,True,"Subscription has no cancel_at, cancel_at_period_end is false, and no schedule is attached.",
sub_1ShuQpE2kujhweZxpPBWL9Sp,cus_TfEu3iFRoaAAj4,active,2025-12-24,2075-12-24,2028-12-24,,,False,,,,0,,[],False,False,[],already_forever,True,"Subscription has no cancel_at, cancel_at_period_end is false, and no schedule is attached.",
sub_1ShuAyE2kujhweZx11pdapaC,cus_TfEeJhJmv0HRYr,active,2025-12-24,2075-12-24,2028-12-24,,,False,,,,0,,[],False,False,[],already_forever,True,"Subscription has no cancel_at, cancel_at_period_end is false, and no schedule is attached.",
sub_1Shu5sE2kujhweZxrk3pO4qZ,cus_TfEYTG965hoFyW,active,2025-12-24,2075-12-24,2028-12-24,,,False,,,,0,,[],False,False,[],already_forever,True,"Subscription has no cancel_at, cancel_at_period_end is false, and no schedule is attached.",
sub_1ShtzDE2kujhweZxGRVWnyl2,cus_TfESmGy5wYfiBg,active,2025-12-24,2075-12-24,2028-12-24,,,False,,,,0,,[],False,False,[],already_forever,True,"Subscription has no cancel_at, cancel_at_period_end is false, and no schedule is attached.",
sub_1ShtpvE2kujhweZxdXuO8cv0,cus_TfEIpSPG4v1x6x,active,2025-12-24,2075-12-24,2028-12-24,,,False,,,,0,,[],False,False,[],already_forever,True,"Subscription has no cancel_at, cancel_at_period_end is false, and no schedule is attached.",
sub_1Shtb7E2kujhweZxMyK7WMon,cus_TfE2XAZf2j9pgh,active,2025-12-24,2075-12-24,2028-12-24,,,False,,,,0,,[],False,False,[],already_forever,True,"Subscription has no cancel_at, cancel_at_period_end is false, and no schedule is attached.",
sub_1Sfmv6E2kujhweZxQfazFiOy,cus_QcQ74a9nR8owLz,active,2024-08-07,2074-08-07,2027-08-07,,,False,,,,0,,[],False,False,[],already_forever,True,"Subscription has no cancel_at, cancel_at_period_end is false, and no schedule is attached.",
sub_1ScBMkE2kujhweZxuAW64dJT,cus_TZK0xxwHGhbIpv,active,2025-12-08,2075-12-08,2028-12-08,,,False,,,,0,,[],False,False,[],already_forever,True,"Subscription has no cancel_at, cancel_at_period_end is false, and no schedule is attached.",
sub_1SZZiAE2kujhweZxAyRUYadT,cus_TWcx79v3LYXLQ9,active,2025-12-01,2075-12-01,2028-12-01,,,False,,,,0,,[],False,False,[],already_forever,True,"Subscription has no cancel_at, cancel_at_period_end is false, and no schedule is attached.",
sub_1SZZdhE2kujhweZx98uXWs19,cus_TWctPE6NP5OuYI,active,2025-12-01,2075-12-01,2028-12-01,,,False,,,,0,,[],False,False,[],already_forever,True,"Subscription has no cancel_at, cancel_at_period_end is false, and no schedule is attached.",
sub_1SZZZHE2kujhweZxLoo4RVmJ,cus_TWcoOjpCXoL61Y,active,2025-12-01,2075-12-01,2028-12-01,,,False,,,,0,,[],False,False,[],already_forever,True,"Subscription has no cancel_at, cancel_at_period_end is false, and no schedule is attached.",
sub_1SZZQ5E2kujhweZx1xvHPKG7,cus_TWcfpWm8Q4RT67,active,2025-12-01,2075-12-01,2028-12-01,,,False,,,,0,,[],False,False,[],already_forever,True,"Subscription has no cancel_at, cancel_at_period_end is false, and no schedule is attached.",
sub_1SZZJBE2kujhweZxLtPTD34u,cus_TWcYoZsZnCjwEr,active,2025-12-01,2075-12-01,2028-12-01,,,False,,,,0,,[],False,False,[],already_forever,True,"Subscription has no cancel_at, cancel_at_period_end is false, and no schedule is attached.",
sub_1SZZAIE2kujhweZxzT6sDAs8,cus_TWcOlrHcSQT07l,active,2025-12-01,2075-12-01,2028-12-01,,,False,,,,0,,[],False,False,[],already_forever,True,"Subscription has no cancel_at, cancel_at_period_end is false, and no schedule is attached.",
sub_1SZYsAE2kujhweZxnEgJqdXP,cus_TWc6wKMdnuZ1lC,active,2025-12-01,2075-12-01,2028-12-01,,,False,,,,0,,[],False,False,[],already_forever,True,"Subscription has no cancel_at, cancel_at_period_end is false, and no schedule is attached.",
sub_1SZYdJE2kujhweZx3nPRi21k,cus_TWbqtNgNd6AXOa,active,2025-12-01,2075-12-01,2028-12-01,,,False,,,,0,,[],False,False,[],already_forever,True,"Subscription has no cancel_at, cancel_at_period_end is false, and no schedule is attached.",
sub_1SXj6pE2kujhweZxEiD5W3E6,cus_TUiX2Hqwn2mD7K,active,2025-11-26,2075-11-26,2028-11-26,,,False,,,,0,,[],False,False,[],already_forever,True,"Subscription has no cancel_at, cancel_at_period_end is false, and no schedule is attached.",
sub_1SUpFcE2kujhweZxyfUAC0Eq,cus_TRigCinpvu3qai,active,2025-11-18,2075-11-18,2028-11-18,,,False,,,,0,,[],False,False,[],already_forever,True,"Subscription has no cancel_at, cancel_at_period_end is false, and no schedule is attached.",
sub_1SUVp2E2kujhweZxeHmOfFYD,cus_TROcnXpmWZA9pG,active,2025-11-17,2075-11-17,2028-11-17,,,False,,,,0,,[],False,False,[],already_forever,True,"Subscription has no cancel_at, cancel_at_period_end is false, and no schedule is attached.",
sub_1SUUYhE2kujhweZx4LEDELhD,cus_TRNJkoYIG1Cv2y,active,2025-11-17,2075-11-17,2028-11-17,,,False,,,,0,,[],False,False,[],already_forever,True,"Subscription has no cancel_at, cancel_at_period_end is false, and no schedule is attached.",
sub_1SUUESE2kujhweZxXeJrwiRZ,cus_TRMx7mDqie9IHI,active,2025-11-17,2075-11-17,2028-11-17,,,False,,,,0,,[],False,False,[],already_forever,True,"Subscription has no cancel_at, cancel_at_period_end is false, and no schedule is attached.",
sub_1SUTvGE2kujhweZxHDncvLyu,cus_TPYCx6H5rpNHEz,active,2025-11-12,2075-11-12,2028-11-12,,,False,,,,0,,[],False,False,[],already_forever,True,"Subscription has no cancel_at, cancel_at_period_end is false, and no schedule is attached.",
sub_1ST19UE2kujhweZx7a6l7SJn,cus_TPqr6czZanFa1X,active,2025-11-13,2075-11-13,2028-11-13,,,False,,,,0,,[],False,False,[],already_forever,True,"Subscription has no cancel_at, cancel_at_period_end is false, and no schedule is attached.",
sub_1ST148E2kujhweZxfljEtfuh,cus_TPqlwIlwS28aAF,active,2025-11-13,2075-11-13,2028-11-13,,,False,,,,0,,[],False,False,[],already_forever,True,"Subscription has no cancel_at, cancel_at_period_end is false, and no schedule is attached.",
sub_1ST0thE2kujhweZxo81kkzJz,cus_TPqa1H2yrO8Lav,active,2025-11-13,2075-11-13,2028-11-13,,,False,,,,0,,[],False,False,[],already_forever,True,"Subscription has no cancel_at, cancel_at_period_end is false, and no schedule is attached.",
sub_1SSjKeE2kujhweZxsDykNwjI,cus_TPYRFRmXhyrfuS,active,2025-11-12,2075-11-12,2028-11-12,,,False,,,,0,,[],False,False,[],already_forever,True,"Subscription has no cancel_at, cancel_at_period_end is false, and no schedule is attached.",
sub_1SSjDzE2kujhweZxe2lWcwMe,cus_TPYKVYmkTXdCn3,active,2025-11-12,2075-11-12,2028-11-12,,,False,,,,0,,[],False,False,[],already_forever,True,"Subscription has no cancel_at, cancel_at_period_end is false, and no schedule is attached.",
sub_1SSiubE2kujhweZxLSyTLSgh,cus_TPY0h2a9VDc3Nq,active,2025-11-12,2075-11-12,2028-11-12,,,False,,,,0,,[],False,False,[],already_forever,True,"Subscription has no cancel_at, cancel_at_period_end is false, and no schedule is attached.",
sub_1SSinKE2kujhweZxbpJo2lgb,cus_TPXs2AwxBgruYf,active,2025-11-12,2075-11-12,2028-11-12,,,False,,,,0,,[],False,False,[],already_forever,True,"Subscription has no cancel_at, cancel_at_period_end is false, and no schedule is attached.",
sub_1SSihEE2kujhweZxm9bDm9Xg,cus_TPXmhFgZ4Q16Av,active,2025-11-12,2075-11-12,2028-11-12,,,False,,,,0,,[],False,False,[],already_forever,True,"Subscription has no cancel_at, cancel_at_period_end is false, and no schedule is attached.",
sub_1SSibgE2kujhweZx9DveCuJN,cus_TPXgcYHbFljTGf,active,2025-11-12,2075-11-12,2028-11-12,,,False,,,,0,,[],False,False,[],already_forever,True,"Subscription has no cancel_at, cancel_at_period_end is false, and no schedule is attached.",
sub_1SSiVEE2kujhweZxpABhYVCv,cus_TPXZaslMOsOalr,active,2025-11-12,2075-11-12,2028-11-12,,,False,,,,0,,[],False,False,[],already_forever,True,"Subscription has no cancel_at, cancel_at_period_end is false, and no schedule is attached.",
sub_1SShtpE2kujhweZxgLBuqGhB,cus_TPWxKkKaYMyRi5,active,2025-11-12,2075-11-12,2028-11-12,,,False,,,,0,,[],False,False,[],already_forever,True,"Subscription has no cancel_at, cancel_at_period_end is false, and no schedule is attached.",
sub_1SShEME2kujhweZxtH869NCa,cus_TPWGSmWqgbdSqb,active,2025-11-12,2075-11-12,2028-11-12,,,False,,,,0,,[],False,False,[],already_forever,True,"Subscription has no cancel_at, cancel_at_period_end is false, and no schedule is attached.",
sub_1SSh70E2kujhweZxcAWtzE4w,cus_TPW8NqOtY9NNhY,active,2025-11-12,2075-11-12,2028-11-12,,,False,,,,0,,[],False,False,[],already_forever,True,"Subscription has no cancel_at, cancel_at_period_end is false, and no schedule is attached.",
sub_1SQBiKE2kujhweZxjdKUUvSo,cus_TMvZYfBtLhexms,active,2025-11-05,2075-11-05,2028-11-05,,,False,,,,0,,[],False,False,[],already_forever,True,"Subscription has no cancel_at, cancel_at_period_end is false, and no schedule is attached.",
sub_1SIAbCE2kujhweZxJXxGC5FA,cus_TEdsRYAKSJl52l,active,2025-10-14,2075-10-14,2028-10-14,,,False,,,,0,,[],False,False,[],already_forever,True,"Subscription has no cancel_at, cancel_at_period_end is false, and no schedule is attached.",
sub_1SIAQgE2kujhweZxMrAtdKp9,cus_TEdh8xkSsMqYLI,active,2025-10-14,2075-10-14,2028-10-14,,,False,,,,0,,[],False,False,[],already_forever,True,"Subscription has no cancel_at, cancel_at_period_end is false, and no schedule is attached.",
sub_1SIAK4E2kujhweZxCALLXwSN,cus_TEdbdGlf1qYaQg,active,2025-10-14,2075-10-14,2028-10-14,,,False,,,,0,,[],False,False,[],already_forever,True,"Subscription has no cancel_at, cancel_at_period_end is false, and no schedule is attached.",
sub_1SFGzhE2kujhweZxYcJoEjnZ,cus_TBeHeAIg8rxkf2,active,2025-10-06,2075-10-06,2028-10-06,,,False,,,,0,,[],False,False,[],already_forever,True,"Subscription has no cancel_at, cancel_at_period_end is false, and no schedule is attached.",
sub_1SFGtOE2kujhweZxHv5eufak,cus_TBeBaZJDBQnwRA,active,2025-10-06,2075-10-06,2028-10-06,,,False,,,,0,,[],False,False,[],already_forever,True,"Subscription has no cancel_at, cancel_at_period_end is false, and no schedule is attached.",
sub_1SFGiVE2kujhweZx2lybzmin,cus_TBe0jT9tIw9UXR,active,2025-10-06,2075-10-06,2028-10-06,,,False,,,,0,,[],False,False,[],already_forever,True,"Subscription has no cancel_at, cancel_at_period_end is false, and no schedule is attached.",
sub_1SFGb2E2kujhweZx3d1Y8qD8,cus_TBdsVRZwT2wwdW,active,2025-10-06,2075-10-06,2028-10-06,,,False,,,,0,,[],False,False,[],already_forever,True,"Subscription has no cancel_at, cancel_at_period_end is false, and no schedule is attached.",
sub_1SFGS4E2kujhweZxbi8qNr1a,cus_TBdjB25QSTzuSz,active,2025-10-06,2075-10-06,2028-10-06,,,False,,,,0,,[],False,False,[],already_forever,True,"Subscription has no cancel_at, cancel_at_period_end is false, and no schedule is attached.",
sub_1SCiWbE2kujhweZxeFup2cza,cus_QPlkakagCgP1rI,active,2024-07-04,2074-07-04,2027-07-04,,,False,,,,0,,[],False,False,[],already_forever,True,"Subscription has no cancel_at, cancel_at_period_end is false, and no schedule is attached.",
sub_1SBljAE2kujhweZxUdW04JKn,cus_SLeIHZFtv8AOIg,active,2025-05-20,2075-05-20,2028-05-20,,,False,,,,0,,[],False,False,[],already_forever,True,"Subscription has no cancel_at, cancel_at_period_end is false, and no schedule is attached.",
sub_1SAERbE2kujhweZxQ1e1qgl5,cus_T6RGOyvtfjoGhR,active,2025-09-22,2075-09-22,2028-09-22,,,False,,,,0,,[],False,False,[],already_forever,True,"Subscription has no cancel_at, cancel_at_period_end is false, and no schedule is attached.",
sub_1SAEDxE2kujhweZx7VmrjsrF,cus_T6R5Rfe42F55BE,active,2025-09-22,2075-09-22,2028-09-22,,,False,,,,0,,[],False,False,[],already_forever,True,"Subscription has no cancel_at, cancel_at_period_end is false, and no schedule is attached.",
sub_1SADsNE2kujhweZxfd1hzSGa,cus_T6QjxyRyCcIPy5,active,2025-09-22,2075-09-22,2028-09-22,,,False,,,,0,,[],False,False,[],already_forever,True,"Subscription has no cancel_at, cancel_at_period_end is false, and no schedule is attached.",
sub_1SADjvE2kujhweZxbCfBe4vS,cus_T6QayZsqpyHv6V,active,2025-09-22,2075-09-22,2028-09-22,,,False,,,,0,,[],False,False,[],already_forever,True,"Subscription has no cancel_at, cancel_at_period_end is false, and no schedule is attached.",
sub_1SADbpE2kujhweZx7Smz3agh,cus_T6QSn0aRlbZbir,active,2025-09-22,2075-09-22,2028-09-22,,,False,,,,0,,[],False,False,[],already_forever,True,"Subscription has no cancel_at, cancel_at_period_end is false, and no schedule is attached.",
sub_1SADUkE2kujhweZxi8A5EN2u,cus_T6QLv3rk2eRs9P,active,2025-09-22,2075-09-22,2028-09-22,,,False,,,,0,,[],False,False,[],already_forever,True,"Subscription has no cancel_at, cancel_at_period_end is false, and no schedule is attached.",
sub_1SADLnE2kujhweZxwaHx4gxV,cus_T6QBp7y3tleCOY,active,2025-09-22,2075-09-22,2028-09-22,,,False,,,,0,,[],False,False,[],already_forever,True,"Subscription has no cancel_at, cancel_at_period_end is false, and no schedule is attached.",
sub_1SAD5nE2kujhweZxB58MZrvR,cus_T6PvA5MOT08FZp,active,2025-09-22,2075-09-22,2028-09-22,,,False,,,,0,,[],False,False,[],already_forever,True,"Subscription has no cancel_at, cancel_at_period_end is false, and no schedule is attached.",
sub_1SACvFE2kujhweZxENVPfHOg,cus_T6PkEeZuHjZfc3,active,2025-09-22,2075-09-22,2028-09-22,,,False,,,,0,,[],False,False,[],already_forever,True,"Subscription has no cancel_at, cancel_at_period_end is false, and no schedule is attached.",
sub_1SACg5E2kujhweZxwJGcil2j,cus_T6PUYXohbPlGfC,active,2025-09-22,2075-09-22,2028-09-22,,,False,,,,0,,[],False,False,[],already_forever,True,"Subscription has no cancel_at, cancel_at_period_end is false, and no schedule is attached.",
sub_1SACWKE2kujhweZxyHi6aCwU,cus_T6PK44wwdwf5jQ,active,2025-09-22,2075-09-22,2028-09-22,,,False,,,,0,,[],False,False,[],already_forever,True,"Subscription has no cancel_at, cancel_at_period_end is false, and no schedule is attached.",
sub_1S83KVE2kujhweZxbjXzesKt,cus_SM2934gPckz2ui,active,2025-05-21,2075-05-21,2028-05-21,,,False,,,,0,,[],False,False,[],already_forever,True,"Subscription has no cancel_at, cancel_at_period_end is false, and no schedule is attached.",
sub_1S59WLE2kujhweZxoOeQwN1Q,cus_T1BrcSptuljD5n,active,2025-09-08,2075-09-08,2028-09-08,,,False,,,,0,,[],False,False,[],already_forever,True,"Subscription has no cancel_at, cancel_at_period_end is false, and no schedule is attached.",
sub_1S59BFE2kujhweZxfXUOtZ3b,cus_T1BXGXC6iwPw6j,active,2025-09-08,2075-09-08,2028-09-08,,,False,,,,0,,[],False,False,[],already_forever,True,"Subscription has no cancel_at, cancel_at_period_end is false, and no schedule is attached.",
sub_1S58ogE2kujhweZxekYlMNNW,cus_T1BAoLgcIykSnO,active,2025-09-08,2075-09-08,2028-09-08,,,False,,,,0,,[],False,False,[],already_forever,True,"Subscription has no cancel_at, cancel_at_period_end is false, and no schedule is attached.",
sub_1S58IoE2kujhweZxMSFdB2Tn,cus_T1Ad31saVtw0m5,active,2025-09-08,2075-09-08,2028-09-08,,,False,,,,0,,[],False,False,[],already_forever,True,"Subscription has no cancel_at, cancel_at_period_end is false, and no schedule is attached.",
sub_1S57nYE2kujhweZxE468Uhp8,cus_T1A7V3rmoF9MnH,active,2025-09-08,2075-09-08,2028-09-08,,,False,,,,0,,[],False,False,[],already_forever,True,"Subscription has no cancel_at, cancel_at_period_end is false, and no schedule is attached.",
sub_1S57g9E2kujhweZxiIDLiSHZ,cus_T19zcpRAjahCWb,active,2025-09-08,2075-09-08,2028-09-08,,,False,,,,0,,[],False,False,[],already_forever,True,"Subscription has no cancel_at, cancel_at_period_end is false, and no schedule is attached.",
sub_1S0ll8E2kujhweZxYDzN65VA,cus_Swf5dxbyDlCNcD,active,2025-08-27,2075-08-27,2028-08-27,,,False,,,,0,,[],False,False,[],already_forever,True,"Subscription has no cancel_at, cancel_at_period_end is false, and no schedule is attached.",
sub_1S0le6E2kujhweZxn135yt8v,cus_SwexNPBP186vAu,active,2025-08-27,2075-08-27,2028-08-27,,,False,,,,0,,[],False,False,[],already_forever,True,"Subscription has no cancel_at, cancel_at_period_end is false, and no schedule is attached.",
sub_1S0lQAE2kujhweZxXRvshppR,cus_SwejflGyRgH1fO,active,2025-08-27,2075-08-27,2028-08-27,,,False,,,,0,,[],False,False,[],already_forever,True,"Subscription has no cancel_at, cancel_at_period_end is false, and no schedule is attached.",
sub_1S0lIgE2kujhweZxPsBemMAh,cus_SwebGBZDYr3k46,active,2025-08-27,2075-08-27,2028-08-27,,,False,,,,0,,[],False,False,[],already_forever,True,"Subscription has no cancel_at, cancel_at_period_end is false, and no schedule is attached.",
sub_1S0l5gE2kujhweZxV2nbauIM,cus_SweOyxCgcSd1V5,active,2025-08-27,2075-08-27,2028-08-27,,,False,,,,0,,[],False,False,[],already_forever,True,"Subscription has no cancel_at, cancel_at_period_end is false, and no schedule is attached.",
sub_1S0kxUE2kujhweZxl1LbYYtO,cus_SweFZqv7CzREAz,active,2025-08-27,2075-08-27,2028-08-27,,,False,,,,0,,[],False,False,[],already_forever,True,"Subscription has no cancel_at, cancel_at_period_end is false, and no schedule is attached.",
sub_1S0kfxE2kujhweZxL9d4AH3H,cus_SwdxCk8z1vLjWU,active,2025-08-27,2075-08-27,2028-08-27,,,False,,,,0,,[],False,False,[],already_forever,True,"Subscription has no cancel_at, cancel_at_period_end is false, and no schedule is attached.",
sub_1S0kUOE2kujhweZxGN2JpOqp,cus_SwdjdqJXqVBO8W,active,2025-08-27,2075-08-27,2028-08-27,,,False,,,,0,,[],False,False,[],already_forever,True,"Subscription has no cancel_at, cancel_at_period_end is false, and no schedule is attached.",
sub_1S0kCkE2kujhweZx3lKUOEIf,cus_SwdSVaNafAEyfZ,active,2025-08-27,2075-08-27,2028-08-27,,,False,,,,0,,[],False,False,[],already_forever,True,"Subscription has no cancel_at, cancel_at_period_end is false, and no schedule is attached.",
sub_1S0jmOE2kujhweZx1si8sJn0,cus_SwcoaqfTWPAWxd,active,2025-08-27,2075-08-27,2028-08-27,,,False,,,,0,,[],False,False,[],already_forever,True,"Subscription has no cancel_at, cancel_at_period_end is false, and no schedule is attached.",
sub_1S04t3E2kujhweZxw2RRdmPg,cus_QMPByU1mVALeJq,active,2024-06-25,2074-06-25,2027-06-25,,,False,,,,0,,[],False,False,[],already_forever,True,"Subscription has no cancel_at, cancel_at_period_end is false, and no schedule is attached.",
sub_1RvHcEE2kujhweZxxRRBxB7I,cus_SqzavDGc88vsmD,active,2025-08-12,2075-08-12,2028-08-12,,,False,,,,0,,[],False,False,[],already_forever,True,"Subscription has no cancel_at, cancel_at_period_end is false, and no schedule is attached.",
sub_1RvHWbE2kujhweZxtIJSNvJ1,cus_SqzU3XxZiq79Qg,active,2025-08-12,2075-08-12,2028-08-12,,,False,,,,0,,[],False,False,[],already_forever,True,"Subscription has no cancel_at, cancel_at_period_end is false, and no schedule is attached.",
sub_1RvHSbE2kujhweZxWhe1XR7r,cus_SqzOPJtLlPxjFq,active,2025-08-12,2075-08-12,2028-08-12,,,False,,,,0,,[],False,False,[],already_forever,True,"Subscription has no cancel_at, cancel_at_period_end is false, and no schedule is attached.",
sub_1RvHFEE2kujhweZxwLQUaGUk,cus_SqzCOH36HTTeXt,active,2025-08-12,2075-08-12,2028-08-12,,,False,,,,0,,[],False,False,[],already_forever,True,"Subscription has no cancel_at, cancel_at_period_end is false, and no schedule is attached.",
sub_1RvH4aE2kujhweZx3Cty2CSR,cus_SqyyOT8ylaKNDv,active,2025-08-12,2075-08-12,2028-08-12,,,False,,,,0,,[],False,False,[],already_forever,True,"Subscription has no cancel_at, cancel_at_period_end is false, and no schedule is attached.",
sub_1Rr4dLE2kujhweZxN1jsuxFs,cus_SmdtpVVVGrIH4e,active,2025-07-31,2075-07-31,2028-07-31,,,False,,,,0,,[],False,False,[],already_forever,True,"Subscription has no cancel_at, cancel_at_period_end is false, and no schedule is attached.",
sub_1Rr4ZyE2kujhweZx9zi5li3e,cus_SmdqE4QPmcFIbN,active,2025-07-31,2075-07-31,2028-07-31,,,False,,,,0,,[],False,False,[],already_forever,True,"Subscription has no cancel_at, cancel_at_period_end is false, and no schedule is attached.",
sub_1Rr4WmE2kujhweZxySVRn5nL,cus_SmdnO8Hfv2FAgV,active,2025-07-31,2075-07-31,2028-07-31,,,False,,,,0,,[],False,False,[],already_forever,True,"Subscription has no cancel_at, cancel_at_period_end is false, and no schedule is attached.",
sub_1Rr4W9E2kujhweZxBiPr51iJ,cus_SmdY7Rt66PgUGe,active,2025-07-31,2075-07-31,2028-07-31,1848693605,2028-07-31,False,sub_sched_1Rr4W9E2kujhweZxXNFaJ0ms,active,cancel,2,2028-07-31,"[{""end_date"": ""2026-06-30"", ""items"": [{""price_id"": ""price_1R8l1SE2kujhweZxySQB0Ift"", ""quantity"": 1}, {""price_id"": ""price_1TdilIE2kujhweZx8m8IbqAE"", ""quantity"": 1}], ""proration_behavior"": ""create_prorations"", ""start_date"": ""2026-06-02""}, {""end_date"": ""2028-07-31"", ""items"": [{""price_id"": ""price_1R8l1SE2kujhweZxySQB0Ift"", ""quantity"": 1}, {""price_id"": ""price_1TdilIE2kujhweZx8m8IbqAE"", ""quantity"": 1}], ""proration_behavior"": ""none"", ""start_date"": ""2026-06-30""}]",True,False,"[{""fields"": [""invoice_settings"", ""metadata""], ""phase_number"": 2, ""values"": {""invoice_settings"": {""phase_1"": null, ""phase_2"": ""{\n  \""account_tax_ids\"": null,\n  \""custom_fields\"": null,\n  \""days_until_due\"": null,\n  \""description\"": \""As of May 20, 2025, DivFern Geothermal Limited Partnership \\u201cDivFern Energy\\u201d has taken over the ownership and operation of Fensby Geothermal Limited. There will not be any interruption to the Energy Services for your home, and all terms and conditions of the Residential Energy Services Agreement you signed will remain the same. For any questions about this change or your system, please visit us at www.divfern.com.\\n\\nThank you for being a valued member of our growing DivFern community. \"",\n  \""footer\"": \""Terms and Conditions: \\na) Should you elect to pay a bill by bank debit or credit card (if permitted), you consent to our payment processing vendor retaining your payment information and automatically applying it on a recurring basis to the payment of each subsequent bill unless and until you provide an alternate payment method. You will promptly inform us of any change in: (i) your mailing address at least 30 days in advance of such change; and/or (ii) if previously provided, bank account or credit card information you provided us promptly after such change is made.\\nb) A late payment charge will apply to all overdue amounts on your bill, including applicable federal and provincial taxes. The rate for late payment charges is 1.5% per month or 18% per year (for an effective rate of 19.56% per year). Your bill is due on the date indicated on the bill, or if not indicated, within 20 days\\nc) Should any payment be returned for non-sufficient funds (\\u201cNSF\\u201d), you agree to pay a NSF charge of $25\"",\n  \""issuer\"": null\n}""}, ""metadata"": {""phase_1"": {}, ""phase_2"": {""last_increase_year"": ""2026""}}}}]",manual_review,False,"Schedule requires manual review: multiple_schedule_phases_2, schedule_phases_have_different_business_settings",
sub_1RnkDOE2kujhweZxIlexgYi4,cus_SjCX8SbS85YeWj,active,2025-07-22,2075-07-22,2028-07-22,,,False,,,,0,,[],False,False,[],already_forever,True,"Subscription has no cancel_at, cancel_at_period_end is false, and no schedule is attached.",
sub_1RnjVqE2kujhweZxlKETTxzO,cus_SjBtG4ChfSsyRE,active,2025-07-22,2075-07-22,2028-07-22,,,False,,,,0,,[],False,False,[],already_forever,True,"Subscription has no cancel_at, cancel_at_period_end is false, and no schedule is attached.",
sub_1RnjTIE2kujhweZxWYibiVtN,cus_SjBppcwIh1IoyY,active,2025-07-22,2075-07-22,2028-07-22,,,False,,,,0,,[],False,False,[],already_forever,True,"Subscription has no cancel_at, cancel_at_period_end is false, and no schedule is attached.",
sub_1RnjMDE2kujhweZxePCuxgj7,cus_SjBis97ZknYPNZ,active,2025-07-22,2075-07-22,2028-07-22,,,False,,,,0,,[],False,False,[],already_forever,True,"Subscription has no cancel_at, cancel_at_period_end is false, and no schedule is attached.",
sub_1RnjE8E2kujhweZxoLaMuCMX,cus_SjBaKHN6ao91Pf,active,2025-07-22,2075-07-22,2028-07-22,,,False,,,,0,,[],False,False,[],already_forever,True,"Subscription has no cancel_at, cancel_at_period_end is false, and no schedule is attached.",
sub_1Rnj3DE2kujhweZxurB4zzh8,cus_SjA4a3mTBCazoy,active,2025-07-22,2075-07-22,2028-07-22,,,False,,,,0,,[],False,False,[],already_forever,True,"Subscription has no cancel_at, cancel_at_period_end is false, and no schedule is attached.",
sub_1Rnj0cE2kujhweZxPpHx7nHF,cus_SjA2TkyG97lsls,active,2025-07-22,2075-07-22,2028-07-22,,,False,,,,0,,[],False,False,[],already_forever,True,"Subscription has no cancel_at, cancel_at_period_end is false, and no schedule is attached.",
sub_1Rniy7E2kujhweZxh9PgHNEK,cus_SjA0KYSGZVsZbd,active,2025-07-22,2075-07-22,2028-07-22,,,False,,,,0,,[],False,False,[],already_forever,True,"Subscription has no cancel_at, cancel_at_period_end is false, and no schedule is attached.",
sub_1RniskE2kujhweZxntQqz8a5,cus_Sj9ygp5ndRi9M0,active,2025-07-22,2075-07-22,2028-07-22,,,False,,,,0,,[],False,False,[],already_forever,True,"Subscription has no cancel_at, cancel_at_period_end is false, and no schedule is attached.",
sub_1RnidcE2kujhweZxg814RmO2,cus_Sj9vrh44SN8GSi,active,2025-07-22,2075-07-22,2028-07-22,,,False,,,,0,,[],False,False,[],already_forever,True,"Subscription has no cancel_at, cancel_at_period_end is false, and no schedule is attached.",
sub_1RniXGE2kujhweZxrAa5LjW1,cus_Sj9u37rYwaGqAV,active,2025-07-22,2075-07-22,2028-07-22,,,False,,,,0,,[],False,False,[],already_forever,True,"Subscription has no cancel_at, cancel_at_period_end is false, and no schedule is attached.",
sub_1Rni3eE2kujhweZxrL8eIeXP,cus_Sj9s4iBq0XxWIM,active,2025-07-22,2075-07-22,2028-07-22,,,False,,,,0,,[],False,False,[],already_forever,True,"Subscription has no cancel_at, cancel_at_period_end is false, and no schedule is attached.",
sub_1RgHqwE2kujhweZx3T9AQcr2,cus_RKMOiLmIrjh1H2,active,2024-12-02,2074-12-02,2027-12-02,,,False,,,,0,,[],False,False,[],already_forever,True,"Subscription has no cancel_at, cancel_at_period_end is false, and no schedule is attached.",
sub_1RfioEE2kujhweZxNAnK7lAt,cus_SaubLFjsgYbIO4,active,2025-06-30,2075-06-30,2028-06-30,,,False,,,,0,,[],False,False,[],already_forever,True,"Subscription has no cancel_at, cancel_at_period_end is false, and no schedule is attached.",
sub_1Rfi6aE2kujhweZxJQ86E9k9,cus_SatqZhwmUX7zDi,active,2025-06-30,2075-06-30,2028-06-30,,,False,,,,0,,[],False,False,[],already_forever,True,"Subscription has no cancel_at, cancel_at_period_end is false, and no schedule is attached.",
sub_1RfCQGE2kujhweZx75EnQJv2,cus_R7VBBDawGXgFKK,active,2024-10-29,2074-10-29,2027-10-29,,,False,,,,0,,[],False,False,[],already_forever,True,"Subscription has no cancel_at, cancel_at_period_end is false, and no schedule is attached.",
sub_1Rc7XSE2kujhweZxPzhT2qrx,cus_RfG38rnPoBXJqj,active,2025-01-27,2075-01-27,2028-01-27,,,False,,,,0,,[],False,False,[],already_forever,True,"Subscription has no cancel_at, cancel_at_period_end is false, and no schedule is attached.",
sub_1Rbl6YE2kujhweZxAFqAa2pS,cus_SWoiM3S2vSdRi4,active,2025-06-19,2075-06-19,2028-06-19,,,False,,,,0,,[],False,False,[],already_forever,True,"Subscription has no cancel_at, cancel_at_period_end is false, and no schedule is attached.",
sub_1Rbl0KE2kujhweZxjGHV3Uew,cus_SWocJD3Z2LbITp,active,2025-06-19,2075-06-19,2028-06-19,,,False,,,,0,,[],False,False,[],already_forever,True,"Subscription has no cancel_at, cancel_at_period_end is false, and no schedule is attached.",
sub_1RbkluE2kujhweZxYVOsIaQp,cus_SWoNDoLjIqi9qg,active,2025-06-19,2075-06-19,2028-06-19,,,False,,,,0,,[],False,False,[],already_forever,True,"Subscription has no cancel_at, cancel_at_period_end is false, and no schedule is attached.",
sub_1RbiXxE2kujhweZxc8XUg3Ti,cus_SWm3g2VvrVHlVB,active,2025-06-19,2075-06-19,2028-06-19,,,False,,,,0,,[],False,False,[],already_forever,True,"Subscription has no cancel_at, cancel_at_period_end is false, and no schedule is attached.",
sub_1RYq3sE2kujhweZx5BzhUeoz,cus_RvmfgsjJtn9Pem,active,2025-03-12,2075-03-12,2028-03-12,,,False,,,,0,,[],False,False,[],already_forever,True,"Subscription has no cancel_at, cancel_at_period_end is false, and no schedule is attached.",
sub_1RYWOgE2kujhweZxg3EhUybL,cus_STTJGhQ5kaenVd,active,2025-06-10,2075-06-10,2028-06-10,,,False,,,,0,,[],False,False,[],already_forever,True,"Subscription has no cancel_at, cancel_at_period_end is false, and no schedule is attached.",
sub_1RTmHSE2kujhweZxzbP7bjQn,cus_SOZOVqt5osVM5l,active,2025-05-28,2075-05-28,2028-05-28,,,False,,,,0,,[],False,False,[],already_forever,True,"Subscription has no cancel_at, cancel_at_period_end is false, and no schedule is attached.",
sub_1RTmD6E2kujhweZxMQ2NQyJw,cus_SOZLzlz8VGYzaO,active,2025-05-28,2075-05-28,2028-05-28,,,False,,,,0,,[],False,False,[],already_forever,True,"Subscription has no cancel_at, cancel_at_period_end is false, and no schedule is attached.",
sub_1RTm8WE2kujhweZxUePQcFf0,cus_SOZEbOUxM3ju4V,active,2025-05-28,2075-05-28,2028-05-28,,,False,,,,0,,[],False,False,[],already_forever,True,"Subscription has no cancel_at, cancel_at_period_end is false, and no schedule is attached.",
sub_1RTm32E2kujhweZxP7BzUv2r,cus_SOZAH0jciu6zrG,active,2025-05-28,2075-05-28,2028-05-28,,,False,,,,0,,[],False,False,[],already_forever,True,"Subscription has no cancel_at, cancel_at_period_end is false, and no schedule is attached.",
sub_1RTly2E2kujhweZxHRXXsek7,cus_SOZ3bZaq639pHm,active,2025-05-28,2075-05-28,2028-05-28,,,False,,,,0,,[],False,False,[],already_forever,True,"Subscription has no cancel_at, cancel_at_period_end is false, and no schedule is attached.",
sub_1RTlpzE2kujhweZxGjWp2xih,cus_SOYwEisBe9Rqqm,active,2025-05-28,2075-05-28,2028-05-28,,,False,,,,0,,[],False,False,[],already_forever,True,"Subscription has no cancel_at, cancel_at_period_end is false, and no schedule is attached.",
sub_1RTlihE2kujhweZxv0ftRq9F,cus_SOYp2l4E8RwHwi,active,2025-05-28,2075-05-28,2028-05-28,,,False,,,,0,,[],False,False,[],already_forever,True,"Subscription has no cancel_at, cancel_at_period_end is false, and no schedule is attached.",
sub_1RTldRE2kujhweZxI9euVxWE,cus_SOYjmZSUX2ZGtE,active,2025-05-28,2075-05-28,2028-05-28,,,False,,,,0,,[],False,False,[],already_forever,True,"Subscription has no cancel_at, cancel_at_period_end is false, and no schedule is attached.",
sub_1RTlWjE2kujhweZx9fbBav6b,cus_SOYdY7Otsx3qVU,active,2025-05-28,2075-05-28,2028-05-28,,,False,,,,0,,[],False,False,[],already_forever,True,"Subscription has no cancel_at, cancel_at_period_end is false, and no schedule is attached.",
sub_1RTlQiE2kujhweZxeRX0rthv,cus_SOYWi3BS6JXiHA,active,2025-05-28,2075-05-28,2028-05-28,,,False,,,,0,,[],False,False,[],already_forever,True,"Subscription has no cancel_at, cancel_at_period_end is false, and no schedule is attached.",
sub_1RTlIuE2kujhweZxa2c9HR3g,cus_SOYPdKTfFeb76l,active,2025-05-28,2075-05-28,2028-05-28,,,False,,,,0,,[],False,False,[],already_forever,True,"Subscription has no cancel_at, cancel_at_period_end is false, and no schedule is attached.",
sub_1RTlFKE2kujhweZxx3Vd7iCo,cus_SOYL36kxLcYFSS,active,2025-05-28,2075-05-28,2028-05-28,,,False,,,,0,,[],False,False,[],already_forever,True,"Subscription has no cancel_at, cancel_at_period_end is false, and no schedule is attached.",
sub_1RTlCXE2kujhweZxzZND0aSu,cus_SOYIb1s3F0LrBk,active,2025-05-28,2075-05-28,2028-05-28,,,False,,,,0,,[],False,False,[],already_forever,True,"Subscription has no cancel_at, cancel_at_period_end is false, and no schedule is attached.",
sub_1RTkOsE2kujhweZxCWk2XR3f,cus_SOXT0a5nn1zyxU,active,2025-05-28,2075-05-28,2028-05-28,,,False,,,,0,,[],False,False,[],already_forever,True,"Subscription has no cancel_at, cancel_at_period_end is false, and no schedule is attached.",
sub_1RTkMRE2kujhweZxGo4BC73a,cus_SOXQiwlmIyJbEQ,active,2025-05-28,2075-05-28,2028-05-28,,,False,,,,0,,[],False,False,[],already_forever,True,"Subscription has no cancel_at, cancel_at_period_end is false, and no schedule is attached.",
sub_1RTk6EE2kujhweZxuCBArFBX,cus_SOX9idj4XPxTwT,active,2025-05-28,2075-05-28,2028-05-28,,,False,,,,0,,[],False,False,[],already_forever,True,"Subscription has no cancel_at, cancel_at_period_end is false, and no schedule is attached.",
sub_1RRKNyE2kujhweZxUaGSX5wl,cus_SM2SbEiLWoJab9,active,2025-05-21,2075-05-21,2028-05-21,,,False,,,,0,,[],False,False,[],already_forever,True,"Subscription has no cancel_at, cancel_at_period_end is false, and no schedule is attached.",
sub_1RRKLtE2kujhweZxPMtTFtc5,cus_SM2QrgznGJq6Lg,active,2025-05-21,2075-05-21,2028-05-21,,,False,,,,0,,[],False,False,[],already_forever,True,"Subscription has no cancel_at, cancel_at_period_end is false, and no schedule is attached.",
sub_1RRKKEE2kujhweZxPjs4KBzb,cus_SM2OEljC2B4js1,active,2025-05-21,2075-05-21,2028-05-21,,,False,,,,0,,[],False,False,[],already_forever,True,"Subscription has no cancel_at, cancel_at_period_end is false, and no schedule is attached.",
sub_1RRKI9E2kujhweZxNCwEs7CY,cus_SM2MjGUoRCW47s,active,2025-05-21,2075-05-21,2028-05-21,,,False,,,,0,,[],False,False,[],already_forever,True,"Subscription has no cancel_at, cancel_at_period_end is false, and no schedule is attached.",
sub_1RRKF0E2kujhweZxCehzdOdA,cus_SM2If1EevwP9fL,active,2025-05-21,2075-05-21,2028-05-21,,,False,,,,0,,[],False,False,[],already_forever,True,"Subscription has no cancel_at, cancel_at_period_end is false, and no schedule is attached.",
sub_1RRKCOE2kujhweZxMDY1GZu8,cus_SM2GabIwmFJdTO,active,2025-05-21,2075-05-21,2028-05-21,,,False,,,,0,,[],False,False,[],already_forever,True,"Subscription has no cancel_at, cancel_at_period_end is false, and no schedule is attached.",
sub_1RRKANE2kujhweZxUMx2yOG8,cus_SM2ECSZl6wOyb0,active,2025-05-21,2075-05-21,2028-05-21,,,False,,,,0,,[],False,False,[],already_forever,True,"Subscription has no cancel_at, cancel_at_period_end is false, and no schedule is attached.",
sub_1RRK7zE2kujhweZxVmwJ0V0S,cus_SM2BPxmF5iMmAf,active,2025-05-21,2075-05-21,2028-05-21,,,False,,,,0,,[],False,False,[],already_forever,True,"Subscription has no cancel_at, cancel_at_period_end is false, and no schedule is attached.",
sub_1RRK3CE2kujhweZxij1PuXiF,cus_SM262lpu603Dv1,active,2025-05-21,2075-05-21,2028-05-21,,,False,,,,0,,[],False,False,[],already_forever,True,"Subscription has no cancel_at, cancel_at_period_end is false, and no schedule is attached.",
sub_1RRK0kE2kujhweZxAp4Dg88o,cus_SM24wvettITNvV,active,2025-05-21,2075-05-21,2028-05-21,,,False,,,,0,,[],False,False,[],already_forever,True,"Subscription has no cancel_at, cancel_at_period_end is false, and no schedule is attached.",
sub_1RRJyME2kujhweZxhniOU2lS,cus_SM21yQ5yOlpykw,active,2025-05-21,2075-05-21,2028-05-21,,,False,,,,0,,[],False,False,[],already_forever,True,"Subscription has no cancel_at, cancel_at_period_end is false, and no schedule is attached.",
sub_1RRJvpE2kujhweZxqP2TuXV6,cus_SM1zWCTFcIIicT,active,2025-05-21,2075-05-21,2028-05-21,,,False,,,,0,,[],False,False,[],already_forever,True,"Subscription has no cancel_at, cancel_at_period_end is false, and no schedule is attached.",
sub_1RRJteE2kujhweZx26JDQsn2,cus_SM1wK6cpMxkOLW,active,2025-05-21,2075-05-21,2028-05-21,,,False,,,,0,,[],False,False,[],already_forever,True,"Subscription has no cancel_at, cancel_at_period_end is false, and no schedule is attached.",
sub_1RQxfrE2kujhweZxbGuAouZB,cus_SLezbC54O572gW,active,2025-05-20,2075-05-20,2028-05-20,,,False,,,,0,,[],False,False,[],already_forever,True,"Subscription has no cancel_at, cancel_at_period_end is false, and no schedule is attached.",
sub_1RQxe1E2kujhweZxDyXlerfL,cus_SLexoMz8pyeRDQ,active,2025-05-20,2075-05-20,2028-05-20,,,False,,,,0,,[],False,False,[],already_forever,True,"Subscription has no cancel_at, cancel_at_period_end is false, and no schedule is attached.",
sub_1RQxcEE2kujhweZxe3zfzyJC,cus_SLevfGqpvyHw0l,active,2025-05-20,2075-05-20,2028-05-20,,,False,,,,0,,[],False,False,[],already_forever,True,"Subscription has no cancel_at, cancel_at_period_end is false, and no schedule is attached.",
sub_1RQxXTE2kujhweZx0rEWDti8,cus_SLeqSATuQ9m9sC,active,2025-05-20,2075-05-20,2028-05-20,,,False,,,,0,,[],False,False,[],already_forever,True,"Subscription has no cancel_at, cancel_at_period_end is false, and no schedule is attached.",
sub_1RQxV4E2kujhweZxcXiTbVJ5,cus_SLeog6MxeMOhAs,active,2025-05-20,2075-05-20,2028-05-20,,,False,,,,0,,[],False,False,[],already_forever,True,"Subscription has no cancel_at, cancel_at_period_end is false, and no schedule is attached.",
sub_1RQxSuE2kujhweZxG5c1M6Vn,cus_SLeloraFuCY4oM,active,2025-05-20,2075-05-20,2028-05-20,,,False,,,,0,,[],False,False,[],already_forever,True,"Subscription has no cancel_at, cancel_at_period_end is false, and no schedule is attached.",
sub_1RQxQqE2kujhweZxoEGXrrXJ,cus_SLejx45FHySTYf,active,2025-05-20,2075-05-20,2028-05-20,,,False,,,,0,,[],False,False,[],already_forever,True,"Subscription has no cancel_at, cancel_at_period_end is false, and no schedule is attached.",
sub_1RQxLpE2kujhweZxGNa2ynlc,cus_SLeeyxtRDFjhuA,active,2025-05-20,2075-05-20,2028-05-20,,,False,,,,0,,[],False,False,[],already_forever,True,"Subscription has no cancel_at, cancel_at_period_end is false, and no schedule is attached.",
sub_1RQxIrE2kujhweZx5qvGeDrW,cus_SLebyyMBDGXKfl,active,2025-05-20,2075-05-20,2028-05-20,,,False,,,,0,,[],False,False,[],already_forever,True,"Subscription has no cancel_at, cancel_at_period_end is false, and no schedule is attached.",
sub_1RQxGSE2kujhweZx1IoQMJEb,cus_SLeYPc7EfKWYXe,active,2025-05-20,2075-05-20,2028-05-20,,,False,,,,0,,[],False,False,[],already_forever,True,"Subscription has no cancel_at, cancel_at_period_end is false, and no schedule is attached.",
sub_1RQxBmE2kujhweZxKy7CCSmW,cus_SLeU9NHlgXGfZa,active,2025-05-20,2075-05-20,2028-05-20,,,False,,,,0,,[],False,False,[],already_forever,True,"Subscription has no cancel_at, cancel_at_period_end is false, and no schedule is attached.",
sub_1RQx9aE2kujhweZxvOO8cqnI,cus_SLeRJpxO77LniO,active,2025-05-20,2075-05-20,2028-05-20,,,False,,,,0,,[],False,False,[],already_forever,True,"Subscription has no cancel_at, cancel_at_period_end is false, and no schedule is attached.",
sub_1RQx73E2kujhweZxkBkLqjKP,cus_SLePYwHxHYPEJ3,active,2025-05-20,2075-05-20,2028-05-20,,,False,,,,0,,[],False,False,[],already_forever,True,"Subscription has no cancel_at, cancel_at_period_end is false, and no schedule is attached.",
sub_1RQwxyE2kujhweZxuuC9mc61,cus_SLeE90jbUkblQm,active,2025-05-20,2075-05-20,2028-05-20,,,False,,,,0,,[],False,False,[],already_forever,True,"Subscription has no cancel_at, cancel_at_period_end is false, and no schedule is attached.",
sub_1RQwu4E2kujhweZxKqtVZD7R,cus_SLeBBdOorsUJmY,active,2025-05-20,2075-05-20,2028-05-20,,,False,,,,0,,[],False,False,[],already_forever,True,"Subscription has no cancel_at, cancel_at_period_end is false, and no schedule is attached.",
sub_1RQwrUE2kujhweZxtygp1OtH,cus_SLe8isAndNUHyX,active,2025-05-20,2075-05-20,2028-05-20,,,False,,,,0,,[],False,False,[],already_forever,True,"Subscription has no cancel_at, cancel_at_period_end is false, and no schedule is attached.",
sub_1RQwouE2kujhweZxTdPKdrSy,cus_SLe6tYF7ab8OWn,active,2025-05-20,2075-05-20,2028-05-20,,,False,,,,0,,[],False,False,[],already_forever,True,"Subscription has no cancel_at, cancel_at_period_end is false, and no schedule is attached.",
sub_1RQwmBE2kujhweZxX3iO1G3K,cus_SLe3XrcuWP4GG6,active,2025-05-20,2075-05-20,2028-05-20,,,False,,,,0,,[],False,False,[],already_forever,True,"Subscription has no cancel_at, cancel_at_period_end is false, and no schedule is attached.",
sub_1RO3FoE2kujhweZxeydBAsGh,cus_SIeXjjBIw7Au8a,active,2025-05-12,2075-05-12,2028-05-12,,,False,,,,0,,[],False,False,[],already_forever,True,"Subscription has no cancel_at, cancel_at_period_end is false, and no schedule is attached.",
sub_1RO3CYE2kujhweZx3OOtn0M2,cus_SIeUrWMsLxhfcU,active,2025-05-12,2075-05-12,2028-05-12,,,False,,,,0,,[],False,False,[],already_forever,True,"Subscription has no cancel_at, cancel_at_period_end is false, and no schedule is attached.",
sub_1RO379E2kujhweZxaYYiZ7tK,cus_SIePUTCojsv6BV,active,2025-05-12,2075-05-12,2028-05-12,,,False,,,,0,,[],False,False,[],already_forever,True,"Subscription has no cancel_at, cancel_at_period_end is false, and no schedule is attached.",
sub_1RO34aE2kujhweZx0KfOMoXX,cus_SIeMz0reDN5KXR,active,2025-05-12,2075-05-12,2028-05-12,,,False,,,,0,,[],False,False,[],already_forever,True,"Subscription has no cancel_at, cancel_at_period_end is false, and no schedule is attached.",
sub_1RO31nE2kujhweZxFJxp5NOr,cus_SIeJdCobSH02va,active,2025-05-12,2075-05-12,2028-05-12,,,False,,,,0,,[],False,False,[],already_forever,True,"Subscription has no cancel_at, cancel_at_period_end is false, and no schedule is attached.",
sub_1RO2ypE2kujhweZxMAWsFOrf,cus_SIeGy2dSssPWUF,active,2025-05-12,2075-05-12,2028-05-12,,,False,,,,0,,[],False,False,[],already_forever,True,"Subscription has no cancel_at, cancel_at_period_end is false, and no schedule is attached.",
sub_1RO2wQE2kujhweZxOmiGPsO1,cus_SIeDse2Mp0XF4e,active,2025-05-12,2075-05-12,2028-05-12,,,False,,,,0,,[],False,False,[],already_forever,True,"Subscription has no cancel_at, cancel_at_period_end is false, and no schedule is attached.",
sub_1RO2tOE2kujhweZxhZAfWEQI,cus_SIeAG7pgsGFERv,active,2025-05-12,2075-05-12,2028-05-12,,,False,,,,0,,[],False,False,[],already_forever,True,"Subscription has no cancel_at, cancel_at_period_end is false, and no schedule is attached.",
sub_1RO2qiE2kujhweZx889yjV9N,cus_SIe8nKgoSVYwKs,active,2025-05-12,2075-05-12,2028-05-12,,,False,,,,0,,[],False,False,[],already_forever,True,"Subscription has no cancel_at, cancel_at_period_end is false, and no schedule is attached.",
sub_1RO2niE2kujhweZxJmdoZYNK,cus_SIe4UpzHSpp77W,active,2025-05-12,2075-05-12,2028-05-12,,,False,,,,0,,[],False,False,[],already_forever,True,"Subscription has no cancel_at, cancel_at_period_end is false, and no schedule is attached.",
sub_1RO2kqE2kujhweZxTFSPjWva,cus_SIe2LRgnj6ylwg,active,2025-05-12,2075-05-12,2028-05-12,,,False,,,,0,,[],False,False,[],already_forever,True,"Subscription has no cancel_at, cancel_at_period_end is false, and no schedule is attached.",
sub_1RO2h7E2kujhweZxlnzxICqU,cus_SIdyRAdOKKRJkY,active,2025-05-12,2075-05-12,2028-05-12,,,False,,,,0,,[],False,False,[],already_forever,True,"Subscription has no cancel_at, cancel_at_period_end is false, and no schedule is attached.",
sub_1RO2e8E2kujhweZxaOZMci29,cus_SIduuDLVUnHSXT,active,2025-05-12,2075-05-12,2028-05-12,,,False,,,,0,,[],False,False,[],already_forever,True,"Subscription has no cancel_at, cancel_at_period_end is false, and no schedule is attached.",
sub_1RNR3uE2kujhweZxlbOfPgTY,cus_QRatG4oH0Gl3Oa,active,2024-07-09,2074-07-09,2027-07-09,,,False,,,,0,,[],False,False,[],already_forever,True,"Subscription has no cancel_at, cancel_at_period_end is false, and no schedule is attached.",
sub_1RLoQLE2kujhweZxa6wfpYcP,cus_SGL6Nxma031OB1,active,2025-05-06,2075-05-06,2028-05-06,,,False,,,,0,,[],False,False,[],already_forever,True,"Subscription has no cancel_at, cancel_at_period_end is false, and no schedule is attached.",
sub_1RLoMwE2kujhweZxpem5QqQc,cus_SGL2EUnYn4sUqV,active,2025-05-06,2075-05-06,2028-05-06,,,False,,,,0,,[],False,False,[],already_forever,True,"Subscription has no cancel_at, cancel_at_period_end is false, and no schedule is attached.",
sub_1RLoJpE2kujhweZxWNivKCfM,cus_SGKzdIttemJUoB,active,2025-05-06,2075-05-06,2028-05-06,,,False,,,,0,,[],False,False,[],already_forever,True,"Subscription has no cancel_at, cancel_at_period_end is false, and no schedule is attached.",
sub_1RLoHKE2kujhweZxCdzWrFR9,cus_SGKwXOtDRPc6zu,active,2025-05-06,2075-05-06,2028-05-06,,,False,,,,0,,[],False,False,[],already_forever,True,"Subscription has no cancel_at, cancel_at_period_end is false, and no schedule is attached.",
sub_1RLoESE2kujhweZxJkmnWHR8,cus_SGKtItvnDT5g3y,active,2025-05-06,2075-05-06,2028-05-06,,,False,,,,0,,[],False,False,[],already_forever,True,"Subscription has no cancel_at, cancel_at_period_end is false, and no schedule is attached.",
sub_1RLoBDE2kujhweZx6DL7zazc,cus_SGKqmyaH2A3iTd,active,2025-05-06,2075-05-06,2028-05-06,,,False,,,,0,,[],False,False,[],already_forever,True,"Subscription has no cancel_at, cancel_at_period_end is false, and no schedule is attached.",
sub_1RLo87E2kujhweZxmBEtx5QW,cus_SGKmI1r35ALPr7,active,2025-05-06,2075-05-06,2028-05-06,,,False,,,,0,,[],False,False,[],already_forever,True,"Subscription has no cancel_at, cancel_at_period_end is false, and no schedule is attached.",
sub_1RLo4SE2kujhweZxW6Yhqfxd,cus_SGKjTLA9OIleVX,active,2025-05-06,2075-05-06,2028-05-06,,,False,,,,0,,[],False,False,[],already_forever,True,"Subscription has no cancel_at, cancel_at_period_end is false, and no schedule is attached.",
sub_1RLo1eE2kujhweZxLGPi5dwZ,cus_SGKgxH1Kzmrv4v,active,2025-05-06,2075-05-06,2028-05-06,,,False,,,,0,,[],False,False,[],already_forever,True,"Subscription has no cancel_at, cancel_at_period_end is false, and no schedule is attached.",
sub_1RLnymE2kujhweZxer18sGD6,cus_SGKdMGkgXJta65,active,2025-05-06,2075-05-06,2028-05-06,,,False,,,,0,,[],False,False,[],already_forever,True,"Subscription has no cancel_at, cancel_at_period_end is false, and no schedule is attached.",
sub_1RLnw2E2kujhweZxFKgZVkz9,cus_SGKaLEY0fjdKbd,active,2025-05-06,2075-05-06,2028-05-06,,,False,,,,0,,[],False,False,[],already_forever,True,"Subscription has no cancel_at, cancel_at_period_end is false, and no schedule is attached.",
sub_1RLnsgE2kujhweZx3GmehS2I,cus_SGKX7PH73tlbxg,active,2025-05-06,2075-05-06,2028-05-06,,,False,,,,0,,[],False,False,[],already_forever,True,"Subscription has no cancel_at, cancel_at_period_end is false, and no schedule is attached.",
sub_1RLnqDE2kujhweZxhM3iTczR,cus_SGKSqSGIn17Kt1,active,2025-05-06,2075-05-06,2028-05-06,,,False,,,,0,,[],False,False,[],already_forever,True,"Subscription has no cancel_at, cancel_at_period_end is false, and no schedule is attached.",
sub_1RJHMpE2kujhweZxk0Lwm6fc,cus_SDinjhyoNw5VVg,active,2025-04-29,2075-04-29,2028-04-29,,,False,,,,0,,[],False,False,[],already_forever,True,"Subscription has no cancel_at, cancel_at_period_end is false, and no schedule is attached.",
sub_1RJHK8E2kujhweZxjNElVyJx,cus_SDil4Zl5yBl1MJ,active,2025-04-29,2075-04-29,2028-04-29,,,False,,,,0,,[],False,False,[],already_forever,True,"Subscription has no cancel_at, cancel_at_period_end is false, and no schedule is attached.",
sub_1RJHH1E2kujhweZxMABGPepm,cus_SDihSDkAgjzX0b,active,2025-04-29,2075-04-29,2028-04-29,,,False,,,,0,,[],False,False,[],already_forever,True,"Subscription has no cancel_at, cancel_at_period_end is false, and no schedule is attached.",
sub_1RJH9NE2kujhweZxyBc4pfkK,cus_SDiZ75XCcuhmih,active,2025-04-29,2075-04-29,2028-04-29,,,False,,,,0,,[],False,False,[],already_forever,True,"Subscription has no cancel_at, cancel_at_period_end is false, and no schedule is attached.",
sub_1RJH6CE2kujhweZxECfGZbAj,cus_SDiWeRhYC1vzMu,active,2025-04-29,2075-04-29,2028-04-29,,,False,,,,0,,[],False,False,[],already_forever,True,"Subscription has no cancel_at, cancel_at_period_end is false, and no schedule is attached.",
sub_1RJH3KE2kujhweZxVCFSJr85,cus_SDiTrnW1eZ10kZ,active,2025-04-29,2075-04-29,2028-04-29,,,False,,,,0,,[],False,False,[],already_forever,True,"Subscription has no cancel_at, cancel_at_period_end is false, and no schedule is attached.",
sub_1RJGzeE2kujhweZx8ODxEACo,cus_SDiQerVYjUXHEs,active,2025-04-29,2075-04-29,2028-04-29,,,False,,,,0,,[],False,False,[],already_forever,True,"Subscription has no cancel_at, cancel_at_period_end is false, and no schedule is attached.",
sub_1RJGx5E2kujhweZx3xWXHCoH,cus_SDiNIfIlEzlUSj,active,2025-04-29,2075-04-29,2028-04-29,,,False,,,,0,,[],False,False,[],already_forever,True,"Subscription has no cancel_at, cancel_at_period_end is false, and no schedule is attached.",
sub_1RJGuSE2kujhweZxUujnJJhr,cus_SDiK3JlNimfcAN,active,2025-04-29,2075-04-29,2028-04-29,,,False,,,,0,,[],False,False,[],already_forever,True,"Subscription has no cancel_at, cancel_at_period_end is false, and no schedule is attached.",
sub_1RJGrVE2kujhweZxOoK3NdpQ,cus_SDiH9ycxVXoSkG,active,2025-04-29,2075-04-29,2028-04-29,,,False,,,,0,,[],False,False,[],already_forever,True,"Subscription has no cancel_at, cancel_at_period_end is false, and no schedule is attached.",
sub_1RJGoUE2kujhweZxbtCSdspp,cus_SDiE0T60RScKAx,active,2025-04-29,2075-04-29,2028-04-29,,,False,,,,0,,[],False,False,[],already_forever,True,"Subscription has no cancel_at, cancel_at_period_end is false, and no schedule is attached.",
sub_1RJGlgE2kujhweZx4n02Nl4P,cus_SDiBHQZ6vQUJYU,active,2025-04-29,2075-04-29,2028-04-29,,,False,,,,0,,[],False,False,[],already_forever,True,"Subscription has no cancel_at, cancel_at_period_end is false, and no schedule is attached.",
sub_1RJGbHE2kujhweZxO3IR29C7,cus_SDi0IChrSidJ9a,active,2025-04-29,2075-04-29,2028-04-29,,,False,,,,0,,[],False,False,[],already_forever,True,"Subscription has no cancel_at, cancel_at_period_end is false, and no schedule is attached.",
sub_1RGPnQE2kujhweZx99RAHZdF,cus_SAlJFxD1iBMeoK,active,2025-04-21,2075-04-21,2028-04-21,,,False,,,,0,,[],False,False,[],already_forever,True,"Subscription has no cancel_at, cancel_at_period_end is false, and no schedule is attached.",
sub_1RGPktE2kujhweZxvga30cmK,cus_SAlHeBw53z2PfS,active,2025-04-21,2075-04-21,2028-04-21,,,False,,,,0,,[],False,False,[],already_forever,True,"Subscription has no cancel_at, cancel_at_period_end is false, and no schedule is attached.",
sub_1RGPgPE2kujhweZxzL2RnoHl,cus_SAlCO4vFDhpyVc,active,2025-04-21,2075-04-21,2028-04-21,,,False,,,,0,,[],False,False,[],already_forever,True,"Subscription has no cancel_at, cancel_at_period_end is false, and no schedule is attached.",
sub_1RGPblE2kujhweZxaH0OB9Lr,cus_SAl7qNvZsyQFXv,active,2025-04-21,2075-04-21,2028-04-21,,,False,,,,0,,[],False,False,[],already_forever,True,"Subscription has no cancel_at, cancel_at_period_end is false, and no schedule is attached.",
sub_1RGPWnE2kujhweZxkdxAnIng,cus_SAl2qC1xp3wsXj,active,2025-04-21,2075-04-21,2028-04-21,,,False,,,,0,,[],False,False,[],already_forever,True,"Subscription has no cancel_at, cancel_at_period_end is false, and no schedule is attached.",
sub_1RGPRtE2kujhweZxDREaJGQH,cus_SAkwGuSFYRR5gH,active,2025-04-21,2075-04-21,2028-04-21,,,False,,,,0,,[],False,False,[],already_forever,True,"Subscription has no cancel_at, cancel_at_period_end is false, and no schedule is attached.",
sub_1REWAiE2kujhweZxeWnolh3F,cus_S8nlgH6DJlK1TL,active,2025-04-16,2075-04-16,2028-04-16,,,False,,,,0,,[],False,False,[],already_forever,True,"Subscription has no cancel_at, cancel_at_period_end is false, and no schedule is attached.",
sub_1REW8AE2kujhweZxLR2No9n4,cus_S8njIoOJEs5rjV,active,2025-04-16,2075-04-16,2028-04-16,,,False,,,,0,,[],False,False,[],already_forever,True,"Subscription has no cancel_at, cancel_at_period_end is false, and no schedule is attached.",
sub_1REW5WE2kujhweZxwjbnr0RV,cus_S8ngNXLe1pfSST,active,2025-04-16,2075-04-16,2028-04-16,,,False,,,,0,,[],False,False,[],already_forever,True,"Subscription has no cancel_at, cancel_at_period_end is false, and no schedule is attached.",
sub_1REW27E2kujhweZxprU6GBP1,cus_S8nceR7pIQdSYe,active,2025-04-16,2075-04-16,2028-04-16,,,False,,,,0,,[],False,False,[],already_forever,True,"Subscription has no cancel_at, cancel_at_period_end is false, and no schedule is attached.",
sub_1REVynE2kujhweZxFIUQHVa2,cus_S8nZloU6G8S5gq,active,2025-04-16,2075-04-16,2028-04-16,,,False,,,,0,,[],False,False,[],already_forever,True,"Subscription has no cancel_at, cancel_at_period_end is false, and no schedule is attached.",
sub_1REVrvE2kujhweZx3jwihk8h,cus_S8nSoDTzyOLSfU,active,2025-04-16,2075-04-16,2028-04-16,,,False,,,,0,,[],False,False,[],already_forever,True,"Subscription has no cancel_at, cancel_at_period_end is false, and no schedule is attached.",
sub_1REHETE2kujhweZx4iIIx6Ug,cus_S8YIV6vW31hxgm,active,2025-04-15,2075-04-15,2028-04-15,,,False,,,,0,,[],False,False,[],already_forever,True,"Subscription has no cancel_at, cancel_at_period_end is false, and no schedule is attached.",
sub_1REH9IE2kujhweZxNsb0396s,cus_S8YFP6Xn4g453i,active,2025-04-15,2075-04-15,2028-04-15,,,False,,,,0,,[],False,False,[],already_forever,True,"Subscription has no cancel_at, cancel_at_period_end is false, and no schedule is attached.",
sub_1REH6QE2kujhweZxbl6Qnhma,cus_S8YCVeztEed5RM,active,2025-04-15,2075-04-15,2028-04-15,,,False,,,,0,,[],False,False,[],already_forever,True,"Subscription has no cancel_at, cancel_at_period_end is false, and no schedule is attached.",
sub_1REH2HE2kujhweZxKsKhmutj,cus_S8Y7X9IzxAiTro,active,2025-04-15,2075-04-15,2028-04-15,,,False,,,,0,,[],False,False,[],already_forever,True,"Subscription has no cancel_at, cancel_at_period_end is false, and no schedule is attached.",
sub_1RDrmuE2kujhweZxNHdyLPNt,cus_Ryo4kcvMa7pbjC,active,2025-03-20,2075-03-20,2028-03-20,,,False,,,,0,,[],False,False,[],already_forever,True,"Subscription has no cancel_at, cancel_at_period_end is false, and no schedule is attached.",
sub_1RBzdFE2kujhweZxP1FW6d8h,cus_S6C0i9pNKzyKS7,active,2025-04-09,2075-04-09,2028-04-09,,,False,,,,0,,[],False,False,[],already_forever,True,"Subscription has no cancel_at, cancel_at_period_end is false, and no schedule is attached.",
sub_1RBcxGE2kujhweZx5WpmXBLZ,cus_S5oZFGmm1qddsC,active,2025-04-08,2075-04-08,2028-04-08,,,False,,,,0,,[],False,False,[],already_forever,True,"Subscription has no cancel_at, cancel_at_period_end is false, and no schedule is attached.",
sub_1RBcujE2kujhweZxEfhm9aMi,cus_S5oXX0gSxAofg4,active,2025-04-08,2075-04-08,2028-04-08,,,False,,,,0,,[],False,False,[],already_forever,True,"Subscription has no cancel_at, cancel_at_period_end is false, and no schedule is attached.",
sub_1RBcrtE2kujhweZxJssvpZER,cus_S5oSDAjdpkIO39,active,2025-04-08,2075-04-08,2028-04-08,,,False,,,,0,,[],False,False,[],already_forever,True,"Subscription has no cancel_at, cancel_at_period_end is false, and no schedule is attached.",
sub_1RBcncE2kujhweZx9qA4PQZH,cus_S5oPhCirWxuDVm,active,2025-04-08,2075-04-08,2028-04-08,,,False,,,,0,,[],False,False,[],already_forever,True,"Subscription has no cancel_at, cancel_at_period_end is false, and no schedule is attached.",
sub_1RBckkE2kujhweZxQfZ68fL2,cus_S5oMRRhSidpKSy,active,2025-04-08,2075-04-08,2028-04-08,,,False,,,,0,,[],False,False,[],already_forever,True,"Subscription has no cancel_at, cancel_at_period_end is false, and no schedule is attached.",
sub_1RBNAiE2kujhweZxFo5qa9Zx,cus_S5YGJLi2HhI9vF,active,2025-04-07,2075-04-07,2028-04-07,,,False,,,,0,,[],False,False,[],already_forever,True,"Subscription has no cancel_at, cancel_at_period_end is false, and no schedule is attached.",
sub_1RBN7CE2kujhweZxjNMDCkmE,cus_S5YCvVLYG5MxH7,active,2025-04-07,2075-04-07,2028-04-07,,,False,,,,0,,[],False,False,[],already_forever,True,"Subscription has no cancel_at, cancel_at_period_end is false, and no schedule is attached.",
sub_1RBMzXE2kujhweZxlfo6JibW,cus_S5Y5tK2I83bXgP,active,2025-04-07,2075-04-07,2028-04-07,,,False,,,,0,,[],False,False,[],already_forever,True,"Subscription has no cancel_at, cancel_at_period_end is false, and no schedule is attached.",
sub_1RBMvXE2kujhweZx0ANY9IE8,cus_S5Y0NQND9wOgqq,active,2025-04-07,2075-04-07,2028-04-07,,,False,,,,0,,[],False,False,[],already_forever,True,"Subscription has no cancel_at, cancel_at_period_end is false, and no schedule is attached.",
sub_1R8mKiE2kujhweZxGjDOS1EW,cus_S2s4PuiOXNeIzi,active,2025-03-31,2075-03-31,2028-03-31,,,False,,,,0,,[],False,False,[],already_forever,True,"Subscription has no cancel_at, cancel_at_period_end is false, and no schedule is attached.",
sub_1R8mEhE2kujhweZxHtDF5L2Y,cus_S2rx00SWmqtTs2,active,2025-03-31,2075-03-31,2028-03-31,,,False,,,,0,,[],False,False,[],already_forever,True,"Subscription has no cancel_at, cancel_at_period_end is false, and no schedule is attached.",
sub_1R8mBdE2kujhweZx9Mc5qULW,cus_S2ruwbd1w7q7NX,active,2025-03-31,2075-03-31,2028-03-31,,,False,,,,0,,[],False,False,[],already_forever,True,"Subscription has no cancel_at, cancel_at_period_end is false, and no schedule is attached.",
sub_1R8m96E2kujhweZxNbnDuETr,cus_S2rrFZW0Ujed9x,active,2025-03-31,2075-03-31,2028-03-31,,,False,,,,0,,[],False,False,[],already_forever,True,"Subscription has no cancel_at, cancel_at_period_end is false, and no schedule is attached.",
sub_1R8m4qE2kujhweZx80a1YcBg,cus_S2rnlbDly8gSJd,active,2025-03-31,2075-03-31,2028-03-31,,,False,,,,0,,[],False,False,[],already_forever,True,"Subscription has no cancel_at, cancel_at_period_end is false, and no schedule is attached.",
sub_1R8m1uE2kujhweZxu6SPfZrw,cus_S2rkOUULyOkqxs,active,2025-03-31,2075-03-31,2028-03-31,,,False,,,,0,,[],False,False,[],already_forever,True,"Subscription has no cancel_at, cancel_at_period_end is false, and no schedule is attached.",
sub_1R8lvqE2kujhweZxLpVuHjuR,cus_S2reSWgJBiwoa1,active,2025-03-31,2075-03-31,2028-03-31,,,False,,,,0,,[],False,False,[],already_forever,True,"Subscription has no cancel_at, cancel_at_period_end is false, and no schedule is attached.",
sub_1R8lrkE2kujhweZxWKVqRcbW,cus_S2ra0jGVMCYfg5,active,2025-03-31,2075-03-31,2028-03-31,,,False,,,,0,,[],False,False,[],already_forever,True,"Subscription has no cancel_at, cancel_at_period_end is false, and no schedule is attached.",
sub_1R8lDtE2kujhweZxpuBfYFvo,cus_S2quONVCPoCHOR,active,2025-03-31,2075-03-31,2028-03-31,,,False,,,,0,,[],False,False,[],already_forever,True,"Subscription has no cancel_at, cancel_at_period_end is false, and no schedule is attached.",
sub_1R8lAIE2kujhweZxmMNlg0yt,cus_S2qryQbNodvaZu,active,2025-03-31,2075-03-31,2028-03-31,,,False,,,,0,,[],False,False,[],already_forever,True,"Subscription has no cancel_at, cancel_at_period_end is false, and no schedule is attached.",
sub_1R8l7KE2kujhweZxSYzZ4QYG,cus_S2qnucwdXVAl6O,active,2025-03-31,2075-03-31,2028-03-31,,,False,,,,0,,[],False,False,[],already_forever,True,"Subscription has no cancel_at, cancel_at_period_end is false, and no schedule is attached.",
sub_1R6ESKE2kujhweZxFvKEawZJ,cus_S0EvBxQOn0GTWu,active,2025-03-24,2075-03-24,2028-03-24,,,False,,,,0,,[],False,False,[],already_forever,True,"Subscription has no cancel_at, cancel_at_period_end is false, and no schedule is attached.",
sub_1R6EONE2kujhweZxQrmLfzBf,cus_S0EquNKHrGQ3uB,active,2025-03-24,2075-03-24,2028-03-24,,,False,,,,0,,[],False,False,[],already_forever,True,"Subscription has no cancel_at, cancel_at_period_end is false, and no schedule is attached.",
sub_1R6EKdE2kujhweZx2g7aA7JM,cus_S0EmH4zi5ogmEz,active,2025-03-24,2075-03-24,2028-03-24,,,False,,,,0,,[],False,False,[],already_forever,True,"Subscription has no cancel_at, cancel_at_period_end is false, and no schedule is attached.",
sub_1R4qUfE2kujhweZxupHgSE6m,cus_Ryo6C3gWUQBNHj,active,2025-03-20,2075-03-20,2028-03-20,,,False,,,,0,,[],False,False,[],already_forever,True,"Subscription has no cancel_at, cancel_at_period_end is false, and no schedule is attached.",
sub_1R1vCtE2kujhweZxLvMUy6IU,cus_Rvmlb2Thsnpz7h,active,2025-03-12,2075-03-12,2028-03-12,,,False,,,,0,,[],False,False,[],already_forever,True,"Subscription has no cancel_at, cancel_at_period_end is false, and no schedule is attached.",
sub_1R1v9NE2kujhweZxL8Ekxdy9,cus_RvmiKrNEGaLAHP,active,2025-03-12,2075-03-12,2028-03-12,,,False,,,,0,,[],False,False,[],already_forever,True,"Subscription has no cancel_at, cancel_at_period_end is false, and no schedule is attached.",
sub_1R1v4QE2kujhweZxbErdR0Nd,cus_RvmdA729uzRi5a,active,2025-03-12,2075-03-12,2028-03-12,,,False,,,,0,,[],False,False,[],already_forever,True,"Subscription has no cancel_at, cancel_at_period_end is false, and no schedule is attached.",
sub_1R1v1kE2kujhweZxnpuYv2t0,cus_RvmZVgaxotK57i,active,2025-03-12,2075-03-12,2028-03-12,,,False,,,,0,,[],False,False,[],already_forever,True,"Subscription has no cancel_at, cancel_at_period_end is false, and no schedule is attached.",
sub_1R1uyRE2kujhweZx0k1WE7U8,cus_RvmWDT3iA7ThET,active,2025-03-12,2075-03-12,2028-03-12,,,False,,,,0,,[],False,False,[],already_forever,True,"Subscription has no cancel_at, cancel_at_period_end is false, and no schedule is attached.",
sub_1QyhCiE2kujhweZxXs6HDZDQ,cus_RsS69mlpqa72Sq,active,2025-03-03,2075-03-03,2028-03-03,,,False,,,,0,,[],False,False,[],already_forever,True,"Subscription has no cancel_at, cancel_at_period_end is false, and no schedule is attached.",
sub_1QyhAFE2kujhweZxM3Mu1zhP,cus_RsS39DK43gfl5T,active,2025-03-03,2075-03-03,2028-03-03,,,False,,,,0,,[],False,False,[],already_forever,True,"Subscription has no cancel_at, cancel_at_period_end is false, and no schedule is attached.",
sub_1Qyh6wE2kujhweZxCqvi0BF4,cus_RsS0ssrDvoZmJ0,active,2025-03-03,2075-03-03,2028-03-03,,,False,,,,0,,[],False,False,[],already_forever,True,"Subscription has no cancel_at, cancel_at_period_end is false, and no schedule is attached.",
sub_1Qyh4LE2kujhweZxslGXgQdM,cus_RsRxT8hDzWcAkr,active,2025-03-03,2075-03-03,2028-03-03,,,False,,,,0,,[],False,False,[],already_forever,True,"Subscription has no cancel_at, cancel_at_period_end is false, and no schedule is attached.",
sub_1Qyh1QE2kujhweZxqU2tPFHK,cus_RsRuGvEOgmscaX,active,2025-03-03,2075-03-03,2028-03-03,,,False,,,,0,,[],False,False,[],already_forever,True,"Subscription has no cancel_at, cancel_at_period_end is false, and no schedule is attached.",
sub_1QygyRE2kujhweZxjrOOG8Np,cus_RsRrsCcqfod4RO,active,2025-03-03,2075-03-03,2028-03-03,,,False,,,,0,,[],False,False,[],already_forever,True,"Subscription has no cancel_at, cancel_at_period_end is false, and no schedule is attached.",
sub_1QygwCE2kujhweZxDS37Ld7Y,cus_RsRpr1957gKFYe,active,2025-03-03,2075-03-03,2028-03-03,,,False,,,,0,,[],False,False,[],already_forever,True,"Subscription has no cancel_at, cancel_at_period_end is false, and no schedule is attached.",
sub_1Qw9LHE2kujhweZxDl86neMA,cus_RpoyVKPjQrHtdv,active,2025-02-24,2075-02-24,2028-02-24,,,False,,,,0,,[],False,False,[],already_forever,True,"Subscription has no cancel_at, cancel_at_period_end is false, and no schedule is attached.",
sub_1Qw9IbE2kujhweZxKyNwngGe,cus_RpovMKdUT8YNqi,active,2025-02-24,2075-02-24,2028-02-24,,,False,,,,0,,[],False,False,[],already_forever,True,"Subscription has no cancel_at, cancel_at_period_end is false, and no schedule is attached.",
sub_1Qw9FzE2kujhweZx5O1gu2iS,cus_RposQ8qEeO3uFe,active,2025-02-24,2075-02-24,2028-02-24,,,False,,,,0,,[],False,False,[],already_forever,True,"Subscription has no cancel_at, cancel_at_period_end is false, and no schedule is attached.",
sub_1Qw9DRE2kujhweZx6vDvfp90,cus_RpoqmmYoGCu7UJ,active,2025-02-24,2075-02-24,2028-02-24,,,False,,,,0,,[],False,False,[],already_forever,True,"Subscription has no cancel_at, cancel_at_period_end is false, and no schedule is attached.",
sub_1Qw99qE2kujhweZxxRPFwTQn,cus_RpomGLHiXkAuEj,active,2025-02-24,2075-02-24,2028-02-24,,,False,,,,0,,[],False,False,[],already_forever,True,"Subscription has no cancel_at, cancel_at_period_end is false, and no schedule is attached.",
sub_1Qw973E2kujhweZxzUiDpCrQ,cus_RpojynOnzTbPxF,active,2025-02-24,2075-02-24,2028-02-24,,,False,,,,0,,[],False,False,[],already_forever,True,"Subscription has no cancel_at, cancel_at_period_end is false, and no schedule is attached.",
sub_1Qw94fE2kujhweZxdeGNsiGX,cus_RpohKXnbQDFTjp,active,2025-02-24,2075-02-24,2028-02-24,,,False,,,,0,,[],False,False,[],already_forever,True,"Subscription has no cancel_at, cancel_at_period_end is false, and no schedule is attached.",
sub_1Qv1o8E2kujhweZx5lfikOHT,cus_Rof7fd071bv3u2,active,2025-02-21,2075-02-21,2028-02-21,,,False,,,,0,,[],False,False,[],already_forever,True,"Subscription has no cancel_at, cancel_at_period_end is false, and no schedule is attached.",
sub_1Qv1kxE2kujhweZxfgx35B8L,cus_Rof3I6h4sYTcvZ,active,2025-02-21,2075-02-21,2028-02-21,,,False,,,,0,,[],False,False,[],already_forever,True,"Subscription has no cancel_at, cancel_at_period_end is false, and no schedule is attached.",
sub_1Qv1eHE2kujhweZxB0uYzvB4,cus_RoevZ0zmrg7Qa4,active,2025-02-21,2075-02-21,2028-02-21,,,False,,,,0,,[],False,False,[],already_forever,True,"Subscription has no cancel_at, cancel_at_period_end is false, and no schedule is attached.",
sub_1Qv1YlE2kujhweZxrDTwK8BY,cus_RoeqJsUt0VXI6l,active,2025-02-21,2075-02-21,2028-02-21,,,False,,,,0,,[],False,False,[],already_forever,True,"Subscription has no cancel_at, cancel_at_period_end is false, and no schedule is attached.",
sub_1Qv1NIE2kujhweZxLMBoq2jX,cus_RoegA5aaIP2gB6,active,2025-02-21,2075-02-21,2028-02-21,,,False,,,,0,,[],False,False,[],already_forever,True,"Subscription has no cancel_at, cancel_at_period_end is false, and no schedule is attached.",
sub_1Qv1LAE2kujhweZxLREp7Yxr,cus_Roedqt0lhiZ6wo,active,2025-02-21,2075-02-21,2028-02-21,,,False,,,,0,,[],False,False,[],already_forever,True,"Subscription has no cancel_at, cancel_at_period_end is false, and no schedule is attached.",
sub_1Qv1IgE2kujhweZx6QuvIm78,cus_RoebUP7ORiaBqa,active,2025-02-21,2075-02-21,2028-02-21,,,False,,,,0,,[],False,False,[],already_forever,True,"Subscription has no cancel_at, cancel_at_period_end is false, and no schedule is attached.",
sub_1QrhjHE2kujhweZx8dCOMFB3,cus_QkGgCrEeROCQW4,active,2024-08-28,2074-08-28,2027-08-28,,,False,,,,0,,[],False,False,[],already_forever,True,"Subscription has no cancel_at, cancel_at_period_end is false, and no schedule is attached.",
sub_1QrLcsE2kujhweZxAbqa9zoT,cus_RkrJbgBKKqR9E9,active,2025-02-11,2075-02-11,2028-02-11,,,False,,,,0,,[],False,False,[],already_forever,True,"Subscription has no cancel_at, cancel_at_period_end is false, and no schedule is attached.",
sub_1QoVEaE2kujhweZxefltrNGD,cus_Rhv34dkw59MYyH,active,2025-02-03,2075-02-03,2028-02-03,,,False,,,,0,,[],False,False,[],already_forever,True,"Subscription has no cancel_at, cancel_at_period_end is false, and no schedule is attached.",
sub_1QoVBRE2kujhweZxoFedNGUm,cus_Rhv0axP5sBCJiv,active,2025-02-03,2075-02-03,2028-02-03,,,False,,,,0,,[],False,False,[],already_forever,True,"Subscription has no cancel_at, cancel_at_period_end is false, and no schedule is attached.",
sub_1QoUtyE2kujhweZxIJLcdC0W,cus_Rhuh14UYeSWJg5,active,2025-02-03,2075-02-03,2028-02-03,,,False,,,,0,,[],False,False,[],already_forever,True,"Subscription has no cancel_at, cancel_at_period_end is false, and no schedule is attached.",
sub_1QoUq2E2kujhweZxeDlCgTCR,cus_Rhue1BlKTDZkKN,active,2025-02-03,2075-02-03,2028-02-03,,,False,,,,0,,[],False,False,[],already_forever,True,"Subscription has no cancel_at, cancel_at_period_end is false, and no schedule is attached.",
sub_1Qlve7E2kujhweZxNdbJwPHB,cus_RfG9qhkrwXydPQ,active,2025-01-27,2075-01-27,2028-01-27,,,False,,,,0,,[],False,False,[],already_forever,True,"Subscription has no cancel_at, cancel_at_period_end is false, and no schedule is attached.",
sub_1QlvaxE2kujhweZxmrEbIngd,cus_RfG6PjLBz8n2L3,active,2025-01-27,2075-01-27,2028-01-27,,,False,,,,0,,[],False,False,[],already_forever,True,"Subscription has no cancel_at, cancel_at_period_end is false, and no schedule is attached.",
sub_1QlvUcE2kujhweZxOzInMeXn,cus_RfG0if01m1oJ1n,active,2025-01-27,2075-01-27,2028-01-27,,,False,,,,0,,[],False,False,[],already_forever,True,"Subscription has no cancel_at, cancel_at_period_end is false, and no schedule is attached.",
sub_1QjSvBE2kujhweZxQOtj5PwW,cus_RKMUSwyESXRk1e,active,2024-12-02,2074-12-02,2027-12-02,,,False,,,,0,,[],False,False,[],already_forever,True,"Subscription has no cancel_at, cancel_at_period_end is false, and no schedule is attached.",
sub_1QjRo2E2kujhweZxj8H3cImc,cus_RchCjdxQdtx7xH,active,2025-01-20,2075-01-20,2028-01-20,,,False,,,,0,,[],False,False,[],already_forever,True,"Subscription has no cancel_at, cancel_at_period_end is false, and no schedule is attached.",
sub_1QjRloE2kujhweZxX6SPmI1a,cus_Rch9jgkC1D0UwJ,active,2025-01-20,2075-01-20,2028-01-20,,,False,,,,0,,[],False,False,[],already_forever,True,"Subscription has no cancel_at, cancel_at_period_end is false, and no schedule is attached.",
sub_1QjRiQE2kujhweZxM0b8KuXg,cus_Rch5q1NzNUnO6b,active,2025-01-20,2075-01-20,2028-01-20,,,False,,,,0,,[],False,False,[],already_forever,True,"Subscription has no cancel_at, cancel_at_period_end is false, and no schedule is attached.",
sub_1QjRf0E2kujhweZxjRyj00jg,cus_RcgaHo2WO4w4Df,active,2025-01-20,2075-01-20,2028-01-20,,,False,,,,0,,[],False,False,[],already_forever,True,"Subscription has no cancel_at, cancel_at_period_end is false, and no schedule is attached.",
sub_1QhlBjE2kujhweZxfFyEKcdW,cus_R2fhs5XdfAMQxa,active,2024-10-16,2074-10-16,2027-10-16,,,False,,,,0,,[],False,False,[],already_forever,True,"Subscription has no cancel_at, cancel_at_period_end is false, and no schedule is attached.",
sub_1QZJR9E2kujhweZxZqtJlZyF,cus_RSDsNQaQjWAB8C,active,2024-12-23,2074-12-23,2027-12-23,,,False,,,,0,,[],False,False,[],already_forever,True,"Subscription has no cancel_at, cancel_at_period_end is false, and no schedule is attached.",
sub_1QZJOyE2kujhweZxC4UZICwl,cus_RSDqvklqm1QppS,active,2024-12-23,2074-12-23,2027-12-23,,,False,,,,0,,[],False,False,[],already_forever,True,"Subscription has no cancel_at, cancel_at_period_end is false, and no schedule is attached.",
sub_1QZJLPE2kujhweZx7yduk8RQ,cus_RSDmT1TvlM0rS2,active,2024-12-23,2074-12-23,2027-12-23,,,False,,,,0,,[],False,False,[],already_forever,True,"Subscription has no cancel_at, cancel_at_period_end is false, and no schedule is attached.",
sub_1QZJFWE2kujhweZxGt8i7KxE,cus_RSDg3iJJV2uGjE,active,2024-12-23,2074-12-23,2027-12-23,,,False,,,,0,,[],False,False,[],already_forever,True,"Subscription has no cancel_at, cancel_at_period_end is false, and no schedule is attached.",
sub_1QZJCeE2kujhweZxpJtwuRYj,cus_RSDdFRSfHTu4mr,active,2024-12-23,2074-12-23,2027-12-23,,,False,,,,0,,[],False,False,[],already_forever,True,"Subscription has no cancel_at, cancel_at_period_end is false, and no schedule is attached.",
sub_1QZJ7pE2kujhweZxQrBh1xQy,cus_RSDYjHTFQ0ysoD,active,2024-12-23,2074-12-23,2027-12-23,,,False,,,,0,,[],False,False,[],already_forever,True,"Subscription has no cancel_at, cancel_at_period_end is false, and no schedule is attached.",
sub_1QXsOTE2kujhweZxoDx1x4ji,cus_RQjrT7ajPUGZUT,active,2024-12-19,2074-12-19,2027-12-19,,,False,,,,0,,[],False,False,[],already_forever,True,"Subscription has no cancel_at, cancel_at_period_end is false, and no schedule is attached.",
sub_1QXsMQE2kujhweZxoOAognv6,cus_RQjpj6jRNV3Wco,active,2024-12-19,2074-12-19,2027-12-19,,,False,,,,0,,[],False,False,[],already_forever,True,"Subscription has no cancel_at, cancel_at_period_end is false, and no schedule is attached.",
sub_1QXsKRE2kujhweZxFz3ecKam,cus_RQjmwX78BjEsIq,active,2024-12-19,2074-12-19,2027-12-19,,,False,,,,0,,[],False,False,[],already_forever,True,"Subscription has no cancel_at, cancel_at_period_end is false, and no schedule is attached.",
sub_1QXsHaE2kujhweZxl1XeGpja,cus_RQjkLp5xkOL6kS,active,2024-12-19,2074-12-19,2027-12-19,,,False,,,,0,,[],False,False,[],already_forever,True,"Subscription has no cancel_at, cancel_at_period_end is false, and no schedule is attached.",
sub_1QXsEDE2kujhweZxrELhIkp9,cus_RQjgORudsGXnoo,active,2024-12-19,2074-12-19,2027-12-19,,,False,,,,0,,[],False,False,[],already_forever,True,"Subscription has no cancel_at, cancel_at_period_end is false, and no schedule is attached.",
sub_1QUEeRE2kujhweZxv07u1GbI,cus_RMybLmq6zQBu0J,active,2024-12-09,2074-12-09,2027-12-09,,,False,,,,0,,[],False,False,[],already_forever,True,"Subscription has no cancel_at, cancel_at_period_end is false, and no schedule is attached.",
sub_1QUEbRE2kujhweZxtBSgYjsR,cus_RMyX3Xs6yDA8aN,active,2024-12-09,2074-12-09,2027-12-09,,,False,,,,0,,[],False,False,[],already_forever,True,"Subscription has no cancel_at, cancel_at_period_end is false, and no schedule is attached.",
sub_1QUEXuE2kujhweZxcbgLSKzl,cus_RMyUwZfVsnM4pj,active,2024-12-09,2074-12-09,2027-12-09,,,False,,,,0,,[],False,False,[],already_forever,True,"Subscription has no cancel_at, cancel_at_period_end is false, and no schedule is attached.",
sub_1QUEUtE2kujhweZxBJtZ5or6,cus_RMyQ8vrxYgWZGp,active,2024-12-09,2074-12-09,2027-12-09,,,False,,,,0,,[],False,False,[],already_forever,True,"Subscription has no cancel_at, cancel_at_period_end is false, and no schedule is attached.",
sub_1QUERME2kujhweZxf0CIkYiU,cus_RMyN96V0twSf3r,active,2024-12-09,2074-12-09,2027-12-09,,,False,,,,0,,[],False,False,[],already_forever,True,"Subscription has no cancel_at, cancel_at_period_end is false, and no schedule is attached.",
sub_1QRhw6E2kujhweZxOkpS3RXt,cus_RKMe8Dm9HC3Ygm,active,2024-12-02,2074-12-02,2027-12-02,,,False,,,,0,,[],False,False,[],already_forever,True,"Subscription has no cancel_at, cancel_at_period_end is false, and no schedule is attached.",
sub_1QRht2E2kujhweZxsNipVcls,cus_RKMbaRIB77WeLY,active,2024-12-02,2074-12-02,2027-12-02,,,False,,,,0,,[],False,False,[],already_forever,True,"Subscription has no cancel_at, cancel_at_period_end is false, and no schedule is attached.",
sub_1QRhpdE2kujhweZxYrN6DrBk,cus_RKMY8aivxXV40L,active,2024-12-02,2074-12-02,2027-12-02,,,False,,,,0,,[],False,False,[],already_forever,True,"Subscription has no cancel_at, cancel_at_period_end is false, and no schedule is attached.",
sub_1QRhjjE2kujhweZxJ9oEhipe,cus_RKMRKCre3YXgtB,active,2024-12-02,2074-12-02,2027-12-02,,,False,,,,0,,[],False,False,[],already_forever,True,"Subscription has no cancel_at, cancel_at_period_end is false, and no schedule is attached.",
sub_1QRhc1E2kujhweZx9lSWawxE,cus_RKMJoQB6cGXSee,active,2024-12-02,2074-12-02,2027-12-02,,,False,,,,0,,[],False,False,[],already_forever,True,"Subscription has no cancel_at, cancel_at_period_end is false, and no schedule is attached.",
sub_1QRhZ1E2kujhweZxrhDQghGJ,cus_RKMGUvh1M14B4n,active,2024-12-02,2074-12-02,2027-12-02,,,False,,,,0,,[],False,False,[],already_forever,True,"Subscription has no cancel_at, cancel_at_period_end is false, and no schedule is attached.",
sub_1QRhWWE2kujhweZxJPMeInwJ,cus_RKMEzSsdKOPvky,active,2024-12-02,2074-12-02,2027-12-02,,,False,,,,0,,[],False,False,[],already_forever,True,"Subscription has no cancel_at, cancel_at_period_end is false, and no schedule is attached.",
sub_1QRhTQE2kujhweZxTWE3XSJe,cus_RKMBrocvAu6lCZ,active,2024-12-02,2074-12-02,2027-12-02,,,False,,,,0,,[],False,False,[],already_forever,True,"Subscription has no cancel_at, cancel_at_period_end is false, and no schedule is attached.",
sub_1QRhQEE2kujhweZxhqFzGPOW,cus_RKM6JqzKEnFDHi,active,2024-12-02,2074-12-02,2027-12-02,,,False,,,,0,,[],False,False,[],already_forever,True,"Subscription has no cancel_at, cancel_at_period_end is false, and no schedule is attached.",
sub_1QP4L6E2kujhweZxuIvegakh,cus_RHdbrkHfOiLe5R,active,2024-11-25,2074-11-25,2027-11-25,,,False,,,,0,,[],False,False,[],already_forever,True,"Subscription has no cancel_at, cancel_at_period_end is false, and no schedule is attached.",
sub_1QP4IaE2kujhweZxxQvPP4Up,cus_RHdYmD9KGzrAM7,active,2024-11-25,2074-11-25,2027-11-25,,,False,,,,0,,[],False,False,[],already_forever,True,"Subscription has no cancel_at, cancel_at_period_end is false, and no schedule is attached.",
sub_1QP4FeE2kujhweZxysMCODCX,cus_RHdVTSNRIibLtF,active,2024-11-25,2074-11-25,2027-11-25,,,False,,,,0,,[],False,False,[],already_forever,True,"Subscription has no cancel_at, cancel_at_period_end is false, and no schedule is attached.",
sub_1QP4CDE2kujhweZxG5U0Jjk3,cus_RHdSVKMumrsisj,active,2024-11-25,2074-11-25,2027-11-25,,,False,,,,0,,[],False,False,[],already_forever,True,"Subscription has no cancel_at, cancel_at_period_end is false, and no schedule is attached.",
sub_1QP480E2kujhweZxXn9WR8DN,cus_RHdNOGOwXUn46A,active,2024-11-25,2074-11-25,2027-11-25,,,False,,,,0,,[],False,False,[],already_forever,True,"Subscription has no cancel_at, cancel_at_period_end is false, and no schedule is attached.",
sub_1QMynTE2kujhweZxQpWHeK50,cus_RFTjtN0uNXjBdR,active,2024-11-19,2074-11-19,2027-11-19,,,False,,,,0,,[],False,False,[],already_forever,True,"Subscription has no cancel_at, cancel_at_period_end is false, and no schedule is attached.",
sub_1QMymuE2kujhweZxhljrr0y9,cus_RFTgXEmYK1wsBa,active,2024-11-19,2074-11-19,2027-11-19,,,False,,,,0,,[],False,False,[],already_forever,True,"Subscription has no cancel_at, cancel_at_period_end is false, and no schedule is attached.",
sub_1QMxwzE2kujhweZxvgyrmqHh,cus_RFSmoRBnvmzed8,active,2024-11-19,2074-11-19,2027-11-19,,,False,,,,0,,[],False,False,[],already_forever,True,"Subscription has no cancel_at, cancel_at_period_end is false, and no schedule is attached.",
sub_1QMxvGE2kujhweZx8QPnPJVo,cus_RFShiGKyJ2rRXZ,active,2024-11-19,2074-11-19,2027-11-19,,,False,,,,0,,[],False,False,[],already_forever,True,"Subscription has no cancel_at, cancel_at_period_end is false, and no schedule is attached.",
sub_1QMxeyE2kujhweZxcxSvJWeh,cus_RFSQoGdn1z9v8i,active,2024-11-19,2074-11-19,2027-11-19,,,False,,,,0,,[],False,False,[],already_forever,True,"Subscription has no cancel_at, cancel_at_period_end is false, and no schedule is attached.",
sub_1QMxHNE2kujhweZxCplRZtyI,cus_RFS6KyZozi8ZiQ,active,2024-11-19,2074-11-19,2027-11-19,,,False,,,,0,,[],False,False,[],already_forever,True,"Subscription has no cancel_at, cancel_at_period_end is false, and no schedule is attached.",
sub_1QMxG3E2kujhweZxPl7RBBxW,cus_RFRzrBqqYeldZ1,active,2024-11-19,2074-11-19,2027-11-19,,,False,,,,0,,[],False,False,[],already_forever,True,"Subscription has no cancel_at, cancel_at_period_end is false, and no schedule is attached.",
sub_1QKolBE2kujhweZxKmVpD31b,cus_QhMs8bFhR0kQFV,active,2024-08-20,2074-08-20,2027-08-20,,,False,,,,0,,[],False,False,[],already_forever,True,"Subscription has no cancel_at, cancel_at_period_end is false, and no schedule is attached.",
sub_1QKoKOE2kujhweZxNQKrKBTy,cus_QPlm9emZfC2aF9,active,2024-07-04,2074-07-04,2027-07-04,,,False,,,,0,,[],False,False,[],already_forever,True,"Subscription has no cancel_at, cancel_at_period_end is false, and no schedule is attached.",
sub_1QK3puE2kujhweZxShIQ5pod,cus_RCSg7b708ABtzs,active,2024-11-11,2074-11-11,2027-11-11,,,False,,,,0,,[],False,False,[],already_forever,True,"Subscription has no cancel_at, cancel_at_period_end is false, and no schedule is attached.",
sub_1QHq9DE2kujhweZxp8YHzn9h,cus_RAAO7jpvXmVwAk,active,2024-11-05,2074-11-05,2027-11-05,,,False,,,,0,,[],False,False,[],already_forever,True,"Subscription has no cancel_at, cancel_at_period_end is false, and no schedule is attached.",
sub_1QHq6eE2kujhweZxzsLAGG2l,cus_RAAK9LkyPPBrLE,active,2024-11-05,2074-11-05,2027-11-05,,,False,,,,0,,[],False,False,[],already_forever,True,"Subscription has no cancel_at, cancel_at_period_end is false, and no schedule is attached.",
sub_1QHq4GE2kujhweZxn602QqLF,cus_RAAHQ6wEChoszl,active,2024-11-05,2074-11-05,2027-11-05,,,False,,,,0,,[],False,False,[],already_forever,True,"Subscription has no cancel_at, cancel_at_period_end is false, and no schedule is attached.",
sub_1QHpv3E2kujhweZxFcMjOqHz,cus_RAACorWrDulPbS,active,2024-11-05,2074-11-05,2027-11-05,,,False,,,,0,,[],False,False,[],already_forever,True,"Subscription has no cancel_at, cancel_at_period_end is false, and no schedule is attached.",
sub_1QFGMyE2kujhweZxEKuQhWMd,cus_R7VNqF4BLJZKEk,active,2024-10-29,2074-10-29,2027-10-29,,,False,,,,0,,[],False,False,[],already_forever,True,"Subscription has no cancel_at, cancel_at_period_end is false, and no schedule is attached.",
sub_1QFGKBE2kujhweZxsMgySQ7d,cus_R7VKxdZioyo9Wj,active,2024-10-29,2074-10-29,2027-10-29,,,False,,,,0,,[],False,False,[],already_forever,True,"Subscription has no cancel_at, cancel_at_period_end is false, and no schedule is attached.",
sub_1QFGHCE2kujhweZx4aNGlAFd,cus_R7VFuuhyKz8nZa,active,2024-10-29,2074-10-29,2027-10-29,,,False,,,,0,,[],False,False,[],already_forever,True,"Subscription has no cancel_at, cancel_at_period_end is false, and no schedule is attached.",
sub_1QFGGWE2kujhweZxX2U2kAK5,cus_R7VDI8KbeKMcUB,active,2024-10-29,2074-10-29,2027-10-29,,,False,,,,0,,[],False,False,[],already_forever,True,"Subscription has no cancel_at, cancel_at_period_end is false, and no schedule is attached.",
sub_1QD5VZE2kujhweZxLqluje9l,cus_R5G0a8ogsB1FC0,active,2024-10-23,2074-10-23,2027-10-23,,,False,,,,0,,[],False,False,[],already_forever,True,"Subscription has no cancel_at, cancel_at_period_end is false, and no schedule is attached.",
sub_1QD5TBE2kujhweZxStRoUkrO,cus_R5FybAfkYyf9pb,active,2024-10-23,2074-10-23,2027-10-23,,,False,,,,0,,[],False,False,[],already_forever,True,"Subscription has no cancel_at, cancel_at_period_end is false, and no schedule is attached.",
sub_1QD5PYE2kujhweZxHULwzBaq,cus_R5FuUUPlLlsWWS,active,2024-10-23,2074-10-23,2027-10-23,,,False,,,,0,,[],False,False,[],already_forever,True,"Subscription has no cancel_at, cancel_at_period_end is false, and no schedule is attached.",
sub_1QD5MqE2kujhweZxqRxswTlB,cus_R5FskB0clO6e8v,active,2024-10-23,2074-10-23,2027-10-23,,,False,,,,0,,[],False,False,[],already_forever,True,"Subscription has no cancel_at, cancel_at_period_end is false, and no schedule is attached.",
sub_1QD5KQE2kujhweZxYjbvVOow,cus_R5FpnaGSFvOYm0,active,2024-10-23,2074-10-23,2027-10-23,,,False,,,,0,,[],False,False,[],already_forever,True,"Subscription has no cancel_at, cancel_at_period_end is false, and no schedule is attached.",
sub_1QBL8GE2kujhweZxagt62gto,cus_R3QUtV8uY9T0MC,active,2024-10-18,2074-10-18,2027-10-18,,,False,,,,0,,[],False,False,[],already_forever,True,"Subscription has no cancel_at, cancel_at_period_end is false, and no schedule is attached.",
sub_1QBL7dE2kujhweZx87fQydtq,cus_R3QRAO8xOC3F06,active,2024-10-18,2074-10-18,2027-10-18,,,False,,,,0,,[],False,False,[],already_forever,True,"Subscription has no cancel_at, cancel_at_period_end is false, and no schedule is attached.",
sub_1QBL6WE2kujhweZxLrTjsOAl,cus_R3QH1pp7XWtQQr,active,2024-10-18,2074-10-18,2027-10-18,,,False,,,,0,,[],False,False,[],already_forever,True,"Subscription has no cancel_at, cancel_at_period_end is false, and no schedule is attached.",
sub_1QBL5WE2kujhweZxweOVvQ2y,cus_R3QEczqNd5p6TX,active,2024-10-18,2074-10-18,2027-10-18,,,False,,,,0,,[],False,False,[],already_forever,True,"Subscription has no cancel_at, cancel_at_period_end is false, and no schedule is attached.",
sub_1QBL4XE2kujhweZxD6jML3vj,cus_R3Q8Sa9drWLNnx,active,2024-10-18,2074-10-18,2027-10-18,,,False,,,,0,,[],False,False,[],already_forever,True,"Subscription has no cancel_at, cancel_at_period_end is false, and no schedule is attached.",
sub_1QAaWOE2kujhweZxpPK38z4n,cus_R2frlMzz3bUYXH,active,2024-10-16,2074-10-16,2027-10-16,,,False,,,,0,,[],False,False,[],already_forever,True,"Subscription has no cancel_at, cancel_at_period_end is false, and no schedule is attached.",
sub_1QAaUUE2kujhweZxGOh0OC2e,cus_R2fpJXd7Lwh5FF,active,2024-10-16,2074-10-16,2027-10-16,,,False,,,,0,,[],False,False,[],already_forever,True,"Subscription has no cancel_at, cancel_at_period_end is false, and no schedule is attached.",
sub_1QAaSmE2kujhweZxlKgImXaD,cus_R2foMs1JklRY0I,active,2024-10-16,2074-10-16,2027-10-16,,,False,,,,0,,[],False,False,[],already_forever,True,"Subscription has no cancel_at, cancel_at_period_end is false, and no schedule is attached.",
sub_1QAaQfE2kujhweZxeYa2wdPx,cus_R2flAUwbzmKfsA,active,2024-10-16,2074-10-16,2027-10-16,,,False,,,,0,,[],False,False,[],already_forever,True,"Subscription has no cancel_at, cancel_at_period_end is false, and no schedule is attached.",
sub_1QAaOhE2kujhweZx8NfB5Tn1,cus_R2fjM3qaHX6UgL,active,2024-10-16,2074-10-16,2027-10-16,,,False,,,,0,,[],False,False,[],already_forever,True,"Subscription has no cancel_at, cancel_at_period_end is false, and no schedule is attached.",
sub_1QAaKlE2kujhweZxeew0KqTt,cus_R2ffRBztGEyxTw,active,2024-10-16,2074-10-16,2027-10-16,,,False,,,,0,,[],False,False,[],already_forever,True,"Subscription has no cancel_at, cancel_at_period_end is false, and no schedule is attached.",
sub_1QAaGUE2kujhweZxH2ZNGBx6,cus_R2fbTXjWHCsvu6,active,2024-10-16,2074-10-16,2027-10-16,,,False,,,,0,,[],False,False,[],already_forever,True,"Subscription has no cancel_at, cancel_at_period_end is false, and no schedule is attached.",
sub_1QAaEIE2kujhweZx4ibsbvNz,cus_R2fYt98B8qi98e,active,2024-10-16,2074-10-16,2027-10-16,,,False,,,,0,,[],False,False,[],already_forever,True,"Subscription has no cancel_at, cancel_at_period_end is false, and no schedule is attached.",
sub_1QAaBeE2kujhweZxG00CFd7N,cus_R2fWcOQPvFtRts,active,2024-10-16,2074-10-16,2027-10-16,,,False,,,,0,,[],False,False,[],already_forever,True,"Subscription has no cancel_at, cancel_at_period_end is false, and no schedule is attached.",
sub_1QAa91E2kujhweZxHZvbBYfD,cus_R2fTC1G2v0dJIG,active,2024-10-16,2074-10-16,2027-10-16,,,False,,,,0,,[],False,False,[],already_forever,True,"Subscription has no cancel_at, cancel_at_period_end is false, and no schedule is attached.",
sub_1QAa6LE2kujhweZxRZ93639L,cus_R2fQUDErJP2R9t,active,2024-10-16,2074-10-16,2027-10-16,,,False,,,,0,,[],False,False,[],already_forever,True,"Subscription has no cancel_at, cancel_at_period_end is false, and no schedule is attached.",
sub_1QAa2jE2kujhweZxZI69iZ2k,cus_R2fMm6MJkokXcL,active,2024-10-16,2074-10-16,2027-10-16,,,False,,,,0,,[],False,False,[],already_forever,True,"Subscription has no cancel_at, cancel_at_period_end is false, and no schedule is attached.",
sub_1PxsucE2kujhweZx7TKz270r,cus_QpY0yM2BtcsLKo,active,2024-09-11,2074-09-11,2027-09-11,,,False,,,,0,,[],False,False,[],already_forever,True,"Subscription has no cancel_at, cancel_at_period_end is false, and no schedule is attached.",
sub_1Pxsr7E2kujhweZx4yOkPQiT,cus_QpXwl8LxX7sDd4,active,2024-09-11,2074-09-11,2027-09-11,,,False,,,,0,,[],False,False,[],already_forever,True,"Subscription has no cancel_at, cancel_at_period_end is false, and no schedule is attached.",
sub_1PxsjeE2kujhweZxpu62QQO0,cus_QpXoJagb5m7T9h,active,2024-09-11,2074-09-11,2027-09-11,,,False,,,,0,,[],False,False,[],already_forever,True,"Subscription has no cancel_at, cancel_at_period_end is false, and no schedule is attached.",
sub_1PxsfnE2kujhweZxCn27qh8F,cus_QpXjKTX9v1HXy4,active,2024-09-11,2074-09-11,2027-09-11,,,False,,,,0,,[],False,False,[],already_forever,True,"Subscription has no cancel_at, cancel_at_period_end is false, and no schedule is attached.",
sub_1PxsaQE2kujhweZxwqDk02EV,cus_QpXehw7ZXy3sQL,active,2024-09-11,2074-09-11,2027-09-11,,,False,,,,0,,[],False,False,[],already_forever,True,"Subscription has no cancel_at, cancel_at_period_end is false, and no schedule is attached.",
sub_1PxsMXE2kujhweZxxEDrLF6J,cus_QpXP5phhVtcpZ7,active,2024-09-11,2074-09-11,2027-09-11,,,False,,,,0,,[],False,False,[],already_forever,True,"Subscription has no cancel_at, cancel_at_period_end is false, and no schedule is attached.",
sub_1PvLX5E2kujhweZxQgwbYY5K,cus_QmvNVTr8WE280F,active,2024-09-04,2074-09-04,2027-09-04,,,False,,,,0,,[],False,False,[],already_forever,True,"Subscription has no cancel_at, cancel_at_period_end is false, and no schedule is attached.",
sub_1PvLUuE2kujhweZxPFCTZK3P,cus_QmvKRLiiXHcdQb,active,2024-09-04,2074-09-04,2027-09-04,,,False,,,,0,,[],False,False,[],already_forever,True,"Subscription has no cancel_at, cancel_at_period_end is false, and no schedule is attached.",
sub_1PvLQaE2kujhweZxQKCSxaSe,cus_QmvGlSWlSobLFs,active,2024-09-04,2074-09-04,2027-09-04,,,False,,,,0,,[],False,False,[],already_forever,True,"Subscription has no cancel_at, cancel_at_period_end is false, and no schedule is attached.",
sub_1PvLNgE2kujhweZx3jFgP3hV,cus_QmvCjOogrzT3uJ,active,2024-09-04,2074-09-04,2027-09-04,,,False,,,,0,,[],False,False,[],already_forever,True,"Subscription has no cancel_at, cancel_at_period_end is false, and no schedule is attached.",
sub_1PvLJ9E2kujhweZxPDQ15Myn,cus_Qmv8hfX49rqj0V,active,2024-09-04,2074-09-04,2027-09-04,,,False,,,,0,,[],False,False,[],already_forever,True,"Subscription has no cancel_at, cancel_at_period_end is false, and no schedule is attached.",
sub_1PsmD6E2kujhweZxcfOoBkN6,cus_QkGk6oka9m7qsK,active,2024-08-28,2074-08-28,2027-08-28,,,False,,,,0,,[],False,False,[],already_forever,True,"Subscription has no cancel_at, cancel_at_period_end is false, and no schedule is attached.",
sub_1Psm6tE2kujhweZxFheEHrZs,cus_QkGdsjRMElJ2aw,active,2024-08-28,2074-08-28,2027-08-28,,,False,,,,0,,[],False,False,[],already_forever,True,"Subscription has no cancel_at, cancel_at_period_end is false, and no schedule is attached.",
sub_1Psm4PE2kujhweZxkbGmvsWk,cus_QkGaSmiGpIGGth,active,2024-08-28,2074-08-28,2027-08-28,,,False,,,,0,,[],False,False,[],already_forever,True,"Subscription has no cancel_at, cancel_at_period_end is false, and no schedule is attached.",
sub_1Psm18E2kujhweZxYbrqNoqN,cus_QkGXXn2Jh5AWVr,active,2024-08-28,2074-08-28,2027-08-28,,,False,,,,0,,[],False,False,[],already_forever,True,"Subscription has no cancel_at, cancel_at_period_end is false, and no schedule is attached.",
sub_1PpyHNE2kujhweZxvVoT1spM,cus_QhN0cnmPSCwmnm,active,2024-08-20,2074-08-20,2027-08-20,,,False,,,,0,,[],False,False,[],already_forever,True,"Subscription has no cancel_at, cancel_at_period_end is false, and no schedule is attached.",
sub_1Ppy5iE2kujhweZxXFgOs0Rf,cus_QhMoPIdUFwMFqs,active,2024-08-20,2074-08-20,2027-08-20,,,False,,,,0,,[],False,False,[],already_forever,True,"Subscription has no cancel_at, cancel_at_period_end is false, and no schedule is attached.",
sub_1PnnrQE2kujhweZxK76ZIIy2,cus_Qf86bBx53oLVvT,active,2024-08-14,2074-08-14,2027-08-14,,,False,,,,0,,[],False,False,[],already_forever,True,"Subscription has no cancel_at, cancel_at_period_end is false, and no schedule is attached.",
sub_1PlBPwE2kujhweZxY9HNhFCq,cus_QcQ9vM7FlNWmH8,active,2024-08-07,2074-08-07,2027-08-07,,,False,,,,0,,[],False,False,[],already_forever,True,"Subscription has no cancel_at, cancel_at_period_end is false, and no schedule is attached.",
sub_1PlBOrE2kujhweZxSrlPSg8W,cus_QcQ6V1jV8vFFls,active,2024-08-07,2074-08-07,2027-08-07,,,False,,,,0,,[],False,False,[],already_forever,True,"Subscription has no cancel_at, cancel_at_period_end is false, and no schedule is attached.",
sub_1PlBOME2kujhweZxQRg14gZ0,cus_QcQ31zqa23iKmp,active,2024-08-07,2074-08-07,2027-08-07,,,False,,,,0,,[],False,False,[],already_forever,True,"Subscription has no cancel_at, cancel_at_period_end is false, and no schedule is attached.",
sub_1PlBNUE2kujhweZxSDjW0n4C,cus_QcPxWvMQHVPgga,active,2024-08-07,2074-08-07,2027-08-07,,,False,,,,0,,[],False,False,[],already_forever,True,"Subscription has no cancel_at, cancel_at_period_end is false, and no schedule is attached.",
sub_1PizIwE2kujhweZxWQxarcpc,cus_QZmRHDLySswwdF,active,2024-07-31,2074-07-31,2027-07-31,,,False,,,,0,,[],False,False,[],already_forever,True,"Subscription has no cancel_at, cancel_at_period_end is false, and no schedule is attached.",
sub_1PizHsE2kujhweZxY5Ol6uPQ,cus_QZmToVaUu1byXi,active,2024-07-31,2074-07-31,2027-07-31,,,False,,,,0,,[],False,False,[],already_forever,True,"Subscription has no cancel_at, cancel_at_period_end is false, and no schedule is attached.",
sub_1PizG6E2kujhweZxiwghjW2p,cus_QZmYG0lndwNCPH,active,2024-07-31,2074-07-31,2027-07-31,,,False,,,,0,,[],False,False,[],already_forever,True,"Subscription has no cancel_at, cancel_at_period_end is false, and no schedule is attached.",
sub_1PizF1E2kujhweZx4OF9rque,cus_QZmZjdQTsTkYUC,active,2024-07-31,2074-07-31,2027-07-31,,,False,,,,0,,[],False,False,[],already_forever,True,"Subscription has no cancel_at, cancel_at_period_end is false, and no schedule is attached.",
sub_1PizEOE2kujhweZxNW6RVpVi,cus_QZmcrAQj5vhz7w,active,2024-07-31,2074-07-31,2027-07-31,,,False,,,,0,,[],False,False,[],already_forever,True,"Subscription has no cancel_at, cancel_at_period_end is false, and no schedule is attached.",
sub_1PizDeE2kujhweZxMSTnjxfY,cus_QZmeky4mTnAh1H,active,2024-07-31,2074-07-31,2027-07-31,,,False,,,,0,,[],False,False,[],already_forever,True,"Subscription has no cancel_at, cancel_at_period_end is false, and no schedule is attached.",
sub_1PizCuE2kujhweZxECnTaK8J,cus_QZmgOsW9ZjKKrE,active,2024-07-31,2074-07-31,2027-07-31,,,False,,,,0,,[],False,False,[],already_forever,True,"Subscription has no cancel_at, cancel_at_period_end is false, and no schedule is attached.",
sub_1PfOORE2kujhweZxNIScN0Ps,cus_QWR5NMDwvYCGHv,active,2024-07-22,2074-07-22,2027-07-22,,,False,,,,0,,[],False,False,[],already_forever,True,"Subscription has no cancel_at, cancel_at_period_end is false, and no schedule is attached.",
sub_1PfONhE2kujhweZx3ZSbg5sv,cus_QWR2WgR4QpW2Xh,active,2024-07-22,2074-07-22,2027-07-22,,,False,,,,0,,[],False,False,[],already_forever,True,"Subscription has no cancel_at, cancel_at_period_end is false, and no schedule is attached.",
sub_1PfOMTE2kujhweZx2l2qLPkM,cus_QWR0yXlBx6zIlh,active,2024-07-22,2074-07-22,2027-07-22,,,False,,,,0,,[],False,False,[],already_forever,True,"Subscription has no cancel_at, cancel_at_period_end is false, and no schedule is attached.",
sub_1PfOLyE2kujhweZxj1Vwxi2F,cus_QWQwUOrkbAcl4j,active,2024-07-22,2074-07-22,2027-07-22,,,False,,,,0,,[],False,False,[],already_forever,True,"Subscription has no cancel_at, cancel_at_period_end is false, and no schedule is attached.",
sub_1PfOLIE2kujhweZxa9btPpU4,cus_QWQtjQnorOhJOv,active,2024-07-22,2074-07-22,2027-07-22,,,False,,,,0,,[],False,False,[],already_forever,True,"Subscription has no cancel_at, cancel_at_period_end is false, and no schedule is attached.",
sub_1PfOKQE2kujhweZxqyUw9tZo,cus_QWQpEutlK8klaX,active,2024-07-22,2074-07-22,2027-07-22,,,False,,,,0,,[],False,False,[],already_forever,True,"Subscription has no cancel_at, cancel_at_period_end is false, and no schedule is attached.",
sub_1PfOJME2kujhweZx7CYf4dEt,cus_QWQmtOVX0LhEiq,active,2024-07-22,2074-07-22,2027-07-22,,,False,,,,0,,[],False,False,[],already_forever,True,"Subscription has no cancel_at, cancel_at_period_end is false, and no schedule is attached.",
sub_1PfOIKE2kujhweZxjfJcpFRk,cus_QWQkOao1DgNMwr,active,2024-07-22,2074-07-22,2027-07-22,,,False,,,,0,,[],False,False,[],already_forever,True,"Subscription has no cancel_at, cancel_at_period_end is false, and no schedule is attached.",
sub_1PfOHNE2kujhweZxuk3zOXxF,cus_QWQgFOrurIZ0xL,active,2024-07-22,2074-07-22,2027-07-22,,,False,,,,0,,[],False,False,[],already_forever,True,"Subscription has no cancel_at, cancel_at_period_end is false, and no schedule is attached.",
sub_1PbTJSE2kujhweZxD1jssPrH,cus_QRarYOCUWfT01d,active,2024-07-09,2074-07-09,2027-07-09,,,False,,,,0,,[],False,False,[],already_forever,True,"Subscription has no cancel_at, cancel_at_period_end is false, and no schedule is attached.",
sub_1PbTIwE2kujhweZxEHXmMWPf,cus_QRaohbnumHYYDS,active,2024-07-09,2074-07-09,2027-07-09,,,False,,,,0,,[],False,False,[],already_forever,True,"Subscription has no cancel_at, cancel_at_period_end is false, and no schedule is attached.",
sub_1PbTGME2kujhweZxsBzSpdXA,cus_QPliPoGmMVnl1U,active,2024-07-04,2074-07-04,2027-07-04,,,False,,,,0,,[],False,False,[],already_forever,True,"Subscription has no cancel_at, cancel_at_period_end is false, and no schedule is attached.",
sub_1PbTFfE2kujhweZxvwcNESrc,cus_QPlgw1i3HecxJa,active,2024-07-04,2074-07-04,2027-07-04,,,False,,,,0,,[],False,False,[],already_forever,True,"Subscription has no cancel_at, cancel_at_period_end is false, and no schedule is attached.",
sub_1PbTCVE2kujhweZxf9YTLAVZ,cus_QPldxUZg5bnwBl,active,2024-07-04,2074-07-04,2027-07-04,,,False,,,,0,,[],False,False,[],already_forever,True,"Subscription has no cancel_at, cancel_at_period_end is false, and no schedule is attached.",
sub_1PY7MyE2kujhweZxWBAmzpHU,cus_QMfqMlmiMWyjv1,active,2024-06-26,2074-06-26,2027-06-26,,,False,,,,0,,[],False,False,[],already_forever,True,"Subscription has no cancel_at, cancel_at_period_end is false, and no schedule is attached.",
sub_1PY7MQE2kujhweZxuITBOIUJ,cus_QMfoJ5AgatBnpH,active,2024-06-26,2074-06-26,2027-06-26,,,False,,,,0,,[],False,False,[],already_forever,True,"Subscription has no cancel_at, cancel_at_period_end is false, and no schedule is attached.",
sub_1PY7LhE2kujhweZxdPFQbCzt,cus_QMfnsNjtUsMxwT,active,2024-06-26,2074-06-26,2027-06-26,,,False,,,,0,,[],False,False,[],already_forever,True,"Subscription has no cancel_at, cancel_at_period_end is false, and no schedule is attached.",
sub_1PY7L5E2kujhweZxIgquV4ue,cus_QMfkWzBpL3H36G,active,2024-06-26,2074-06-26,2027-06-26,,,False,,,,0,,[],False,False,[],already_forever,True,"Subscription has no cancel_at, cancel_at_period_end is false, and no schedule is attached.",
sub_1PY7KSE2kujhweZxosRjXB3h,cus_QMfinGYxbBD903,active,2024-06-26,2074-06-26,2027-06-26,,,False,,,,0,,[],False,False,[],already_forever,True,"Subscription has no cancel_at, cancel_at_period_end is false, and no schedule is attached.",
sub_1PY7JyE2kujhweZx93HWYfuR,cus_QMfh1UAblrHtOn,active,2024-06-26,2074-06-26,2027-06-26,,,False,,,,0,,[],False,False,[],already_forever,True,"Subscription has no cancel_at, cancel_at_period_end is false, and no schedule is attached.",
sub_1PY7JXE2kujhweZxhTo07qej,cus_QMffyWfIdG8Ue3,active,2024-06-26,2074-06-26,2027-06-26,,,False,,,,0,,[],False,False,[],already_forever,True,"Subscription has no cancel_at, cancel_at_period_end is false, and no schedule is attached.",
sub_1PY7IzE2kujhweZxphHNDOfA,cus_QMfdhSfaGNWA6Z,active,2024-06-26,2074-06-26,2027-06-26,,,False,,,,0,,[],False,False,[],already_forever,True,"Subscription has no cancel_at, cancel_at_period_end is false, and no schedule is attached.",
sub_1PY7IaE2kujhweZxcckYrosj,cus_QMfaFsQxnlW9Li,active,2024-06-26,2074-06-26,2027-06-26,,,False,,,,0,,[],False,False,[],already_forever,True,"Subscription has no cancel_at, cancel_at_period_end is false, and no schedule is attached.",
sub_1PY7I9E2kujhweZxkJr946w6,cus_QMfXYbr7EVPWaP,active,2024-06-26,2074-06-26,2027-06-26,,,False,,,,0,,[],False,False,[],already_forever,True,"Subscription has no cancel_at, cancel_at_period_end is false, and no schedule is attached.",
sub_1PY7HmE2kujhweZxa15gzFzM,cus_QMfVUyA5UOKS2Q,active,2024-06-26,2074-06-26,2027-06-26,,,False,,,,0,,[],False,False,[],already_forever,True,"Subscription has no cancel_at, cancel_at_period_end is false, and no schedule is attached.",
sub_1PY7HKE2kujhweZxxyc1GRi5,cus_QMfTg9EQ9FlSlx,active,2024-06-26,2074-06-26,2027-06-26,,,False,,,,0,,[],False,False,[],already_forever,True,"Subscription has no cancel_at, cancel_at_period_end is false, and no schedule is attached.",
sub_1PY7GqE2kujhweZxLxkqF2kB,cus_QMfRtvjNjhnKN3,active,2024-06-26,2074-06-26,2027-06-26,,,False,,,,0,,[],False,False,[],already_forever,True,"Subscription has no cancel_at, cancel_at_period_end is false, and no schedule is attached.",
sub_1PY7DvE2kujhweZxjM6gSE2m,cus_QMfPTgKk1P3QJJ,active,2024-06-26,2074-06-26,2027-06-26,,,False,,,,0,,[],False,False,[],already_forever,True,"Subscription has no cancel_at, cancel_at_period_end is false, and no schedule is attached.",
sub_1PY7C7E2kujhweZxQlBl8Qfo,cus_QMfMiG70jtzeHM,active,2024-06-26,2074-06-26,2027-06-26,,,False,,,,0,,[],False,False,[],already_forever,True,"Subscription has no cancel_at, cancel_at_period_end is false, and no schedule is attached.",
sub_1PY7ACE2kujhweZx0XM88nj1,cus_QMfFsCRUJGXjll,active,2024-06-26,2074-06-26,2027-06-26,,,False,,,,0,,[],False,False,[],already_forever,True,"Subscription has no cancel_at, cancel_at_period_end is false, and no schedule is attached.",
sub_1PY79jE2kujhweZxiExvPRhM,cus_QMfC3a75j3QxC0,active,2024-06-26,2074-06-26,2027-06-26,,,False,,,,0,,[],False,False,[],already_forever,True,"Subscription has no cancel_at, cancel_at_period_end is false, and no schedule is attached.",
sub_1PY79AE2kujhweZxowEUqcbI,cus_QMfATtYolm66vh,active,2024-06-26,2074-06-26,2027-06-26,,,False,,,,0,,[],False,False,[],already_forever,True,"Subscription has no cancel_at, cancel_at_period_end is false, and no schedule is attached.",
sub_1PY78NE2kujhweZxh52Wr11b,cus_QMf7k4lCWFoR56,active,2024-06-26,2074-06-26,2027-06-26,,,False,,,,0,,[],False,False,[],already_forever,True,"Subscription has no cancel_at, cancel_at_period_end is false, and no schedule is attached.",
sub_1PY77kE2kujhweZxC52AxFXK,cus_QMf3D63kNbmuTN,active,2024-06-26,2074-06-26,2027-06-26,,,False,,,,0,,[],False,False,[],already_forever,True,"Subscription has no cancel_at, cancel_at_period_end is false, and no schedule is attached.",
sub_1PY77CE2kujhweZxYQDDNVHr,cus_QMezzSE6vQn1uL,active,2024-06-26,2074-06-26,2027-06-26,,,False,,,,0,,[],False,False,[],already_forever,True,"Subscription has no cancel_at, cancel_at_period_end is false, and no schedule is attached.",
sub_1PY76iE2kujhweZxUmZOzxuX,cus_QMexjDTaVgUMrl,active,2024-06-26,2074-06-26,2027-06-26,,,False,,,,0,,[],False,False,[],already_forever,True,"Subscription has no cancel_at, cancel_at_period_end is false, and no schedule is attached.",
sub_1PY75JE2kujhweZxHLELiLDe,cus_QMevt3Uv7mEmYI,active,2024-06-26,2074-06-26,2027-06-26,,,False,,,,0,,[],False,False,[],already_forever,True,"Subscription has no cancel_at, cancel_at_period_end is false, and no schedule is attached.",
sub_1PY73hE2kujhweZxNLai92YW,cus_QMenP1mnrzi0AK,active,2024-06-26,2074-06-26,2027-06-26,,,False,,,,0,,[],False,False,[],already_forever,True,"Subscription has no cancel_at, cancel_at_period_end is false, and no schedule is attached.",
sub_1PY72qE2kujhweZx8r6ILCbn,cus_QMPSpCNfVJFwXM,active,2024-06-25,2074-06-25,2027-06-25,,,False,,,,0,,[],False,False,[],already_forever,True,"Subscription has no cancel_at, cancel_at_period_end is false, and no schedule is attached.",
sub_1PY725E2kujhweZxOxZtPfqy,cus_QMPOXrHGwtrBfa,active,2024-06-25,2074-06-25,2027-06-25,,,False,,,,0,,[],False,False,[],already_forever,True,"Subscription has no cancel_at, cancel_at_period_end is false, and no schedule is attached.",
sub_1PY6zvE2kujhweZxieH3cehf,cus_QMPKq8wqyOxCs6,active,2024-06-25,2074-06-25,2027-06-25,,,False,,,,0,,[],False,False,[],already_forever,True,"Subscription has no cancel_at, cancel_at_period_end is false, and no schedule is attached.",
sub_1PY6zEE2kujhweZxvW7Nvn4r,cus_QMPHVIxvUh6hcr,active,2024-06-25,2074-06-25,2027-06-25,,,False,,,,0,,[],False,False,[],already_forever,True,"Subscription has no cancel_at, cancel_at_period_end is false, and no schedule is attached.",
sub_1PY6yGE2kujhweZxoO64S6bw,cus_QMPFpKqbaRWhLT,active,2024-06-25,2074-06-25,2027-06-25,,,False,,,,0,,[],False,False,[],already_forever,True,"Subscription has no cancel_at, cancel_at_period_end is false, and no schedule is attached.",
sub_1PY6v1E2kujhweZxeaJYzMuV,cus_QMPDC0lOyZs0n6,active,2024-06-25,2074-06-25,2027-06-25,,,False,,,,0,,[],False,False,[],already_forever,True,"Subscription has no cancel_at, cancel_at_period_end is false, and no schedule is attached.",
sub_1PY6szE2kujhweZxW51auwEh,cus_QMP190Qcd56trl,active,2024-06-25,2074-06-25,2027-06-25,,,False,,,,0,,[],False,False,[],already_forever,True,"Subscription has no cancel_at, cancel_at_period_end is false, and no schedule is attached.",
sub_1PY6rfE2kujhweZx4hYlQ5u5,cus_QMOyveNYEflyUm,active,2024-06-25,2074-06-25,2027-06-25,,,False,,,,0,,[],False,False,[],already_forever,True,"Subscription has no cancel_at, cancel_at_period_end is false, and no schedule is attached.",
sub_1TgQmNE2kujhweZxpdELWHXT,cus_UfmK4kaAwStO8j,past_due,2026-06-09,2076-06-09,2029-06-09,,,False,,,,0,,[],False,False,[],already_forever,True,"Subscription has no cancel_at, cancel_at_period_end is false, and no schedule is attached.",
sub_1SonP3E2kujhweZxQl0MtaJi,cus_TmM7PxPUOsxuDI,past_due,2026-01-12,2076-01-12,2029-01-12,,,False,,,,0,,[],False,False,[],already_forever,True,"Subscription has no cancel_at, cancel_at_period_end is false, and no schedule is attached.",
sub_1SUUhnE2kujhweZxrA44uqAQ,cus_TRNSxGCMTIpDWa,past_due,2025-11-17,2075-11-17,2028-11-17,,,False,,,,0,,[],False,False,[],already_forever,True,"Subscription has no cancel_at, cancel_at_period_end is false, and no schedule is attached.",
sub_1SHzP7E2kujhweZx62VefcLE,cus_Qf83gzJkhkZiEh,past_due,2024-08-14,2074-08-14,2027-08-14,,,False,,,,0,,[],False,False,[],already_forever,True,"Subscription has no cancel_at, cancel_at_period_end is false, and no schedule is attached.",
sub_1S0lroE2kujhweZxJRR01XNZ,cus_SwfCrps2yPijRV,past_due,2025-08-27,2075-08-27,2028-08-27,,,False,,,,0,,[],False,False,[],already_forever,True,"Subscription has no cancel_at, cancel_at_period_end is false, and no schedule is attached.",
sub_1RQxO7E2kujhweZxUadb8VwX,cus_SLegzPtuXemiH9,past_due,2025-05-20,2075-05-20,2028-05-20,,,False,,,,0,,[],False,False,[],already_forever,True,"Subscription has no cancel_at, cancel_at_period_end is false, and no schedule is attached.",
sub_1RQxDxE2kujhweZx1BgPuFMS,cus_SLeWunKG8BEddI,past_due,2025-05-20,2075-05-20,2028-05-20,,,False,,,,0,,[],False,False,[],already_forever,True,"Subscription has no cancel_at, cancel_at_period_end is false, and no schedule is attached.",
sub_1REVvME2kujhweZxiRUJSRjj,cus_S8nVsPXD1LtYgG,past_due,2025-04-16,2075-04-16,2028-04-16,,,False,,,,0,,[],False,False,[],already_forever,True,"Subscription has no cancel_at, cancel_at_period_end is false, and no schedule is attached.",
sub_1QZJJ7E2kujhweZxgtdbdiWR,cus_RSDkKmMhjJrKhZ,past_due,2024-12-23,2074-12-23,2027-12-23,,,False,,,,0,,[],False,False,[],already_forever,True,"Subscription has no cancel_at, cancel_at_period_end is false, and no schedule is attached.",
sub_1QMxgvE2kujhweZxvIiygN4G,cus_RFSXVe5Z6ltM8P,past_due,2024-11-19,2074-11-19,2027-11-19,,,False,,,,0,,[],False,False,[],already_forever,True,"Subscription has no cancel_at, cancel_at_period_end is false, and no schedule is attached.",
sub_1QAaIQE2kujhweZxbdvoSBm5,cus_R2fdRAOAGCy7DM,past_due,2024-10-16,2074-10-16,2027-10-16,,,False,,,,0,,[],False,False,[],already_forever,True,"Subscription has no cancel_at, cancel_at_period_end is false, and no schedule is attached.",
sub_1PizHCE2kujhweZxwr4XMMYP,cus_QZmVBXJLnUZflF,past_due,2024-07-31,2074-07-31,2027-07-31,,,False,,,,0,,[],False,False,[],already_forever,True,"Subscription has no cancel_at, cancel_at_period_end is false, and no schedule is attached.",
sub_1PY7BFE2kujhweZxMv35csIV,cus_QMfIDTybaQMI4n,past_due,2024-06-26,2074-06-26,2027-06-26,,,False,,,,0,,[],False,False,[],already_forever,True,"Subscription has no cancel_at, cancel_at_period_end is false, and no schedule is attached.",
sub_1PY74cE2kujhweZxeRGoi9u1,cus_QMepBWKUKvjx3U,past_due,2024-06-26,2074-06-26,2027-06-26,,,False,sub_sched_1PY74cE2kujhweZxdltRM0pM,active,cancel,2,2044-07-02,"[{""end_date"": ""2026-08-02"", ""items"": [{""price_id"": ""price_1TdNJTE2kujhweZxFjXvvLGU"", ""quantity"": 1}], ""proration_behavior"": ""create_prorations"", ""start_date"": ""2026-07-09""}, {""end_date"": ""2044-07-02"", ""items"": [{""price_id"": ""price_1TdNJTE2kujhweZxFjXvvLGU"", ""quantity"": 1}], ""proration_behavior"": ""none"", ""start_date"": ""2026-08-02""}]",True,False,"[{""fields"": [""automatic_tax"", ""invoice_settings"", ""metadata""], ""phase_number"": 2, ""values"": {""automatic_tax"": {""phase_1"": ""{\n  \""disabled_reason\"": null,\n  \""enabled\"": false,\n  \""liability\"": null\n}"", ""phase_2"": ""{\n  \""disabled_reason\"": null,\n  \""enabled\"": true,\n  \""liability\"": {\n    \""type\"": \""self\""\n  }\n}""}, ""invoice_settings"": {""phase_1"": null, ""phase_2"": ""{\n  \""account_tax_ids\"": null,\n  \""custom_fields\"": null,\n  \""days_until_due\"": null,\n  \""description\"": \""As of May 20, 2025, DivFern Geothermal Limited Partnership \\u201cDivFern Energy\\u201d has taken over the ownership and operation of Fensby Geothermal Limited. There will not be any interruption to the Energy Services for your home, and all terms and conditions of the Residential Energy Services Agreement you signed will remain the same. \\n\\nFor any questions about this change or your system, please visit us at www.divfern.com.\"",\n  \""footer\"": \""Terms and Conditions: \\na) Should you elect to pay a bill by bank debit or credit card (if permitted), you consent to our payment processing vendor retaining your payment information and automatically applying it on a recurring basis to the payment of each subsequent bill unless and until you provide an alternate payment method. You will promptly inform us of any change in: (i) your mailing address at least 30 days in advance of such change; and/or (ii) if previously provided, bank account or credit card information you provided us promptly after such change is made.\\nb) A late payment charge will apply to all overdue amounts on your bill, including applicable federal and provincial taxes. The rate for late payment charges is 1.5% per month or 18% per year (for an effective rate of 19.56% per year). Your bill is due on the date indicated on the bill, or if not indicated, within 20 days\\nc) Should any payment be returned for non-sufficient funds (\\u201cNSF\\u201d), you agree to pay a NSF charge of $25\"",\n  \""issuer\"": null\n}""}, ""metadata"": {""phase_1"": {}, ""phase_2"": {""last_increase_year"": ""2026""}}}}]",manual_review,False,"Schedule requires manual review: multiple_schedule_phases_2, schedule_phases_have_different_business_settings",
sub_1PY6ciE2kujhweZx5d8VadQl,cus_QKSLYimXVZU5oP,past_due,2024-06-20,2074-06-20,2027-06-20,,,False,,,,0,,[],False,False,[],already_forever,True,"Subscription has no cancel_at, cancel_at_period_end is false, and no schedule is attached.",
