subscription_id,customer_id,subscription_status,contract_start_date,contract_end_date,inspection_fee_end_date,cancel_at,cancel_at_date,cancel_at_period_end,schedule_id,schedule_status,schedule_end_behavior,schedule_phase_count,schedule_last_phase_end,schedule_phases,all_schedule_phase_items_same,all_phase_business_settings_same,phase_business_differences,action,safe_to_apply,reason,error
sub_1TqYIUE2kujhweZx6UmAf2ZE,cus_UqElbX5rsYSfwY,active,2026-07-07,2076-07-07,2029-07-07,1878091200,2029-07-07,False,sub_sched_1TqYIUE2kujhweZxQEwYmuoy,active,cancel,1,2029-07-07,"[{""end_date"": ""2029-07-07"", ""items"": [{""price_id"": ""price_1Tdil9E2kujhweZx0Oaxyq85"", ""quantity"": 1}, {""price_id"": ""price_1R8l1SE2kujhweZxySQB0Ift"", ""quantity"": 1}], ""proration_behavior"": ""none"", ""start_date"": ""2026-06-25""}]",True,True,[],would_release_schedule,True,Subscription has one active schedule phase with end_behavior=cancel. The schedule can be released and the remaining cancel_at can be cleared.,
sub_1TqY58E2kujhweZxemyjqeqN,cus_UqEYxkHhGHQAFs,active,2026-07-07,2076-07-07,2029-07-07,1878091200,2029-07-07,False,sub_sched_1TqY58E2kujhweZx4L6STMdT,active,cancel,1,2029-07-07,"[{""end_date"": ""2029-07-07"", ""items"": [{""price_id"": ""price_1Tdil4E2kujhweZx7YmcsX59"", ""quantity"": 1}, {""price_id"": ""price_1R8l1SE2kujhweZxySQB0Ift"", ""quantity"": 1}], ""proration_behavior"": ""none"", ""start_date"": ""2026-06-08""}]",True,True,[],would_release_schedule,True,Subscription has one active schedule phase with end_behavior=cancel. The schedule can be released and the remaining cancel_at can be cleared.,
sub_1TgUVnE2kujhweZxbWmSqmZ6,cus_UfqC7GkPLuoLue,active,2026-06-09,2076-06-09,2029-06-09,1875672000,2029-06-09,False,sub_sched_1TgUVnE2kujhweZxqnWnW30S,active,cancel,1,2029-06-09,"[{""end_date"": ""2029-06-09"", ""items"": [{""price_id"": ""price_1TgUVnE2kujhweZxUw2hKls7"", ""quantity"": 1}, {""price_id"": ""price_1R8l1SE2kujhweZxySQB0Ift"", ""quantity"": 1}], ""proration_behavior"": ""none"", ""start_date"": ""2026-05-20""}]",True,True,[],would_release_schedule,True,Subscription has one active schedule phase with end_behavior=cancel. The schedule can be released and the remaining cancel_at can be cleared.,
sub_1TgSSmE2kujhweZx0omYjE9V,cus_Ufo3f662KEk9vy,active,2026-06-09,2076-06-09,2029-06-09,1875672000,2029-06-09,False,sub_sched_1TgSSmE2kujhweZxINMBP510,active,cancel,1,2029-06-09,"[{""end_date"": ""2029-06-09"", ""items"": [{""price_id"": ""price_1Tdil5E2kujhweZxFAgI5vXC"", ""quantity"": 1}, {""price_id"": ""price_1R8l1SE2kujhweZxySQB0Ift"", ""quantity"": 1}], ""proration_behavior"": ""none"", ""start_date"": ""2026-05-27""}]",True,True,[],would_release_schedule,True,Subscription has one active schedule phase with end_behavior=cancel. The schedule can be released and the remaining cancel_at can be cleared.,
sub_1TgRmtE2kujhweZxH0ak7I7c,cus_UfnNlu2CK38zxo,active,2026-06-09,2076-06-09,2029-06-09,1875672000,2029-06-09,False,sub_sched_1TgRmsE2kujhweZxsdQJEVea,active,cancel,1,2029-06-09,"[{""end_date"": ""2029-06-09"", ""items"": [{""price_id"": ""price_1Tdil9E2kujhweZx0Oaxyq85"", ""quantity"": 1}, {""price_id"": ""price_1R8l1SE2kujhweZxySQB0Ift"", ""quantity"": 1}], ""proration_behavior"": ""none"", ""start_date"": ""2026-05-21""}]",True,True,[],would_release_schedule,True,Subscription has one active schedule phase with end_behavior=cancel. The schedule can be released and the remaining cancel_at can be cleared.,
sub_1TgR5rE2kujhweZxc3IpXDaB,cus_Ufmfy38ySmL4qV,active,2026-06-09,2076-06-09,2029-06-09,1875672000,2029-06-09,False,sub_sched_1TgR5rE2kujhweZxewCRbJFa,active,cancel,1,2029-06-09,"[{""end_date"": ""2029-06-09"", ""items"": [{""price_id"": ""price_1Tdil9E2kujhweZx0Oaxyq85"", ""quantity"": 1}, {""price_id"": ""price_1R8l1SE2kujhweZxySQB0Ift"", ""quantity"": 1}], ""proration_behavior"": ""none"", ""start_date"": ""2026-05-21""}]",True,True,[],would_release_schedule,True,Subscription has one active schedule phase with end_behavior=cancel. The schedule can be released and the remaining cancel_at can be cleared.,
sub_1TgQycE2kujhweZxiSDqLZ7d,cus_UfmXOfNLyvqNED,active,2026-06-09,2076-06-09,2029-06-09,1875672000,2029-06-09,False,sub_sched_1TgQycE2kujhweZx41PN75Zo,active,cancel,1,2029-06-09,"[{""end_date"": ""2029-06-09"", ""items"": [{""price_id"": ""price_1TgQycE2kujhweZxapZt1CWK"", ""quantity"": 1}, {""price_id"": ""price_1R8l1SE2kujhweZxySQB0Ift"", ""quantity"": 1}], ""proration_behavior"": ""none"", ""start_date"": ""2026-05-21""}]",True,True,[],would_release_schedule,True,Subscription has one active schedule phase with end_behavior=cancel. The schedule can be released and the remaining cancel_at can be cleared.,
sub_1TgQsIE2kujhweZxrVKdu2pA,cus_UfmQZ3A9lnBMiX,active,2026-06-09,2076-06-09,2029-06-09,1875672000,2029-06-09,False,sub_sched_1TgQsIE2kujhweZxgY5iK6Sy,active,cancel,1,2029-06-09,"[{""end_date"": ""2029-06-09"", ""items"": [{""price_id"": ""price_1Tdil5E2kujhweZxFAgI5vXC"", ""quantity"": 1}, {""price_id"": ""price_1R8l1SE2kujhweZxySQB0Ift"", ""quantity"": 1}], ""proration_behavior"": ""none"", ""start_date"": ""2026-05-21""}]",True,True,[],would_release_schedule,True,Subscription has one active schedule phase with end_behavior=cancel. The schedule can be released and the remaining cancel_at can be cleared.,
sub_1TgQgqE2kujhweZxZNGzQWWk,cus_UfmEkXJGLjTlUM,active,2026-06-09,2076-06-09,2029-06-09,1875672000,2029-06-09,False,sub_sched_1TgQgpE2kujhweZxAuGAUwxP,active,cancel,1,2029-06-09,"[{""end_date"": ""2029-06-09"", ""items"": [{""price_id"": ""price_1Tdil9E2kujhweZx0Oaxyq85"", ""quantity"": 1}, {""price_id"": ""price_1R8l1SE2kujhweZxySQB0Ift"", ""quantity"": 1}], ""proration_behavior"": ""none"", ""start_date"": ""2026-05-20""}]",True,True,[],would_release_schedule,True,Subscription has one active schedule phase with end_behavior=cancel. The schedule can be released and the remaining cancel_at can be cleared.,
sub_1TgQ2AE2kujhweZxQ4ENWBEZ,cus_UflZpdhBbU40SI,active,2026-06-09,2076-06-09,2029-06-09,1875672000,2029-06-09,False,sub_sched_1TgQ2AE2kujhweZxYriSkUiF,active,cancel,1,2029-06-09,"[{""end_date"": ""2029-06-09"", ""items"": [{""price_id"": ""price_1TgQ29E2kujhweZxRaLvH3p7"", ""quantity"": 1}, {""price_id"": ""price_1R8l1SE2kujhweZxySQB0Ift"", ""quantity"": 1}], ""proration_behavior"": ""none"", ""start_date"": ""2026-05-14""}]",True,True,[],would_release_schedule,True,Subscription has one active schedule phase with end_behavior=cancel. The schedule can be released and the remaining cancel_at can be cleared.,
sub_1TgPtqE2kujhweZxojdhDtQ0,cus_UflQ09lyQ7BM2m,active,2026-06-09,2076-06-09,2029-06-09,1875672000,2029-06-09,False,sub_sched_1TgPtqE2kujhweZxYlngcBa0,active,cancel,1,2029-06-09,"[{""end_date"": ""2029-06-09"", ""items"": [{""price_id"": ""price_1Tdil5E2kujhweZxFAgI5vXC"", ""quantity"": 1}, {""price_id"": ""price_1R8l1SE2kujhweZxySQB0Ift"", ""quantity"": 1}], ""proration_behavior"": ""none"", ""start_date"": ""2026-05-07""}]",True,True,[],would_release_schedule,True,Subscription has one active schedule phase with end_behavior=cancel. The schedule can be released and the remaining cancel_at can be cleared.,
sub_1Tf0mbE2kujhweZxBkklcyWP,cus_UeJPzA3VbtKL9y,active,2026-06-05,2076-06-05,2029-06-05,1875371985,2029-06-05,False,sub_sched_1Tf0mbE2kujhweZxrrvLGgPM,active,cancel,1,2029-06-05,"[{""end_date"": ""2029-06-05"", ""items"": [{""price_id"": ""price_1Tdil4E2kujhweZx7YmcsX59"", ""quantity"": 1}, {""price_id"": ""price_1R8l1SE2kujhweZxySQB0Ift"", ""quantity"": 1}], ""proration_behavior"": ""none"", ""start_date"": ""2026-07-05""}]",True,True,[],would_release_schedule,True,Subscription has one active schedule phase with end_behavior=cancel. The schedule can be released and the remaining cancel_at can be cleared.,
sub_1Tf0g6E2kujhweZxUgJTEjKg,cus_UeJIxHxj2FXlc8,active,2026-06-05,2076-06-05,2029-06-05,1875326400,2029-06-05,False,sub_sched_1Tf0g6E2kujhweZxbItpL0YV,active,cancel,1,2029-06-05,"[{""end_date"": ""2029-06-05"", ""items"": [{""price_id"": ""price_1Tdil4E2kujhweZx7YmcsX59"", ""quantity"": 1}, {""price_id"": ""price_1R8l1SE2kujhweZxySQB0Ift"", ""quantity"": 1}], ""proration_behavior"": ""none"", ""start_date"": ""2026-05-28""}]",True,True,[],would_release_schedule,True,Subscription has one active schedule phase with end_behavior=cancel. The schedule can be released and the remaining cancel_at can be cleared.,
sub_1Tf0OZE2kujhweZxhRcHPnZE,cus_UeJ0sq2owRo6dd,active,2026-06-05,2076-06-05,2029-06-05,1875326400,2029-06-05,False,sub_sched_1Tf0OZE2kujhweZxn9FJwjiC,active,cancel,1,2029-06-05,"[{""end_date"": ""2029-06-05"", ""items"": [{""price_id"": ""price_1Tdil4E2kujhweZx7YmcsX59"", ""quantity"": 1}, {""price_id"": ""price_1R8l1SE2kujhweZxySQB0Ift"", ""quantity"": 1}], ""proration_behavior"": ""none"", ""start_date"": ""2026-05-28""}]",True,True,[],would_release_schedule,True,Subscription has one active schedule phase with end_behavior=cancel. The schedule can be released and the remaining cancel_at can be cleared.,
sub_1Tf08qE2kujhweZxg1Yz74NM,cus_UeIkzZoxc5BELd,active,2026-06-05,2076-06-05,2029-06-05,1875326400,2029-06-05,False,sub_sched_1Tf08qE2kujhweZxIESTyGhm,active,cancel,1,2029-06-05,"[{""end_date"": ""2029-06-05"", ""items"": [{""price_id"": ""price_1Tdil5E2kujhweZxFAgI5vXC"", ""quantity"": 1}, {""price_id"": ""price_1R8l1SE2kujhweZxySQB0Ift"", ""quantity"": 1}], ""proration_behavior"": ""none"", ""start_date"": ""2026-05-26""}]",True,True,[],would_release_schedule,True,Subscription has one active schedule phase with end_behavior=cancel. The schedule can be released and the remaining cancel_at can be cleared.,
sub_1TezyhE2kujhweZxV86zzj0i,cus_UeIZ0SwN62XnyV,active,2026-06-05,2076-06-05,2029-06-05,1875326400,2029-06-05,False,sub_sched_1TezyhE2kujhweZxV9rYgZds,active,cancel,1,2029-06-05,"[{""end_date"": ""2029-06-05"", ""items"": [{""price_id"": ""price_1Tdil4E2kujhweZx7YmcsX59"", ""quantity"": 1}, {""price_id"": ""price_1R8l1SE2kujhweZxySQB0Ift"", ""quantity"": 1}], ""proration_behavior"": ""none"", ""start_date"": ""2026-05-21""}]",True,True,[],would_release_schedule,True,Subscription has one active schedule phase with end_behavior=cancel. The schedule can be released and the remaining cancel_at can be cleared.,
sub_1TezkpE2kujhweZx2T0MXmGH,cus_UeILyiRqnGC9Mi,active,2026-06-05,2076-06-05,2029-06-05,1875326400,2029-06-05,False,sub_sched_1TezkpE2kujhweZxhoighXED,active,cancel,1,2029-06-05,"[{""end_date"": ""2029-06-05"", ""items"": [{""price_id"": ""price_1Tdil4E2kujhweZx7YmcsX59"", ""quantity"": 1}, {""price_id"": ""price_1R8l1SE2kujhweZxySQB0Ift"", ""quantity"": 1}], ""proration_behavior"": ""none"", ""start_date"": ""2026-05-21""}]",True,True,[],would_release_schedule,True,Subscription has one active schedule phase with end_behavior=cancel. The schedule can be released and the remaining cancel_at can be cleared.,
sub_1Tey5wE2kujhweZxJHzFWAUQ,cus_UeGctl1iPY011Y,active,2026-06-05,2076-06-05,2029-06-05,1875326400,2029-06-05,False,sub_sched_1Tey5wE2kujhweZxdvMfqn62,active,cancel,1,2029-06-05,"[{""end_date"": ""2029-06-05"", ""items"": [{""price_id"": ""price_1Tdil4E2kujhweZx7YmcsX59"", ""quantity"": 1}, {""price_id"": ""price_1R8l1SE2kujhweZxySQB0Ift"", ""quantity"": 1}], ""proration_behavior"": ""none"", ""start_date"": ""2026-05-07""}]",True,True,[],would_release_schedule,True,Subscription has one active schedule phase with end_behavior=cancel. The schedule can be released and the remaining cancel_at can be cleared.,
sub_1TexuhE2kujhweZx3ALYf76C,cus_UeGRodfO0LnigF,active,2026-06-05,2076-06-05,2029-06-05,1875326400,2029-06-05,False,sub_sched_1TexuhE2kujhweZx28mIOU6q,active,cancel,1,2029-06-05,"[{""end_date"": ""2029-06-05"", ""items"": [{""price_id"": ""price_1Tdil9E2kujhweZx0Oaxyq85"", ""quantity"": 1}, {""price_id"": ""price_1R8l1SE2kujhweZxySQB0Ift"", ""quantity"": 1}], ""proration_behavior"": ""none"", ""start_date"": ""2026-05-07""}]",True,True,[],would_release_schedule,True,Subscription has one active schedule phase with end_behavior=cancel. The schedule can be released and the remaining cancel_at can be cleared.,
sub_1TexnZE2kujhweZxHAVd30UB,cus_UeGK1xSB51hYJp,active,2026-06-05,2076-06-05,2029-06-05,1875326400,2029-06-05,False,sub_sched_1TexnZE2kujhweZxvRemUA0s,active,cancel,1,2029-06-05,"[{""end_date"": ""2029-06-05"", ""items"": [{""price_id"": ""price_1Tdil5E2kujhweZxFAgI5vXC"", ""quantity"": 1}, {""price_id"": ""price_1R8l1SE2kujhweZxySQB0Ift"", ""quantity"": 1}], ""proration_behavior"": ""none"", ""start_date"": ""2026-05-06""}]",True,True,[],would_release_schedule,True,Subscription has one active schedule phase with end_behavior=cancel. The schedule can be released and the remaining cancel_at can be cleared.,
sub_1TexQIE2kujhweZxKCBgJYUf,cus_UeFwR5skAIThOZ,active,2026-06-05,2076-06-05,2029-06-05,1875326400,2029-06-05,False,sub_sched_1TexQIE2kujhweZxePZRWxs8,active,cancel,1,2029-06-05,"[{""end_date"": ""2029-06-05"", ""items"": [{""price_id"": ""price_1Tdil2E2kujhweZxGCe25OmM"", ""quantity"": 1}, {""price_id"": ""price_1R8l1SE2kujhweZxySQB0Ift"", ""quantity"": 1}], ""proration_behavior"": ""none"", ""start_date"": ""2026-05-28""}]",True,True,[],would_release_schedule,True,Subscription has one active schedule phase with end_behavior=cancel. The schedule can be released and the remaining cancel_at can be cleared.,
sub_1Tex7lE2kujhweZxd3Cx9Gav,cus_UeFcRmTvqgTC6E,active,2026-06-05,2076-06-05,2029-06-05,1875326400,2029-06-05,False,sub_sched_1Tex7lE2kujhweZxQAxSCIfg,active,cancel,1,2029-06-05,"[{""end_date"": ""2029-06-05"", ""items"": [{""price_id"": ""price_1Tdil2E2kujhweZxGCe25OmM"", ""quantity"": 1}, {""price_id"": ""price_1R8l1SE2kujhweZxySQB0Ift"", ""quantity"": 1}], ""proration_behavior"": ""none"", ""start_date"": ""2026-05-13""}]",True,True,[],would_release_schedule,True,Subscription has one active schedule phase with end_behavior=cancel. The schedule can be released and the remaining cancel_at can be cleared.,
sub_1TewrgE2kujhweZx3gv0M1r8,cus_UeFMyy0yGxIC3r,active,2026-06-05,2076-06-05,2029-06-05,1875326400,2029-06-05,False,sub_sched_1TewrgE2kujhweZxF2hVADAj,active,cancel,1,2029-06-05,"[{""end_date"": ""2029-06-05"", ""items"": [{""price_id"": ""price_1Tdil2E2kujhweZxGCe25OmM"", ""quantity"": 1}, {""price_id"": ""price_1R8l1SE2kujhweZxySQB0Ift"", ""quantity"": 1}], ""proration_behavior"": ""none"", ""start_date"": ""2026-05-01""}]",True,True,[],would_release_schedule,True,Subscription has one active schedule phase with end_behavior=cancel. The schedule can be released and the remaining cancel_at can be cleared.,
sub_1TTnDHE2kujhweZxsJOp2viU,cus_USieRzJ5q7pL3Y,active,2026-05-05,2076-05-05,2029-05-05,1872698214,2029-05-05,False,sub_sched_1TTnDGE2kujhweZxQJ3YSAHb,active,cancel,1,2029-05-05,"[{""end_date"": ""2029-05-05"", ""items"": [{""price_id"": ""price_1TdN62E2kujhweZxRDlo8Fw8"", ""quantity"": 1}, {""price_id"": ""price_1R8l1SE2kujhweZxySQB0Ift"", ""quantity"": 1}], ""proration_behavior"": ""none"", ""start_date"": ""2026-07-05""}]",True,True,[],would_release_schedule,True,Subscription has one active schedule phase with end_behavior=cancel. The schedule can be released and the remaining cancel_at can be cleared.,
sub_1TTn7zE2kujhweZxmbSnfsCA,cus_USiYqIBaFkHvPQ,active,2026-05-05,2076-05-05,2029-05-05,1872648304,2029-05-05,False,sub_sched_1TTn7zE2kujhweZxBM74zW5Q,active,cancel,1,2029-05-05,"[{""end_date"": ""2029-05-05"", ""items"": [{""price_id"": ""price_1TdN63E2kujhweZxmopqha3B"", ""quantity"": 1}, {""price_id"": ""price_1R8l1SE2kujhweZxySQB0Ift"", ""quantity"": 1}], ""proration_behavior"": ""none"", ""start_date"": ""2026-06-01""}]",True,True,[],would_release_schedule,True,Subscription has one active schedule phase with end_behavior=cancel. The schedule can be released and the remaining cancel_at can be cleared.,
sub_1TTmzQE2kujhweZx8Lb8yR7Q,cus_USiQD9LO82Foy1,active,2026-05-05,2076-05-05,2029-05-05,1872697355,2029-05-05,False,sub_sched_1TTmzQE2kujhweZxc1y5WWkZ,active,cancel,1,2029-05-05,"[{""end_date"": ""2029-05-05"", ""items"": [{""price_id"": ""price_1TdN65E2kujhweZxSJcdBlkr"", ""quantity"": 1}, {""price_id"": ""price_1R8l1SE2kujhweZxySQB0Ift"", ""quantity"": 1}], ""proration_behavior"": ""none"", ""start_date"": ""2026-07-05""}]",True,True,[],would_release_schedule,True,Subscription has one active schedule phase with end_behavior=cancel. The schedule can be released and the remaining cancel_at can be cleared.,
sub_1TTmraE2kujhweZx6eh2OUTM,cus_USiHeVxUVXQycP,active,2026-05-05,2076-05-05,2029-05-05,1872648307,2029-05-05,False,sub_sched_1TTmraE2kujhweZxoEGfYCV6,active,cancel,1,2029-05-05,"[{""end_date"": ""2029-05-05"", ""items"": [{""price_id"": ""price_1TdN67E2kujhweZx14tUBlu8"", ""quantity"": 1}, {""price_id"": ""price_1R8l1SE2kujhweZxySQB0Ift"", ""quantity"": 1}], ""proration_behavior"": ""none"", ""start_date"": ""2026-06-01""}]",True,True,[],would_release_schedule,True,Subscription has one active schedule phase with end_behavior=cancel. The schedule can be released and the remaining cancel_at can be cleared.,
sub_1TTmmSE2kujhweZxLn7oxX5H,cus_USiCERRBbD3Tdg,active,2026-05-05,2076-05-05,2029-05-05,1872648309,2029-05-05,False,sub_sched_1TTmmSE2kujhweZx0bJCZfHr,active,cancel,1,2029-05-05,"[{""end_date"": ""2029-05-05"", ""items"": [{""price_id"": ""price_1TdN68E2kujhweZxAuRxqNWu"", ""quantity"": 1}, {""price_id"": ""price_1R8l1SE2kujhweZxySQB0Ift"", ""quantity"": 1}], ""proration_behavior"": ""none"", ""start_date"": ""2026-06-01""}]",True,True,[],would_release_schedule,True,Subscription has one active schedule phase with end_behavior=cancel. The schedule can be released and the remaining cancel_at can be cleared.,
sub_1TTmhaE2kujhweZxSLp7TjSH,cus_USi76sdJ1UVgsm,active,2026-05-05,2076-05-05,2029-05-05,1872648310,2029-05-05,False,sub_sched_1TTmhaE2kujhweZxVoSO8bnq,active,cancel,1,2029-05-05,"[{""end_date"": ""2029-05-05"", ""items"": [{""price_id"": ""price_1TdN6AE2kujhweZxfkf0tDEv"", ""quantity"": 1}, {""price_id"": ""price_1R8l1SE2kujhweZxySQB0Ift"", ""quantity"": 1}], ""proration_behavior"": ""none"", ""start_date"": ""2026-06-01""}]",True,True,[],would_release_schedule,True,Subscription has one active schedule phase with end_behavior=cancel. The schedule can be released and the remaining cancel_at can be cleared.,
sub_1TThTGE2kujhweZxfCCbTfTB,cus_UScitaCk28EshL,active,2026-05-05,2076-05-05,2029-05-05,1872648312,2029-05-05,False,sub_sched_1TThTGE2kujhweZxs7GJ0dxm,active,cancel,1,2029-05-05,"[{""end_date"": ""2029-05-05"", ""items"": [{""price_id"": ""price_1TdN6BE2kujhweZxaPTeHcmp"", ""quantity"": 1}, {""price_id"": ""price_1R8l1SE2kujhweZxySQB0Ift"", ""quantity"": 1}], ""proration_behavior"": ""none"", ""start_date"": ""2026-06-01""}]",True,True,[],would_release_schedule,True,Subscription has one active schedule phase with end_behavior=cancel. The schedule can be released and the remaining cancel_at can be cleared.,
sub_1TThLQE2kujhweZxBGs9Qoij,cus_UScYE3CARaR1vk,active,2026-05-05,2076-05-05,2029-05-05,1872675656,2029-05-05,False,sub_sched_1TThLQE2kujhweZxXmKhgPbv,active,cancel,1,2029-05-05,"[{""end_date"": ""2029-05-05"", ""items"": [{""price_id"": ""price_1TdN6DE2kujhweZxQOUAafEn"", ""quantity"": 1}, {""price_id"": ""price_1R8l1SE2kujhweZxySQB0Ift"", ""quantity"": 1}], ""proration_behavior"": ""none"", ""start_date"": ""2026-06-05""}]",True,True,[],would_release_schedule,True,Subscription has one active schedule phase with end_behavior=cancel. The schedule can be released and the remaining cancel_at can be cleared.,
sub_1TThC8E2kujhweZxdSqudiUU,cus_UScQ8ed5np1RVK,active,2026-05-05,2076-05-05,2029-05-05,1872648315,2029-05-05,False,sub_sched_1TThC8E2kujhweZxU6aAXsbW,active,cancel,1,2029-05-05,"[{""end_date"": ""2029-05-05"", ""items"": [{""price_id"": ""price_1TdN6FE2kujhweZxKvhag39c"", ""quantity"": 1}, {""price_id"": ""price_1R8l1SE2kujhweZxySQB0Ift"", ""quantity"": 1}], ""proration_behavior"": ""none"", ""start_date"": ""2026-06-01""}]",True,True,[],would_release_schedule,True,Subscription has one active schedule phase with end_behavior=cancel. The schedule can be released and the remaining cancel_at can be cleared.,
sub_1TTQsyE2kujhweZxSzWNUD8s,cus_USLZo2T8Mt452c,active,2026-05-04,2076-05-04,2029-05-04,1872561917,2029-05-04,False,sub_sched_1TTQsxE2kujhweZx4FAmh1eb,active,cancel,1,2029-05-04,"[{""end_date"": ""2029-05-04"", ""items"": [{""price_id"": ""price_1TdN6HE2kujhweZxTaJOeEtL"", ""quantity"": 1}, {""price_id"": ""price_1R8l1SE2kujhweZxySQB0Ift"", ""quantity"": 1}], ""proration_behavior"": ""none"", ""start_date"": ""2026-06-01""}]",True,True,[],would_release_schedule,True,Subscription has one active schedule phase with end_behavior=cancel. The schedule can be released and the remaining cancel_at can be cleared.,
sub_1TTQowE2kujhweZxGLTa4ils,cus_USLVz6JeOtlNho,active,2026-05-04,2076-05-04,2029-05-04,1872612138,2029-05-04,False,sub_sched_1TTQowE2kujhweZxtfXGyzYw,active,cancel,1,2029-05-04,"[{""end_date"": ""2029-05-04"", ""items"": [{""price_id"": ""price_1TdN6JE2kujhweZxzmoOLITk"", ""quantity"": 1}, {""price_id"": ""price_1R8l1SE2kujhweZxySQB0Ift"", ""quantity"": 1}], ""proration_behavior"": ""none"", ""start_date"": ""2026-07-04""}]",True,True,[],would_release_schedule,True,Subscription has one active schedule phase with end_behavior=cancel. The schedule can be released and the remaining cancel_at can be cleared.,
sub_1TTQi6E2kujhweZxBZ6MnM4A,cus_USLOqmA4XaqTa8,active,2026-05-04,2076-05-04,2029-05-04,1872561921,2029-05-04,False,sub_sched_1TTQi6E2kujhweZxFdzU1WEK,active,cancel,1,2029-05-04,"[{""end_date"": ""2029-05-04"", ""items"": [{""price_id"": ""price_1TdN6LE2kujhweZx0RjhCqlm"", ""quantity"": 1}, {""price_id"": ""price_1R8l1SE2kujhweZxySQB0Ift"", ""quantity"": 1}], ""proration_behavior"": ""none"", ""start_date"": ""2026-06-01""}]",True,True,[],would_release_schedule,True,Subscription has one active schedule phase with end_behavior=cancel. The schedule can be released and the remaining cancel_at can be cleared.,
sub_1TTQWoE2kujhweZx0NtbzPat,cus_USLDwIDJbO19rs,active,2026-05-04,2076-05-04,2029-05-04,1872561923,2029-05-04,False,sub_sched_1TTQWoE2kujhweZxYPAUH7zQ,active,cancel,1,2029-05-04,"[{""end_date"": ""2029-05-04"", ""items"": [{""price_id"": ""price_1TdN6ME2kujhweZx5mAMaNiV"", ""quantity"": 1}, {""price_id"": ""price_1R8l1SE2kujhweZxySQB0Ift"", ""quantity"": 1}], ""proration_behavior"": ""none"", ""start_date"": ""2026-06-01""}]",True,True,[],would_release_schedule,True,Subscription has one active schedule phase with end_behavior=cancel. The schedule can be released and the remaining cancel_at can be cleared.,
sub_1TTQQyE2kujhweZxtoPHxD9O,cus_USL71BSD7ayXnj,active,2026-05-04,2076-05-04,2029-05-04,1872561925,2029-05-04,False,sub_sched_1TTQQyE2kujhweZxyOsiVMs7,active,cancel,1,2029-05-04,"[{""end_date"": ""2029-05-04"", ""items"": [{""price_id"": ""price_1TdN6OE2kujhweZxH3BkxVmW"", ""quantity"": 1}, {""price_id"": ""price_1R8l1SE2kujhweZxySQB0Ift"", ""quantity"": 1}], ""proration_behavior"": ""none"", ""start_date"": ""2026-06-01""}]",True,True,[],would_release_schedule,True,Subscription has one active schedule phase with end_behavior=cancel. The schedule can be released and the remaining cancel_at can be cleared.,
sub_1TTQIfE2kujhweZx2evxs9w9,cus_USKy2pNentbuFy,active,2026-05-04,2076-05-04,2029-05-04,1872561927,2029-05-04,False,sub_sched_1TTQIfE2kujhweZxkR5vble2,active,cancel,1,2029-05-04,"[{""end_date"": ""2029-05-04"", ""items"": [{""price_id"": ""price_1TdN6QE2kujhweZxfuotWKUG"", ""quantity"": 1}, {""price_id"": ""price_1R8l1SE2kujhweZxySQB0Ift"", ""quantity"": 1}], ""proration_behavior"": ""none"", ""start_date"": ""2026-06-01""}]",True,True,[],would_release_schedule,True,Subscription has one active schedule phase with end_behavior=cancel. The schedule can be released and the remaining cancel_at can be cleared.,
sub_1TTQ9nE2kujhweZxApExWUm4,cus_USKp8nfhnqRv7C,active,2026-05-04,2076-05-04,2029-05-04,1872561929,2029-05-04,False,sub_sched_1TTQ9nE2kujhweZxYLswKXY5,active,cancel,1,2029-05-04,"[{""end_date"": ""2029-05-04"", ""items"": [{""price_id"": ""price_1TdN6SE2kujhweZxuarSTTvE"", ""quantity"": 1}, {""price_id"": ""price_1R8l1SE2kujhweZxySQB0Ift"", ""quantity"": 1}], ""proration_behavior"": ""none"", ""start_date"": ""2026-06-01""}]",True,True,[],would_release_schedule,True,Subscription has one active schedule phase with end_behavior=cancel. The schedule can be released and the remaining cancel_at can be cleared.,
sub_1TTQ3uE2kujhweZxpi2ZQmB9,cus_USKjnGPZe1qMfq,active,2026-05-04,2076-05-04,2029-05-04,1872561930,2029-05-04,False,sub_sched_1TTQ3uE2kujhweZxDBnrAw7f,active,cancel,1,2029-05-04,"[{""end_date"": ""2029-05-04"", ""items"": [{""price_id"": ""price_1TdN6UE2kujhweZxKis5vOg2"", ""quantity"": 1}, {""price_id"": ""price_1R8l1SE2kujhweZxySQB0Ift"", ""quantity"": 1}], ""proration_behavior"": ""none"", ""start_date"": ""2026-06-01""}]",True,True,[],would_release_schedule,True,Subscription has one active schedule phase with end_behavior=cancel. The schedule can be released and the remaining cancel_at can be cleared.,
sub_1TTPORE2kujhweZxaU1R3gIU,cus_R2dcfQkRlDccAH,active,2024-10-16,2074-10-16,2027-10-16,1823659200,2027-10-16,False,,,,0,,[],False,False,[],would_clear_cancel_at,True,Subscription has a direct cancel_at date and no schedule. The future apply route could clear cancel_at while keeping the subscription active.,
sub_1TREdPE2kujhweZxnijkjU2G,cus_SIeRTDfvxE7yMR,active,2025-05-12,2075-05-12,2028-05-12,1841717134,2028-05-12,False,sub_sched_1TREe7E2kujhweZxonxm18BS,active,cancel,1,2028-05-12,"[{""end_date"": ""2028-05-12"", ""items"": [{""price_id"": ""price_1TdN6XE2kujhweZxAYtVmOTV"", ""quantity"": 1}, {""price_id"": ""price_1R8l1SE2kujhweZxySQB0Ift"", ""quantity"": 1}], ""proration_behavior"": ""none"", ""start_date"": ""2026-07-09""}]",True,True,[],would_release_schedule,True,Subscription has one active schedule phase with end_behavior=cancel. The schedule can be released and the remaining cancel_at can be cleared.,
sub_1TQpeIE2kujhweZxWynJGFwN,cus_SLethGoBn9Bmko,active,2025-05-20,2075-05-20,2028-05-20,,,False,,,,0,,[],False,False,[],already_forever,True,"Subscription has no cancel_at, cancel_at_period_end is false, and no schedule is attached.",
sub_1TJc2IE2kujhweZxbUxHZJZO,cus_UICROQlL3tp3i9,active,2026-04-07,2076-04-07,2029-04-07,1870229137,2029-04-07,False,sub_sched_1TJc2IE2kujhweZxDcPL7cs5,active,cancel,1,2029-04-07,"[{""end_date"": ""2029-04-07"", ""items"": [{""price_id"": ""price_1TdN6bE2kujhweZx1HWikOYy"", ""quantity"": 1}, {""price_id"": ""price_1R8l1SE2kujhweZxySQB0Ift"", ""quantity"": 1}], ""proration_behavior"": ""none"", ""start_date"": ""2026-06-01""}]",True,True,[],would_release_schedule,True,Subscription has one active schedule phase with end_behavior=cancel. The schedule can be released and the remaining cancel_at can be cleared.,
sub_1TJG2LE2kujhweZxRbeXO5zP,cus_UHphFqEBWhrEK7,active,2026-04-06,2076-04-06,2029-04-06,1870142739,2029-04-06,False,sub_sched_1TJG2LE2kujhweZxKftAiba1,active,cancel,1,2029-04-06,"[{""end_date"": ""2029-04-06"", ""items"": [{""price_id"": ""price_1TdN6dE2kujhweZx0Vx2afoW"", ""quantity"": 1}, {""price_id"": ""price_1R8l1SE2kujhweZxySQB0Ift"", ""quantity"": 1}], ""proration_behavior"": ""none"", ""start_date"": ""2026-06-01""}]",True,True,[],would_release_schedule,True,Subscription has one active schedule phase with end_behavior=cancel. The schedule can be released and the remaining cancel_at can be cleared.,
sub_1TJFtdE2kujhweZxdBPO60WI,cus_UHpY0fheLPJfVg,active,2026-04-06,2076-04-06,2029-04-06,1870186865,2029-04-06,False,sub_sched_1TJFtdE2kujhweZx74Wruk3k,active,cancel,1,2029-04-06,"[{""end_date"": ""2029-04-06"", ""items"": [{""price_id"": ""price_1TdN6fE2kujhweZxnI27A1sz"", ""quantity"": 1}, {""price_id"": ""price_1R8l1SE2kujhweZxySQB0Ift"", ""quantity"": 1}], ""proration_behavior"": ""none"", ""start_date"": ""2026-06-06""}]",True,True,[],would_release_schedule,True,Subscription has one active schedule phase with end_behavior=cancel. The schedule can be released and the remaining cancel_at can be cleared.,
sub_1TJFgKE2kujhweZxUB5IVASp,cus_UHpKEl3wGCxKiB,active,2026-04-06,2076-04-06,2029-04-06,1870142743,2029-04-06,False,sub_sched_1TJFgKE2kujhweZxKWYYOGFR,active,cancel,1,2029-04-06,"[{""end_date"": ""2029-04-06"", ""items"": [{""price_id"": ""price_1TdN6gE2kujhweZxSnP5driY"", ""quantity"": 1}, {""price_id"": ""price_1R8l1SE2kujhweZxySQB0Ift"", ""quantity"": 1}], ""proration_behavior"": ""none"", ""start_date"": ""2026-06-01""}]",True,True,[],would_release_schedule,True,Subscription has one active schedule phase with end_behavior=cancel. The schedule can be released and the remaining cancel_at can be cleared.,
sub_1TJFLeE2kujhweZxn3YWF5by,cus_UHozEVl4CHzIn5,active,2026-04-06,2076-04-06,2029-04-06,1870225968,2029-04-07,False,sub_sched_1TJFLeE2kujhweZx3QsKi4Xg,active,cancel,1,2029-04-07,"[{""end_date"": ""2029-04-07"", ""items"": [{""price_id"": ""price_1Tdil2E2kujhweZxGCe25OmM"", ""quantity"": 1}, {""price_id"": ""price_1R8l1SE2kujhweZxySQB0Ift"", ""quantity"": 1}], ""proration_behavior"": ""none"", ""start_date"": ""2026-06-02""}]",True,True,[],would_release_schedule,True,Subscription has one active schedule phase with end_behavior=cancel. The schedule can be released and the remaining cancel_at can be cleared.,
sub_1THT3BE2kujhweZxmG1fUnwE,cus_UFyzDrjrZhlFd0,active,2026-04-01,2076-04-01,2029-04-01,,,False,,,,0,,[],False,False,[],already_forever,True,"Subscription has no cancel_at, cancel_at_period_end is false, and no schedule is attached.",
sub_1THSv0E2kujhweZxBtf4LH9I,cus_UFyshW0jgXwq4n,active,2026-04-01,2076-04-01,2029-04-01,1869793970,2029-04-02,False,sub_sched_1THSv0E2kujhweZxAUqqO32q,active,cancel,1,2029-04-02,"[{""end_date"": ""2029-04-02"", ""items"": [{""price_id"": ""price_1Tdil4E2kujhweZx7YmcsX59"", ""quantity"": 1}, {""price_id"": ""price_1R8l1SE2kujhweZxySQB0Ift"", ""quantity"": 1}], ""proration_behavior"": ""none"", ""start_date"": ""2026-06-02""}]",True,True,[],would_release_schedule,True,Subscription has one active schedule phase with end_behavior=cancel. The schedule can be released and the remaining cancel_at can be cleared.,
sub_1THSg9E2kujhweZxewKxJlJx,cus_UFybP5ASPM3jIj,active,2026-04-01,2076-04-01,2029-04-01,1869710746,2029-04-01,False,sub_sched_1THSg8E2kujhweZxJ065YANS,active,cancel,1,2029-04-01,"[{""end_date"": ""2029-04-01"", ""items"": [{""price_id"": ""price_1TdN6kE2kujhweZxsAKf1tVw"", ""quantity"": 1}, {""price_id"": ""price_1R8l1SE2kujhweZxySQB0Ift"", ""quantity"": 1}], ""proration_behavior"": ""none"", ""start_date"": ""2026-06-01""}]",True,True,[],would_release_schedule,True,Subscription has one active schedule phase with end_behavior=cancel. The schedule can be released and the remaining cancel_at can be cleared.,
sub_1THSSSE2kujhweZxUBGhWxBh,cus_UFyO7V9rAB9RW8,active,2026-04-01,2076-04-01,2029-04-01,1869793972,2029-04-02,False,sub_sched_1THSSSE2kujhweZxnRW3mUn9,active,cancel,1,2029-04-02,"[{""end_date"": ""2029-04-02"", ""items"": [{""price_id"": ""price_1Tdil5E2kujhweZxFAgI5vXC"", ""quantity"": 1}, {""price_id"": ""price_1R8l1SE2kujhweZxySQB0Ift"", ""quantity"": 1}], ""proration_behavior"": ""none"", ""start_date"": ""2026-06-02""}]",True,True,[],would_release_schedule,True,Subscription has one active schedule phase with end_behavior=cancel. The schedule can be released and the remaining cancel_at can be cleared.,
sub_1T7MpmE2kujhweZxf13at00q,cus_U5Xvh0l6CkPVYn,active,2026-03-04,2076-03-04,2029-03-04,1867291548,2029-03-04,False,sub_sched_1T7MpmE2kujhweZxsNvZhaOA,active,cancel,1,2029-03-04,"[{""end_date"": ""2029-03-04"", ""items"": [{""price_id"": ""price_1TdN6mE2kujhweZxsIDX94Dj"", ""quantity"": 1}, {""price_id"": ""price_1R8l1SE2kujhweZxySQB0Ift"", ""quantity"": 1}], ""proration_behavior"": ""none"", ""start_date"": ""2026-06-01""}]",True,True,[],would_release_schedule,True,Subscription has one active schedule phase with end_behavior=cancel. The schedule can be released and the remaining cancel_at can be cleared.,
sub_1T7MlSE2kujhweZxK2yoc9cq,cus_U5Xr6f64yvPedC,active,2026-03-04,2076-03-04,2029-03-04,1867291550,2029-03-04,False,sub_sched_1T7MlSE2kujhweZxyDTYLerw,active,cancel,1,2029-03-04,"[{""end_date"": ""2029-03-04"", ""items"": [{""price_id"": ""price_1TdN6nE2kujhweZxjX2kPCpE"", ""quantity"": 1}, {""price_id"": ""price_1R8l1SE2kujhweZxySQB0Ift"", ""quantity"": 1}], ""proration_behavior"": ""none"", ""start_date"": ""2026-06-01""}]",True,True,[],would_release_schedule,True,Subscription has one active schedule phase with end_behavior=cancel. The schedule can be released and the remaining cancel_at can be cleared.,
sub_1T7Md8E2kujhweZxNi8DV9Bl,cus_U5XiAcxxUmTDNP,active,2026-03-04,2076-03-04,2029-03-04,1867352814,2029-03-04,False,sub_sched_1T7Md8E2kujhweZxKtIkQIR6,active,cancel,1,2029-03-04,"[{""end_date"": ""2029-03-04"", ""items"": [{""price_id"": ""price_1TdN6pE2kujhweZx5IjTn3dF"", ""quantity"": 1}, {""price_id"": ""price_1R8l1SE2kujhweZxySQB0Ift"", ""quantity"": 1}], ""proration_behavior"": ""none"", ""start_date"": ""2026-06-04""}]",True,True,[],would_release_schedule,True,Subscription has one active schedule phase with end_behavior=cancel. The schedule can be released and the remaining cancel_at can be cleared.,
sub_1T7MNXE2kujhweZxuVGL1wZi,cus_U5XSeZo2Bt7HGF,active,2026-03-04,2076-03-04,2029-03-04,1867291553,2029-03-04,False,sub_sched_1T7MNXE2kujhweZxOHIIDrYJ,active,cancel,1,2029-03-04,"[{""end_date"": ""2029-03-04"", ""items"": [{""price_id"": ""price_1TdN6rE2kujhweZxbbuHNSdk"", ""quantity"": 1}, {""price_id"": ""price_1R8l1SE2kujhweZxySQB0Ift"", ""quantity"": 1}], ""proration_behavior"": ""none"", ""start_date"": ""2026-06-01""}]",True,True,[],would_release_schedule,True,Subscription has one active schedule phase with end_behavior=cancel. The schedule can be released and the remaining cancel_at can be cleared.,
sub_1T7MGhE2kujhweZxhYTw8Tnk,cus_U5XL5rC9zfLeoq,active,2026-03-04,2076-03-04,2029-03-04,1867291555,2029-03-04,False,sub_sched_1T7MGhE2kujhweZxCQIF8tck,active,cancel,1,2029-03-04,"[{""end_date"": ""2029-03-04"", ""items"": [{""price_id"": ""price_1TdN6sE2kujhweZxiCkryzCI"", ""quantity"": 1}, {""price_id"": ""price_1R8l1SE2kujhweZxySQB0Ift"", ""quantity"": 1}], ""proration_behavior"": ""none"", ""start_date"": ""2026-06-01""}]",True,True,[],would_release_schedule,True,Subscription has one active schedule phase with end_behavior=cancel. The schedule can be released and the remaining cancel_at can be cleared.,
sub_1T7M7IE2kujhweZxgGYLF34D,cus_U5XBcUhMoRFR9F,active,2026-03-04,2076-03-04,2029-03-04,1867291556,2029-03-04,False,sub_sched_1T7M7IE2kujhweZxejoLcg49,active,cancel,1,2029-03-04,"[{""end_date"": ""2029-03-04"", ""items"": [{""price_id"": ""price_1TdN6uE2kujhweZx1WKhUZcW"", ""quantity"": 1}, {""price_id"": ""price_1R8l1SE2kujhweZxySQB0Ift"", ""quantity"": 1}], ""proration_behavior"": ""none"", ""start_date"": ""2026-06-01""}]",True,True,[],would_release_schedule,True,Subscription has one active schedule phase with end_behavior=cancel. The schedule can be released and the remaining cancel_at can be cleared.,
sub_1T7M2FE2kujhweZx7vmqAo34,cus_U5X6r3eutzFpad,active,2026-03-04,2076-03-04,2029-03-04,1867291558,2029-03-04,False,sub_sched_1T7M2FE2kujhweZxvAeaJe8i,active,cancel,1,2029-03-04,"[{""end_date"": ""2029-03-04"", ""items"": [{""price_id"": ""price_1TdN6wE2kujhweZxlY5JRLNr"", ""quantity"": 1}, {""price_id"": ""price_1R8l1SE2kujhweZxySQB0Ift"", ""quantity"": 1}], ""proration_behavior"": ""none"", ""start_date"": ""2026-06-01""}]",True,True,[],would_release_schedule,True,Subscription has one active schedule phase with end_behavior=cancel. The schedule can be released and the remaining cancel_at can be cleared.,
sub_1T7Lv7E2kujhweZx9HxFLoPM,cus_U5WyLs5f0gV5x3,active,2026-03-04,2076-03-04,2029-03-04,1867374774,2029-03-05,False,sub_sched_1T7Lv7E2kujhweZx5nZDjkRq,active,cancel,1,2029-03-05,"[{""end_date"": ""2029-03-05"", ""items"": [{""price_id"": ""price_1Tdil7E2kujhweZxQallGlFt"", ""quantity"": 1}, {""price_id"": ""price_1R8l1SE2kujhweZxySQB0Ift"", ""quantity"": 1}], ""proration_behavior"": ""none"", ""start_date"": ""2026-06-02""}]",True,True,[],would_release_schedule,True,Subscription has one active schedule phase with end_behavior=cancel. The schedule can be released and the remaining cancel_at can be cleared.,
sub_1T7LpkE2kujhweZx7cMIWtoe,cus_U5WtwHgFoVdrMT,active,2026-03-04,2076-03-04,2029-03-04,1867291560,2029-03-04,False,sub_sched_1T7LpkE2kujhweZxzPOmWjmD,active,cancel,1,2029-03-04,"[{""end_date"": ""2029-03-04"", ""items"": [{""price_id"": ""price_1TdN6xE2kujhweZxCcqGwujh"", ""quantity"": 1}, {""price_id"": ""price_1R8l1SE2kujhweZxySQB0Ift"", ""quantity"": 1}], ""proration_behavior"": ""none"", ""start_date"": ""2026-06-01""}]",True,True,[],would_release_schedule,True,Subscription has one active schedule phase with end_behavior=cancel. The schedule can be released and the remaining cancel_at can be cleared.,
sub_1T6afME2kujhweZxHIf3taWd,cus_U4k9bqslu8OwCN,active,2026-03-02,2076-03-02,2029-03-02,1867118761,2029-03-02,False,sub_sched_1T6afME2kujhweZxs8t0xToc,active,cancel,1,2029-03-02,"[{""end_date"": ""2029-03-02"", ""items"": [{""price_id"": ""price_1TdN6zE2kujhweZxRcB2KH4u"", ""quantity"": 1}, {""price_id"": ""price_1R8l1SE2kujhweZxySQB0Ift"", ""quantity"": 1}], ""proration_behavior"": ""none"", ""start_date"": ""2026-06-01""}]",True,True,[],would_release_schedule,True,Subscription has one active schedule phase with end_behavior=cancel. The schedule can be released and the remaining cancel_at can be cleared.,
sub_1T6aYoE2kujhweZxwDzespw5,cus_U4k2Gq3nqLjFoi,active,2026-03-02,2076-03-02,2029-03-02,1867118763,2029-03-02,False,sub_sched_1T6aYoE2kujhweZxnwsAHAVv,active,cancel,1,2029-03-02,"[{""end_date"": ""2029-03-02"", ""items"": [{""price_id"": ""price_1TdN71E2kujhweZxxmjfM9Si"", ""quantity"": 1}, {""price_id"": ""price_1R8l1SE2kujhweZxySQB0Ift"", ""quantity"": 1}], ""proration_behavior"": ""none"", ""start_date"": ""2026-06-01""}]",True,True,[],would_release_schedule,True,Subscription has one active schedule phase with end_behavior=cancel. The schedule can be released and the remaining cancel_at can be cleared.,
sub_1T6aH4E2kujhweZx34eS9wNk,cus_U4jkjAEDU7aPx6,active,2026-03-02,2076-03-02,2029-03-02,1867118764,2029-03-02,False,sub_sched_1T6aH4E2kujhweZxFTH9xxbT,active,cancel,1,2029-03-02,"[{""end_date"": ""2029-03-02"", ""items"": [{""price_id"": ""price_1TdN72E2kujhweZxVKwGR9Nh"", ""quantity"": 1}, {""price_id"": ""price_1R8l1SE2kujhweZxySQB0Ift"", ""quantity"": 1}], ""proration_behavior"": ""none"", ""start_date"": ""2026-06-01""}]",True,True,[],would_release_schedule,True,Subscription has one active schedule phase with end_behavior=cancel. The schedule can be released and the remaining cancel_at can be cleared.,
sub_1T5XvrE2kujhweZxUPALA1p4,cus_U3fGw5irS6rEMT,active,2026-02-27,2076-02-27,2029-02-27,1866859566,2029-02-27,False,sub_sched_1T5XvrE2kujhweZxSAtdRu8O,active,cancel,1,2029-02-27,"[{""end_date"": ""2029-02-27"", ""items"": [{""price_id"": ""price_1TdN74E2kujhweZxN0AbDB1E"", ""quantity"": 1}, {""price_id"": ""price_1R8l1SE2kujhweZxySQB0Ift"", ""quantity"": 1}], ""proration_behavior"": ""none"", ""start_date"": ""2026-06-01""}]",True,True,[],would_release_schedule,True,Subscription has one active schedule phase with end_behavior=cancel. The schedule can be released and the remaining cancel_at can be cleared.,
sub_1T5WsOE2kujhweZxftJWp1is,cus_U3eALIfadsDEwc,active,2026-02-27,2076-02-27,2029-02-27,1866859568,2029-02-27,False,sub_sched_1T5WsOE2kujhweZxzQiIqMA2,active,cancel,1,2029-02-27,"[{""end_date"": ""2029-02-27"", ""items"": [{""price_id"": ""price_1TdN75E2kujhweZxy5CLlGYY"", ""quantity"": 1}, {""price_id"": ""price_1R8l1SE2kujhweZxySQB0Ift"", ""quantity"": 1}], ""proration_behavior"": ""none"", ""start_date"": ""2026-06-01""}]",True,True,[],would_release_schedule,True,Subscription has one active schedule phase with end_behavior=cancel. The schedule can be released and the remaining cancel_at can be cleared.,
sub_1T5WiDE2kujhweZxF37mGTiL,cus_U3dz6fux58NBVv,active,2026-02-27,2076-02-27,2029-02-27,1866859569,2029-02-27,False,sub_sched_1T5WiDE2kujhweZxkFOrvQdd,active,cancel,1,2029-02-27,"[{""end_date"": ""2029-02-27"", ""items"": [{""price_id"": ""price_1TdN77E2kujhweZxwnOLKepo"", ""quantity"": 1}, {""price_id"": ""price_1R8l1SE2kujhweZxySQB0Ift"", ""quantity"": 1}], ""proration_behavior"": ""none"", ""start_date"": ""2026-06-01""}]",True,True,[],would_release_schedule,True,Subscription has one active schedule phase with end_behavior=cancel. The schedule can be released and the remaining cancel_at can be cleared.,
sub_1T5VobE2kujhweZxMIukrY2R,cus_U3d4eSQdBztBum,active,2026-02-27,2076-02-27,2029-02-27,1866859571,2029-02-27,False,sub_sched_1T5VobE2kujhweZxjPnhkj9c,active,cancel,1,2029-02-27,"[{""end_date"": ""2029-02-27"", ""items"": [{""price_id"": ""price_1TdN79E2kujhweZxpPk16OIT"", ""quantity"": 1}, {""price_id"": ""price_1R8l1SE2kujhweZxySQB0Ift"", ""quantity"": 1}], ""proration_behavior"": ""none"", ""start_date"": ""2026-06-01""}]",True,True,[],would_release_schedule,True,Subscription has one active schedule phase with end_behavior=cancel. The schedule can be released and the remaining cancel_at can be cleared.,
sub_1SyzuoE2kujhweZxG043LCs3,cus_Twti18y39aowVc,active,2026-02-09,2076-02-09,2029-02-09,1865304373,2029-02-09,False,sub_sched_1SyzuoE2kujhweZx3JDV46Rk,active,cancel,1,2029-02-09,"[{""end_date"": ""2029-02-09"", ""items"": [{""price_id"": ""price_1TdN7BE2kujhweZxPVEj8BnQ"", ""quantity"": 1}, {""price_id"": ""price_1R8l1SE2kujhweZxySQB0Ift"", ""quantity"": 1}], ""proration_behavior"": ""none"", ""start_date"": ""2026-06-01""}]",True,True,[],would_release_schedule,True,Subscription has one active schedule phase with end_behavior=cancel. The schedule can be released and the remaining cancel_at can be cleared.,
sub_1SyzqkE2kujhweZxBd3LjGdn,cus_Twtd81CgCgF14X,active,2026-02-09,2076-02-09,2029-02-09,1865304375,2029-02-09,False,sub_sched_1SyzqkE2kujhweZxuUaLxGav,active,cancel,1,2029-02-09,"[{""end_date"": ""2029-02-09"", ""items"": [{""price_id"": ""price_1TdN7CE2kujhweZxJ1TV0D1L"", ""quantity"": 1}, {""price_id"": ""price_1R8l1SE2kujhweZxySQB0Ift"", ""quantity"": 1}], ""proration_behavior"": ""none"", ""start_date"": ""2026-06-01""}]",True,True,[],would_release_schedule,True,Subscription has one active schedule phase with end_behavior=cancel. The schedule can be released and the remaining cancel_at can be cleared.,
sub_1SyyG3E2kujhweZxwMyyJinB,cus_Twrweb8U5jb5KL,active,2026-02-09,2076-02-09,2029-02-09,1865304376,2029-02-09,False,sub_sched_1SyyG3E2kujhweZx9GStPP6J,active,cancel,1,2029-02-09,"[{""end_date"": ""2029-02-09"", ""items"": [{""price_id"": ""price_1TdN7EE2kujhweZxwdNfhmBS"", ""quantity"": 1}, {""price_id"": ""price_1R8l1SE2kujhweZxySQB0Ift"", ""quantity"": 1}], ""proration_behavior"": ""none"", ""start_date"": ""2026-06-01""}]",True,True,[],would_release_schedule,True,Subscription has one active schedule phase with end_behavior=cancel. The schedule can be released and the remaining cancel_at can be cleared.,
sub_1SyxmuE2kujhweZx3BNJFVO2,cus_TwrVcFkCAQzRY1,active,2026-02-09,2076-02-09,2029-02-09,1865350696,2029-02-09,False,sub_sched_1SyxmuE2kujhweZxJP7MWSkb,active,cancel,1,2029-02-09,"[{""end_date"": ""2029-02-09"", ""items"": [{""price_id"": ""price_1TdN7GE2kujhweZx59hjzJtZ"", ""quantity"": 1}, {""price_id"": ""price_1R8l1SE2kujhweZxySQB0Ift"", ""quantity"": 1}], ""proration_behavior"": ""none"", ""start_date"": ""2026-07-09""}]",True,True,[],would_release_schedule,True,Subscription has one active schedule phase with end_behavior=cancel. The schedule can be released and the remaining cancel_at can be cleared.,
sub_1SyxZIE2kujhweZxKgkxdNcJ,cus_TwrHtvk6VT9mxr,active,2026-02-09,2076-02-09,2029-02-09,1865304381,2029-02-09,False,sub_sched_1SyxZIE2kujhweZx5RKJsQkB,active,cancel,1,2029-02-09,"[{""end_date"": ""2029-02-09"", ""items"": [{""price_id"": ""price_1TdN7JE2kujhweZxPG9sb8xh"", ""quantity"": 1}, {""price_id"": ""price_1R8l1SE2kujhweZxySQB0Ift"", ""quantity"": 1}], ""proration_behavior"": ""none"", ""start_date"": ""2026-06-01""}]",True,True,[],would_release_schedule,True,Subscription has one active schedule phase with end_behavior=cancel. The schedule can be released and the remaining cancel_at can be cleared.,
sub_1SyxM0E2kujhweZxlJMs13gR,cus_Twr4dZHq4E8eDn,active,2026-02-09,2076-02-09,2029-02-09,1865304383,2029-02-09,False,sub_sched_1SyxM0E2kujhweZxdiyOaiRu,active,cancel,1,2029-02-09,"[{""end_date"": ""2029-02-09"", ""items"": [{""price_id"": ""price_1TdN7KE2kujhweZx4uXagUQh"", ""quantity"": 1}, {""price_id"": ""price_1R8l1SE2kujhweZxySQB0Ift"", ""quantity"": 1}], ""proration_behavior"": ""none"", ""start_date"": ""2026-06-01""}]",True,True,[],would_release_schedule,True,Subscription has one active schedule phase with end_behavior=cancel. The schedule can be released and the remaining cancel_at can be cleared.,
sub_1SyxHeE2kujhweZxGcDxmbUL,cus_TwqzpfY9TP06Tn,active,2026-02-09,2076-02-09,2029-02-09,1865387575,2029-02-10,False,sub_sched_1SyxHeE2kujhweZxfkk4FrtM,active,cancel,1,2029-02-10,"[{""end_date"": ""2029-02-10"", ""items"": [{""price_id"": ""price_1Tdil9E2kujhweZx0Oaxyq85"", ""quantity"": 1}, {""price_id"": ""price_1R8l1SE2kujhweZxySQB0Ift"", ""quantity"": 1}], ""proration_behavior"": ""none"", ""start_date"": ""2026-06-02""}]",True,True,[],would_release_schedule,True,Subscription has one active schedule phase with end_behavior=cancel. The schedule can be released and the remaining cancel_at can be cleared.,
sub_1SywvWE2kujhweZxTW4viwgO,cus_TwqcjDB8NFH7bG,active,2026-02-09,2076-02-09,2029-02-09,1865304385,2029-02-09,False,sub_sched_1SywvWE2kujhweZxpgFEsHOP,active,cancel,1,2029-02-09,"[{""end_date"": ""2029-02-09"", ""items"": [{""price_id"": ""price_1TdN7ME2kujhweZxBxXmyI1y"", ""quantity"": 1}, {""price_id"": ""price_1R8l1SE2kujhweZxySQB0Ift"", ""quantity"": 1}], ""proration_behavior"": ""none"", ""start_date"": ""2026-06-01""}]",True,True,[],would_release_schedule,True,Subscription has one active schedule phase with end_behavior=cancel. The schedule can be released and the remaining cancel_at can be cleared.,
sub_1Sywo6E2kujhweZxUzNKdLdV,cus_TwqVXDVtlqwqPZ,active,2026-02-09,2076-02-09,2029-02-09,1865304386,2029-02-09,False,sub_sched_1Sywo6E2kujhweZxzCO5F04c,active,cancel,1,2029-02-09,"[{""end_date"": ""2029-02-09"", ""items"": [{""price_id"": ""price_1TdN7OE2kujhweZxDSsBZirc"", ""quantity"": 1}, {""price_id"": ""price_1R8l1SE2kujhweZxySQB0Ift"", ""quantity"": 1}], ""proration_behavior"": ""none"", ""start_date"": ""2026-06-01""}]",True,True,[],would_release_schedule,True,Subscription has one active schedule phase with end_behavior=cancel. The schedule can be released and the remaining cancel_at can be cleared.,
sub_1SywhWE2kujhweZxQqvTQ3Vc,cus_TwqOMQmH37KYmP,active,2026-02-09,2076-02-09,2029-02-09,1865304388,2029-02-09,False,sub_sched_1SywhWE2kujhweZxi4belVmF,active,cancel,1,2029-02-09,"[{""end_date"": ""2029-02-09"", ""items"": [{""price_id"": ""price_1TdN7QE2kujhweZxoE3hmklM"", ""quantity"": 1}, {""price_id"": ""price_1R8l1SE2kujhweZxySQB0Ift"", ""quantity"": 1}], ""proration_behavior"": ""none"", ""start_date"": ""2026-06-01""}]",True,True,[],would_release_schedule,True,Subscription has one active schedule phase with end_behavior=cancel. The schedule can be released and the remaining cancel_at can be cleared.,
sub_1SywTKE2kujhweZx0MSIqGcB,cus_Twq9JpfSDQUuXc,active,2026-02-09,2076-02-09,2029-02-09,1865372834,2029-02-09,False,sub_sched_1SywTKE2kujhweZxvCuVAzCO,active,cancel,1,2029-02-09,"[{""end_date"": ""2029-02-09"", ""items"": [{""price_id"": ""price_1TdevNE2kujhweZxIGArW7uy"", ""quantity"": 1}, {""price_id"": ""price_1R8l1SE2kujhweZxySQB0Ift"", ""quantity"": 1}], ""proration_behavior"": ""none"", ""start_date"": ""2026-06-01""}]",True,True,[],would_release_schedule,True,Subscription has one active schedule phase with end_behavior=cancel. The schedule can be released and the remaining cancel_at can be cleared.,
sub_1SxubxE2kujhweZxOOIhX7hE,cus_TvmAemcZu5H42G,active,2026-02-06,2076-02-06,2029-02-06,1865045190,2029-02-06,False,sub_sched_1SxubxE2kujhweZxISkhO97c,active,cancel,1,2029-02-06,"[{""end_date"": ""2029-02-06"", ""items"": [{""price_id"": ""price_1TdN7SE2kujhweZxJAgUmK5K"", ""quantity"": 1}, {""price_id"": ""price_1R8l1SE2kujhweZxySQB0Ift"", ""quantity"": 1}], ""proration_behavior"": ""none"", ""start_date"": ""2026-06-01""}]",True,True,[],would_release_schedule,True,Subscription has one active schedule phase with end_behavior=cancel. The schedule can be released and the remaining cancel_at can be cleared.,
sub_1SxuJlE2kujhweZx2VbtYj3b,cus_TvlrTi4yyyqAy1,active,2026-02-06,2076-02-06,2029-02-06,1865099029,2029-02-06,False,sub_sched_1SxuJlE2kujhweZxzXmqctVd,active,cancel,1,2029-02-06,"[{""end_date"": ""2029-02-06"", ""items"": [{""price_id"": ""price_1TdN7TE2kujhweZxoChhqTdL"", ""quantity"": 1}, {""price_id"": ""price_1R8l1SE2kujhweZxySQB0Ift"", ""quantity"": 1}], ""proration_behavior"": ""none"", ""start_date"": ""2026-06-06""}]",True,True,[],would_release_schedule,True,Subscription has one active schedule phase with end_behavior=cancel. The schedule can be released and the remaining cancel_at can be cleared.,
sub_1SxtvME2kujhweZxVfE432dy,cus_TvlSQpGCuhXX3g,active,2026-02-06,2076-02-06,2029-02-06,1865045193,2029-02-06,False,sub_sched_1SxtvME2kujhweZxYCb4AaRi,active,cancel,1,2029-02-06,"[{""end_date"": ""2029-02-06"", ""items"": [{""price_id"": ""price_1TdN7VE2kujhweZxVwvhXUme"", ""quantity"": 1}, {""price_id"": ""price_1R8l1SE2kujhweZxySQB0Ift"", ""quantity"": 1}], ""proration_behavior"": ""none"", ""start_date"": ""2026-06-01""}]",True,True,[],would_release_schedule,True,Subscription has one active schedule phase with end_behavior=cancel. The schedule can be released and the remaining cancel_at can be cleared.,
sub_1Swl6JE2kujhweZx2nkjDkws,cus_TuaGWU67FnhNLF,active,2026-02-03,2076-02-03,2029-02-03,1864785995,2029-02-03,False,sub_sched_1Swl6JE2kujhweZx4n1Ukf70,active,cancel,1,2029-02-03,"[{""end_date"": ""2029-02-03"", ""items"": [{""price_id"": ""price_1TdN7XE2kujhweZxy3OluhI5"", ""quantity"": 1}, {""price_id"": ""price_1R8l1SE2kujhweZxySQB0Ift"", ""quantity"": 1}], ""proration_behavior"": ""none"", ""start_date"": ""2026-06-01""}]",True,True,[],would_release_schedule,True,Subscription has one active schedule phase with end_behavior=cancel. The schedule can be released and the remaining cancel_at can be cleared.,
sub_1SwTYsE2kujhweZxBm0nviF4,cus_TuI8H704b9IO8i,active,2026-02-02,2076-02-02,2029-02-02,1864699597,2029-02-02,False,sub_sched_1SwTYsE2kujhweZxaf0Hvkp6,active,cancel,1,2029-02-02,"[{""end_date"": ""2029-02-02"", ""items"": [{""price_id"": ""price_1TdN7YE2kujhweZxzg7R6Udg"", ""quantity"": 1}, {""price_id"": ""price_1R8l1SE2kujhweZxySQB0Ift"", ""quantity"": 1}], ""proration_behavior"": ""none"", ""start_date"": ""2026-06-01""}]",True,True,[],would_release_schedule,True,Subscription has one active schedule phase with end_behavior=cancel. The schedule can be released and the remaining cancel_at can be cleared.,
sub_1SwShYE2kujhweZx9G1w62fS,cus_TuHFXfBTj2hk6r,active,2026-02-02,2076-02-02,2029-02-02,1864699599,2029-02-02,False,sub_sched_1SwShYE2kujhweZxNSerYHtG,active,cancel,1,2029-02-02,"[{""end_date"": ""2029-02-02"", ""items"": [{""price_id"": ""price_1TdN7aE2kujhweZxxDoM47KG"", ""quantity"": 1}, {""price_id"": ""price_1R8l1SE2kujhweZxySQB0Ift"", ""quantity"": 1}], ""proration_behavior"": ""none"", ""start_date"": ""2026-06-01""}]",True,True,[],would_release_schedule,True,Subscription has one active schedule phase with end_behavior=cancel. The schedule can be released and the remaining cancel_at can be cleared.,
sub_1SwSRVE2kujhweZxn1HK1ah9,cus_TuGzWs5sI2eAKT,active,2026-02-02,2076-02-02,2029-02-02,1864699600,2029-02-02,False,sub_sched_1SwSRVE2kujhweZxzlW07xDD,active,cancel,1,2029-02-02,"[{""end_date"": ""2029-02-02"", ""items"": [{""price_id"": ""price_1TdN7cE2kujhweZx8hHK1t4Z"", ""quantity"": 1}, {""price_id"": ""price_1R8l1SE2kujhweZxySQB0Ift"", ""quantity"": 1}], ""proration_behavior"": ""none"", ""start_date"": ""2026-06-01""}]",True,True,[],would_release_schedule,True,Subscription has one active schedule phase with end_behavior=cancel. The schedule can be released and the remaining cancel_at can be cleared.,
sub_1SwSEvE2kujhweZxdENpmBN5,cus_TuGmeHGqc441FO,active,2026-02-02,2076-02-02,2029-02-02,1864699602,2029-02-02,False,sub_sched_1SwSEuE2kujhweZxshirHBU2,active,cancel,1,2029-02-02,"[{""end_date"": ""2029-02-02"", ""items"": [{""price_id"": ""price_1TdN7eE2kujhweZxjZqCxfnt"", ""quantity"": 1}, {""price_id"": ""price_1R8l1SE2kujhweZxySQB0Ift"", ""quantity"": 1}], ""proration_behavior"": ""none"", ""start_date"": ""2026-06-01""}]",True,True,[],would_release_schedule,True,Subscription has one active schedule phase with end_behavior=cancel. The schedule can be released and the remaining cancel_at can be cleared.,
sub_1SwRxcE2kujhweZxCMQasOE7,cus_TuGSMus9JCmxMq,active,2026-02-02,2076-02-02,2029-02-02,1864699604,2029-02-02,False,sub_sched_1SwRxcE2kujhweZxEyVXrz7k,active,cancel,1,2029-02-02,"[{""end_date"": ""2029-02-02"", ""items"": [{""price_id"": ""price_1TdN7fE2kujhweZxM5mzh1o6"", ""quantity"": 1}, {""price_id"": ""price_1R8l1SE2kujhweZxySQB0Ift"", ""quantity"": 1}], ""proration_behavior"": ""none"", ""start_date"": ""2026-06-01""}]",True,True,[],would_release_schedule,True,Subscription has one active schedule phase with end_behavior=cancel. The schedule can be released and the remaining cancel_at can be cleared.,
sub_1SpEOoE2kujhweZxLEBVV9YU,cus_TmnynrhqLRqOMN,active,2026-01-13,2076-01-13,2029-01-13,1862971605,2029-01-13,False,sub_sched_1SpEOoE2kujhweZxO8p2Nlln,active,cancel,1,2029-01-13,"[{""end_date"": ""2029-01-13"", ""items"": [{""price_id"": ""price_1TdN7hE2kujhweZxUFl5MMr8"", ""quantity"": 1}, {""price_id"": ""price_1R8l1SE2kujhweZxySQB0Ift"", ""quantity"": 1}], ""proration_behavior"": ""none"", ""start_date"": ""2026-06-01""}]",True,True,[],would_release_schedule,True,Subscription has one active schedule phase with end_behavior=cancel. The schedule can be released and the remaining cancel_at can be cleared.,
sub_1Sor3WE2kujhweZxldsAhyrP,cus_TmPt2iVHu6nPCA,active,2026-01-12,2076-01-12,2029-01-12,1862885208,2029-01-12,False,sub_sched_1Sor3WE2kujhweZxSbw7oD3v,active,cancel,1,2029-01-12,"[{""end_date"": ""2029-01-12"", ""items"": [{""price_id"": ""price_1TdN7jE2kujhweZxu68cQSyH"", ""quantity"": 1}, {""price_id"": ""price_1R8l1SE2kujhweZxySQB0Ift"", ""quantity"": 1}], ""proration_behavior"": ""none"", ""start_date"": ""2026-06-01""}]",True,True,[],would_release_schedule,True,Subscription has one active schedule phase with end_behavior=cancel. The schedule can be released and the remaining cancel_at can be cleared.,
sub_1SoqtqE2kujhweZxECHrtg4K,cus_TmPjEcqWY0tSJD,active,2026-01-12,2076-01-12,2029-01-12,1862885210,2029-01-12,False,sub_sched_1SoqtqE2kujhweZxAOWmhzcY,active,cancel,1,2029-01-12,"[{""end_date"": ""2029-01-12"", ""items"": [{""price_id"": ""price_1R8l1SE2kujhweZxySQB0Ift"", ""quantity"": 1}, {""price_id"": ""price_1TdN7lE2kujhweZxr2Mwks8u"", ""quantity"": 1}], ""proration_behavior"": ""none"", ""start_date"": ""2026-06-01""}]",True,True,[],would_release_schedule,True,Subscription has one active schedule phase with end_behavior=cancel. The schedule can be released and the remaining cancel_at can be cleared.,
sub_1SoqjHE2kujhweZx1vZdge74,cus_TmPYAO2n1q2ol5,active,2026-01-12,2076-01-12,2029-01-12,1862918535,2029-01-12,False,sub_sched_1SoqjHE2kujhweZxEwMCRJvY,active,cancel,1,2029-01-12,"[{""end_date"": ""2029-01-12"", ""items"": [{""price_id"": ""price_1TdN7nE2kujhweZxcprAoaQf"", ""quantity"": 1}, {""price_id"": ""price_1R8l1SE2kujhweZxySQB0Ift"", ""quantity"": 1}], ""proration_behavior"": ""none"", ""start_date"": ""2026-07-09""}]",True,True,[],would_release_schedule,True,Subscription has one active schedule phase with end_behavior=cancel. The schedule can be released and the remaining cancel_at can be cleared.,
sub_1SoqZnE2kujhweZx0qtDLzTv,cus_TmPOlGSaycn08p,active,2026-01-12,2076-01-12,2029-01-12,1862885213,2029-01-12,False,sub_sched_1SoqZnE2kujhweZxEQxwghg7,active,cancel,1,2029-01-12,"[{""end_date"": ""2029-01-12"", ""items"": [{""price_id"": ""price_1TdN7pE2kujhweZxxaYFmCXF"", ""quantity"": 1}, {""price_id"": ""price_1R8l1SE2kujhweZxySQB0Ift"", ""quantity"": 1}], ""proration_behavior"": ""none"", ""start_date"": ""2026-06-01""}]",True,True,[],would_release_schedule,True,Subscription has one active schedule phase with end_behavior=cancel. The schedule can be released and the remaining cancel_at can be cleared.,
sub_1SoqQTE2kujhweZxi80wZAJX,cus_TmPEaAN68nn9R7,active,2026-01-12,2076-01-12,2029-01-12,1862885215,2029-01-12,False,sub_sched_1SoqQTE2kujhweZxT5sHCZoq,active,cancel,1,2029-01-12,"[{""end_date"": ""2029-01-12"", ""items"": [{""price_id"": ""price_1TdN7qE2kujhweZxmM7t1hLA"", ""quantity"": 1}, {""price_id"": ""price_1R8l1SE2kujhweZxySQB0Ift"", ""quantity"": 1}], ""proration_behavior"": ""none"", ""start_date"": ""2026-06-01""}]",True,True,[],would_release_schedule,True,Subscription has one active schedule phase with end_behavior=cancel. The schedule can be released and the remaining cancel_at can be cleared.,
sub_1SooTNE2kujhweZxhvsorm08,cus_TmNDIxw1cgtczI,active,2026-01-12,2076-01-12,2029-01-12,1862885216,2029-01-12,False,sub_sched_1SooTME2kujhweZx5h3LBv5Y,active,cancel,1,2029-01-12,"[{""end_date"": ""2029-01-12"", ""items"": [{""price_id"": ""price_1TdN7sE2kujhweZxlae7MQhB"", ""quantity"": 1}, {""price_id"": ""price_1R8l1SE2kujhweZxySQB0Ift"", ""quantity"": 1}], ""proration_behavior"": ""none"", ""start_date"": ""2026-06-01""}]",True,True,[],would_release_schedule,True,Subscription has one active schedule phase with end_behavior=cancel. The schedule can be released and the remaining cancel_at can be cleared.,
sub_1SontQE2kujhweZxnyRvsGB1,cus_TmMc4dkZpMwCxo,active,2026-01-12,2076-01-12,2029-01-12,1862885218,2029-01-12,False,sub_sched_1SontQE2kujhweZxJaEhc86c,active,cancel,1,2029-01-12,"[{""end_date"": ""2029-01-12"", ""items"": [{""price_id"": ""price_1TdN7uE2kujhweZxcllyTWyV"", ""quantity"": 1}, {""price_id"": ""price_1R8l1SE2kujhweZxySQB0Ift"", ""quantity"": 1}], ""proration_behavior"": ""none"", ""start_date"": ""2026-06-01""}]",True,True,[],would_release_schedule,True,Subscription has one active schedule phase with end_behavior=cancel. The schedule can be released and the remaining cancel_at can be cleared.,
sub_1SonlfE2kujhweZx9K408SKF,cus_TmMU2ydVnzgyli,active,2026-01-12,2076-01-12,2029-01-12,1862885220,2029-01-12,False,sub_sched_1SonlfE2kujhweZxGBgeMw2M,active,cancel,1,2029-01-12,"[{""end_date"": ""2029-01-12"", ""items"": [{""price_id"": ""price_1TdN7vE2kujhweZxBQAHmlOq"", ""quantity"": 1}, {""price_id"": ""price_1R8l1SE2kujhweZxySQB0Ift"", ""quantity"": 1}], ""proration_behavior"": ""none"", ""start_date"": ""2026-06-01""}]",True,True,[],would_release_schedule,True,Subscription has one active schedule phase with end_behavior=cancel. The schedule can be released and the remaining cancel_at can be cleared.,
sub_1SoneAE2kujhweZxk67JNvlQ,cus_TmMM7mAcIQZF0c,active,2026-01-12,2076-01-12,2029-01-12,1862885221,2029-01-12,False,sub_sched_1SoneAE2kujhweZxWk8XbmEd,active,cancel,1,2029-01-12,"[{""end_date"": ""2029-01-12"", ""items"": [{""price_id"": ""price_1TdN7xE2kujhweZxR6EaXVFq"", ""quantity"": 1}, {""price_id"": ""price_1R8l1SE2kujhweZxySQB0Ift"", ""quantity"": 1}], ""proration_behavior"": ""none"", ""start_date"": ""2026-06-01""}]",True,True,[],would_release_schedule,True,Subscription has one active schedule phase with end_behavior=cancel. The schedule can be released and the remaining cancel_at can be cleared.,
sub_1ShucwE2kujhweZx9prlUW88,cus_TfF7SBDHcZOy9l,active,2025-12-24,2075-12-24,2028-12-24,1861243625,2028-12-24,False,sub_sched_1ShucwE2kujhweZxWJAnwk2F,active,cancel,1,2028-12-24,"[{""end_date"": ""2028-12-24"", ""items"": [{""price_id"": ""price_1TdN81E2kujhweZx9L6n6y8q"", ""quantity"": 1}, {""price_id"": ""price_1R8l1SE2kujhweZxySQB0Ift"", ""quantity"": 1}], ""proration_behavior"": ""none"", ""start_date"": ""2026-06-01""}]",True,True,[],would_release_schedule,True,Subscription has one active schedule phase with end_behavior=cancel. The schedule can be released and the remaining cancel_at can be cleared.,
sub_1ShuQpE2kujhweZxpPBWL9Sp,cus_TfEu3iFRoaAAj4,active,2025-12-24,2075-12-24,2028-12-24,1861243627,2028-12-24,False,sub_sched_1ShuQpE2kujhweZxFJXkUkpT,active,cancel,1,2028-12-24,"[{""end_date"": ""2028-12-24"", ""items"": [{""price_id"": ""price_1TdN83E2kujhweZxMLAofn2G"", ""quantity"": 1}, {""price_id"": ""price_1R8l1SE2kujhweZxySQB0Ift"", ""quantity"": 1}], ""proration_behavior"": ""none"", ""start_date"": ""2026-06-01""}]",True,True,[],would_release_schedule,True,Subscription has one active schedule phase with end_behavior=cancel. The schedule can be released and the remaining cancel_at can be cleared.,
sub_1ShuAyE2kujhweZx11pdapaC,cus_TfEeJhJmv0HRYr,active,2025-12-24,2075-12-24,2028-12-24,1861243629,2028-12-24,False,sub_sched_1ShuAyE2kujhweZxmQD77Gpc,active,cancel,1,2028-12-24,"[{""end_date"": ""2028-12-24"", ""items"": [{""price_id"": ""price_1TdN84E2kujhweZxhhHEum9d"", ""quantity"": 1}, {""price_id"": ""price_1R8l1SE2kujhweZxySQB0Ift"", ""quantity"": 1}], ""proration_behavior"": ""none"", ""start_date"": ""2026-06-01""}]",True,True,[],would_release_schedule,True,Subscription has one active schedule phase with end_behavior=cancel. The schedule can be released and the remaining cancel_at can be cleared.,
sub_1Shu5sE2kujhweZxrk3pO4qZ,cus_TfEYTG965hoFyW,active,2025-12-24,2075-12-24,2028-12-24,1861243630,2028-12-24,False,sub_sched_1Shu5sE2kujhweZxZz1sUa8v,active,cancel,1,2028-12-24,"[{""end_date"": ""2028-12-24"", ""items"": [{""price_id"": ""price_1TdN86E2kujhweZxFxGXHGDd"", ""quantity"": 1}, {""price_id"": ""price_1R8l1SE2kujhweZxySQB0Ift"", ""quantity"": 1}], ""proration_behavior"": ""none"", ""start_date"": ""2026-06-01""}]",True,True,[],would_release_schedule,True,Subscription has one active schedule phase with end_behavior=cancel. The schedule can be released and the remaining cancel_at can be cleared.,
sub_1ShtzDE2kujhweZxGRVWnyl2,cus_TfESmGy5wYfiBg,active,2025-12-24,2075-12-24,2028-12-24,1861243632,2028-12-24,False,sub_sched_1ShtzDE2kujhweZxOYsiDdqV,active,cancel,1,2028-12-24,"[{""end_date"": ""2028-12-24"", ""items"": [{""price_id"": ""price_1TdN88E2kujhweZxu4hzdyZv"", ""quantity"": 1}, {""price_id"": ""price_1R8l1SE2kujhweZxySQB0Ift"", ""quantity"": 1}], ""proration_behavior"": ""none"", ""start_date"": ""2026-06-01""}]",True,True,[],would_release_schedule,True,Subscription has one active schedule phase with end_behavior=cancel. The schedule can be released and the remaining cancel_at can be cleared.,
sub_1ShtpvE2kujhweZxdXuO8cv0,cus_TfEIpSPG4v1x6x,active,2025-12-24,2075-12-24,2028-12-24,1861243634,2028-12-24,False,sub_sched_1ShtpvE2kujhweZxRAOZCtdj,active,cancel,1,2028-12-24,"[{""end_date"": ""2028-12-24"", ""items"": [{""price_id"": ""price_1TdN89E2kujhweZxER4aCUvT"", ""quantity"": 1}, {""price_id"": ""price_1R8l1SE2kujhweZxySQB0Ift"", ""quantity"": 1}], ""proration_behavior"": ""none"", ""start_date"": ""2026-06-01""}]",True,True,[],would_release_schedule,True,Subscription has one active schedule phase with end_behavior=cancel. The schedule can be released and the remaining cancel_at can be cleared.,
sub_1Shtb7E2kujhweZxMyK7WMon,cus_TfE2XAZf2j9pgh,active,2025-12-24,2075-12-24,2028-12-24,1861243635,2028-12-24,False,sub_sched_1Shtb7E2kujhweZxtLEkiYKb,active,cancel,1,2028-12-24,"[{""end_date"": ""2028-12-24"", ""items"": [{""price_id"": ""price_1TdN8BE2kujhweZxz4yU66sd"", ""quantity"": 1}, {""price_id"": ""price_1R8l1SE2kujhweZxySQB0Ift"", ""quantity"": 1}], ""proration_behavior"": ""none"", ""start_date"": ""2026-06-01""}]",True,True,[],would_release_schedule,True,Subscription has one active schedule phase with end_behavior=cancel. The schedule can be released and the remaining cancel_at can be cleared.,
sub_1Sfmv6E2kujhweZxQfazFiOy,cus_QcQ74a9nR8owLz,active,2024-08-07,2074-08-07,2027-08-07,1817611200,2027-08-07,False,sub_sched_1Sfmv6E2kujhweZxrL8DKLrY,active,cancel,1,2027-08-07,"[{""end_date"": ""2027-08-07"", ""items"": [{""price_id"": ""price_1TdN8DE2kujhweZxhyJJOnBl"", ""quantity"": 1}, {""price_id"": ""price_1PahsjE2kujhweZxZUnm9a53"", ""quantity"": 1}], ""proration_behavior"": ""none"", ""start_date"": ""2026-06-01""}]",True,True,[],would_release_schedule,True,Subscription has one active schedule phase with end_behavior=cancel. The schedule can be released and the remaining cancel_at can be cleared.,
sub_1ScBMkE2kujhweZxuAW64dJT,cus_TZK0xxwHGhbIpv,active,2025-12-08,2075-12-08,2028-12-08,1859861239,2028-12-08,False,sub_sched_1ScBMkE2kujhweZxNt4DUoud,active,cancel,1,2028-12-08,"[{""end_date"": ""2028-12-08"", ""items"": [{""price_id"": ""price_1TdN8EE2kujhweZxA4JGHyTA"", ""quantity"": 1}, {""price_id"": ""price_1R8l1SE2kujhweZxySQB0Ift"", ""quantity"": 1}], ""proration_behavior"": ""none"", ""start_date"": ""2026-06-01""}]",True,True,[],would_release_schedule,True,Subscription has one active schedule phase with end_behavior=cancel. The schedule can be released and the remaining cancel_at can be cleared.,
sub_1SZZiAE2kujhweZxAyRUYadT,cus_TWcx79v3LYXLQ9,active,2025-12-01,2075-12-01,2028-12-01,1859256440,2028-12-01,False,sub_sched_1SZZiAE2kujhweZx3Arsz1VN,active,cancel,1,2028-12-01,"[{""end_date"": ""2028-12-01"", ""items"": [{""price_id"": ""price_1TdN8GE2kujhweZxxt9eBf5P"", ""quantity"": 1}, {""price_id"": ""price_1R8l1SE2kujhweZxySQB0Ift"", ""quantity"": 1}], ""proration_behavior"": ""none"", ""start_date"": ""2026-06-01""}]",True,True,[],would_release_schedule,True,Subscription has one active schedule phase with end_behavior=cancel. The schedule can be released and the remaining cancel_at can be cleared.,
sub_1SZZdhE2kujhweZx98uXWs19,cus_TWctPE6NP5OuYI,active,2025-12-01,2075-12-01,2028-12-01,1859256442,2028-12-01,False,sub_sched_1SZZdhE2kujhweZxFRR8TWrT,active,cancel,1,2028-12-01,"[{""end_date"": ""2028-12-01"", ""items"": [{""price_id"": ""price_1TdN8IE2kujhweZxXndeqbE6"", ""quantity"": 1}, {""price_id"": ""price_1R8l1SE2kujhweZxySQB0Ift"", ""quantity"": 1}], ""proration_behavior"": ""none"", ""start_date"": ""2026-06-01""}]",True,True,[],would_release_schedule,True,Subscription has one active schedule phase with end_behavior=cancel. The schedule can be released and the remaining cancel_at can be cleared.,
sub_1SZZZHE2kujhweZxLoo4RVmJ,cus_TWcoOjpCXoL61Y,active,2025-12-01,2075-12-01,2028-12-01,1859256444,2028-12-01,False,sub_sched_1SZZZHE2kujhweZxkZqzRU9v,active,cancel,1,2028-12-01,"[{""end_date"": ""2028-12-01"", ""items"": [{""price_id"": ""price_1TdN8KE2kujhweZxnylPurYt"", ""quantity"": 1}, {""price_id"": ""price_1R8l1SE2kujhweZxySQB0Ift"", ""quantity"": 1}], ""proration_behavior"": ""none"", ""start_date"": ""2026-06-01""}]",True,True,[],would_release_schedule,True,Subscription has one active schedule phase with end_behavior=cancel. The schedule can be released and the remaining cancel_at can be cleared.,
sub_1SZZQ5E2kujhweZx1xvHPKG7,cus_TWcfpWm8Q4RT67,active,2025-12-01,2075-12-01,2028-12-01,1859256446,2028-12-01,False,sub_sched_1SZZQ5E2kujhweZxeR2cTOPD,active,cancel,1,2028-12-01,"[{""end_date"": ""2028-12-01"", ""items"": [{""price_id"": ""price_1TdN8LE2kujhweZxjG5fRcRx"", ""quantity"": 1}, {""price_id"": ""price_1R8l1SE2kujhweZxySQB0Ift"", ""quantity"": 1}], ""proration_behavior"": ""none"", ""start_date"": ""2026-06-01""}]",True,True,[],would_release_schedule,True,Subscription has one active schedule phase with end_behavior=cancel. The schedule can be released and the remaining cancel_at can be cleared.,
sub_1SZZJBE2kujhweZxLtPTD34u,cus_TWcYoZsZnCjwEr,active,2025-12-01,2075-12-01,2028-12-01,1859256447,2028-12-01,False,sub_sched_1SZZJBE2kujhweZxF0c014fQ,active,cancel,1,2028-12-01,"[{""end_date"": ""2028-12-01"", ""items"": [{""price_id"": ""price_1TdN8NE2kujhweZx05xiEoOH"", ""quantity"": 1}, {""price_id"": ""price_1R8l1SE2kujhweZxySQB0Ift"", ""quantity"": 1}], ""proration_behavior"": ""none"", ""start_date"": ""2026-06-01""}]",True,True,[],would_release_schedule,True,Subscription has one active schedule phase with end_behavior=cancel. The schedule can be released and the remaining cancel_at can be cleared.,
sub_1SZZAIE2kujhweZxzT6sDAs8,cus_TWcOlrHcSQT07l,active,2025-12-01,2075-12-01,2028-12-01,1859256449,2028-12-01,False,sub_sched_1SZZAIE2kujhweZxhFU6Gopl,active,cancel,1,2028-12-01,"[{""end_date"": ""2028-12-01"", ""items"": [{""price_id"": ""price_1TdN8PE2kujhweZxyk4sI0q1"", ""quantity"": 1}, {""price_id"": ""price_1R8l1SE2kujhweZxySQB0Ift"", ""quantity"": 1}], ""proration_behavior"": ""none"", ""start_date"": ""2026-06-01""}]",True,True,[],would_release_schedule,True,Subscription has one active schedule phase with end_behavior=cancel. The schedule can be released and the remaining cancel_at can be cleared.,
sub_1SZYsAE2kujhweZxnEgJqdXP,cus_TWc6wKMdnuZ1lC,active,2025-12-01,2075-12-01,2028-12-01,1859256451,2028-12-01,False,sub_sched_1SZYsAE2kujhweZx6TK5tTYr,active,cancel,1,2028-12-01,"[{""end_date"": ""2028-12-01"", ""items"": [{""price_id"": ""price_1TdN8QE2kujhweZxWUHppzrO"", ""quantity"": 1}, {""price_id"": ""price_1R8l1SE2kujhweZxySQB0Ift"", ""quantity"": 1}], ""proration_behavior"": ""none"", ""start_date"": ""2026-06-01""}]",True,True,[],would_release_schedule,True,Subscription has one active schedule phase with end_behavior=cancel. The schedule can be released and the remaining cancel_at can be cleared.,
sub_1SZYdJE2kujhweZx3nPRi21k,cus_TWbqtNgNd6AXOa,active,2025-12-01,2075-12-01,2028-12-01,1859256453,2028-12-01,False,sub_sched_1SZYdJE2kujhweZxfWkLsAU3,active,cancel,1,2028-12-01,"[{""end_date"": ""2028-12-01"", ""items"": [{""price_id"": ""price_1TdN8SE2kujhweZxPmRjIcYR"", ""quantity"": 1}, {""price_id"": ""price_1R8l1SE2kujhweZxySQB0Ift"", ""quantity"": 1}], ""proration_behavior"": ""none"", ""start_date"": ""2026-06-01""}]",True,True,[],would_release_schedule,True,Subscription has one active schedule phase with end_behavior=cancel. The schedule can be released and the remaining cancel_at can be cleared.,
sub_1SXj6pE2kujhweZxEiD5W3E6,cus_TUiX2Hqwn2mD7K,active,2025-11-26,2075-11-26,2028-11-26,1858824454,2028-11-26,False,sub_sched_1SXj6pE2kujhweZxmT3kuNih,active,cancel,1,2028-11-26,"[{""end_date"": ""2028-11-26"", ""items"": [{""price_id"": ""price_1TdN8UE2kujhweZxTeq877ve"", ""quantity"": 1}, {""price_id"": ""price_1R8l1SE2kujhweZxySQB0Ift"", ""quantity"": 1}], ""proration_behavior"": ""none"", ""start_date"": ""2026-06-01""}]",True,True,[],would_release_schedule,True,Subscription has one active schedule phase with end_behavior=cancel. The schedule can be released and the remaining cancel_at can be cleared.,
sub_1SUpFcE2kujhweZxyfUAC0Eq,cus_TRigCinpvu3qai,active,2025-11-18,2075-11-18,2028-11-18,1858133256,2028-11-18,False,sub_sched_1SUpFcE2kujhweZxKLnujE8S,active,cancel,1,2028-11-18,"[{""end_date"": ""2028-11-18"", ""items"": [{""price_id"": ""price_1TdN8VE2kujhweZxWTYnexpf"", ""quantity"": 1}, {""price_id"": ""price_1R8l1SE2kujhweZxySQB0Ift"", ""quantity"": 1}], ""proration_behavior"": ""none"", ""start_date"": ""2026-06-01""}]",True,True,[],would_release_schedule,True,Subscription has one active schedule phase with end_behavior=cancel. The schedule can be released and the remaining cancel_at can be cleared.,
sub_1SUVp2E2kujhweZxeHmOfFYD,cus_TROcnXpmWZA9pG,active,2025-11-17,2075-11-17,2028-11-17,1858046857,2028-11-17,False,sub_sched_1SUVp2E2kujhweZx1wFmCQVB,active,cancel,1,2028-11-17,"[{""end_date"": ""2028-11-17"", ""items"": [{""price_id"": ""price_1TdN8XE2kujhweZx9fMQIaAB"", ""quantity"": 1}, {""price_id"": ""price_1R8l1SE2kujhweZxySQB0Ift"", ""quantity"": 1}], ""proration_behavior"": ""none"", ""start_date"": ""2026-06-01""}]",True,True,[],would_release_schedule,True,Subscription has one active schedule phase with end_behavior=cancel. The schedule can be released and the remaining cancel_at can be cleared.,
sub_1SUUYhE2kujhweZx4LEDELhD,cus_TRNJkoYIG1Cv2y,active,2025-11-17,2075-11-17,2028-11-17,1858046861,2028-11-17,False,sub_sched_1SUUYhE2kujhweZxwddPXGWm,active,cancel,1,2028-11-17,"[{""end_date"": ""2028-11-17"", ""items"": [{""price_id"": ""price_1TdN8bE2kujhweZx8MtOFweA"", ""quantity"": 1}, {""price_id"": ""price_1R8l1SE2kujhweZxySQB0Ift"", ""quantity"": 1}], ""proration_behavior"": ""none"", ""start_date"": ""2026-06-01""}]",True,True,[],would_release_schedule,True,Subscription has one active schedule phase with end_behavior=cancel. The schedule can be released and the remaining cancel_at can be cleared.,
sub_1SUUESE2kujhweZxXeJrwiRZ,cus_TRMx7mDqie9IHI,active,2025-11-17,2075-11-17,2028-11-17,1858046863,2028-11-17,False,sub_sched_1SUUESE2kujhweZxUXJI5IAT,active,cancel,1,2028-11-17,"[{""end_date"": ""2028-11-17"", ""items"": [{""price_id"": ""price_1TdN8dE2kujhweZxc8kUg23Z"", ""quantity"": 1}, {""price_id"": ""price_1R8l1SE2kujhweZxySQB0Ift"", ""quantity"": 1}], ""proration_behavior"": ""none"", ""start_date"": ""2026-06-01""}]",True,True,[],would_release_schedule,True,Subscription has one active schedule phase with end_behavior=cancel. The schedule can be released and the remaining cancel_at can be cleared.,
sub_1SUTvGE2kujhweZxHDncvLyu,cus_TPYCx6H5rpNHEz,active,2025-11-12,2075-11-12,2028-11-12,1855195200,2028-10-15,False,sub_sched_1SUTvGE2kujhweZx9Kr2lFIH,active,cancel,1,2028-10-15,"[{""end_date"": ""2028-10-15"", ""items"": [{""price_id"": ""price_1TdilBE2kujhweZxI3BQjR1m"", ""quantity"": 1}, {""price_id"": ""price_1R8l1SE2kujhweZxySQB0Ift"", ""quantity"": 1}], ""proration_behavior"": ""none"", ""start_date"": ""2026-06-02""}]",True,True,[],would_release_schedule,True,Subscription has one active schedule phase with end_behavior=cancel. The schedule can be released and the remaining cancel_at can be cleared.,
sub_1ST19UE2kujhweZx7a6l7SJn,cus_TPqr6czZanFa1X,active,2025-11-13,2075-11-13,2028-11-13,1857701265,2028-11-13,False,sub_sched_1ST19UE2kujhweZxzirr6gxu,active,cancel,1,2028-11-13,"[{""end_date"": ""2028-11-13"", ""items"": [{""price_id"": ""price_1TdN8eE2kujhweZxdLz8pInI"", ""quantity"": 1}, {""price_id"": ""price_1R8l1SE2kujhweZxySQB0Ift"", ""quantity"": 1}], ""proration_behavior"": ""none"", ""start_date"": ""2026-06-01""}]",True,True,[],would_release_schedule,True,Subscription has one active schedule phase with end_behavior=cancel. The schedule can be released and the remaining cancel_at can be cleared.,
sub_1ST148E2kujhweZxfljEtfuh,cus_TPqlwIlwS28aAF,active,2025-11-13,2075-11-13,2028-11-13,1857701266,2028-11-13,False,sub_sched_1ST148E2kujhweZxnn3p2IDw,active,cancel,1,2028-11-13,"[{""end_date"": ""2028-11-13"", ""items"": [{""price_id"": ""price_1TdN8gE2kujhweZx3hbaS5dw"", ""quantity"": 1}, {""price_id"": ""price_1R8l1SE2kujhweZxySQB0Ift"", ""quantity"": 1}], ""proration_behavior"": ""none"", ""start_date"": ""2026-06-01""}]",True,True,[],would_release_schedule,True,Subscription has one active schedule phase with end_behavior=cancel. The schedule can be released and the remaining cancel_at can be cleared.,
sub_1ST0thE2kujhweZxo81kkzJz,cus_TPqa1H2yrO8Lav,active,2025-11-13,2075-11-13,2028-11-13,1857701268,2028-11-13,False,sub_sched_1ST0thE2kujhweZxgwajfSHS,active,cancel,1,2028-11-13,"[{""end_date"": ""2028-11-13"", ""items"": [{""price_id"": ""price_1TdN8iE2kujhweZxRSlpHXsI"", ""quantity"": 1}, {""price_id"": ""price_1R8l1SE2kujhweZxySQB0Ift"", ""quantity"": 1}], ""proration_behavior"": ""none"", ""start_date"": ""2026-06-01""}]",True,True,[],would_release_schedule,True,Subscription has one active schedule phase with end_behavior=cancel. The schedule can be released and the remaining cancel_at can be cleared.,
sub_1SSjKeE2kujhweZxsDykNwjI,cus_TPYRFRmXhyrfuS,active,2025-11-12,2075-11-12,2028-11-12,1857614870,2028-11-12,False,sub_sched_1SSjKeE2kujhweZx79BPb0P5,active,cancel,1,2028-11-12,"[{""end_date"": ""2028-11-12"", ""items"": [{""price_id"": ""price_1TdN8jE2kujhweZx24Szq7Uf"", ""quantity"": 1}, {""price_id"": ""price_1R8l1SE2kujhweZxySQB0Ift"", ""quantity"": 1}], ""proration_behavior"": ""none"", ""start_date"": ""2026-06-01""}]",True,True,[],would_release_schedule,True,Subscription has one active schedule phase with end_behavior=cancel. The schedule can be released and the remaining cancel_at can be cleared.,
sub_1SSjDzE2kujhweZxe2lWcwMe,cus_TPYKVYmkTXdCn3,active,2025-11-12,2075-11-12,2028-11-12,1857614871,2028-11-12,False,sub_sched_1SSjDzE2kujhweZxsEJW1ZPG,active,cancel,1,2028-11-12,"[{""end_date"": ""2028-11-12"", ""items"": [{""price_id"": ""price_1TdN8lE2kujhweZxBWN4elcE"", ""quantity"": 1}, {""price_id"": ""price_1R8l1SE2kujhweZxySQB0Ift"", ""quantity"": 1}], ""proration_behavior"": ""none"", ""start_date"": ""2026-06-01""}]",True,True,[],would_release_schedule,True,Subscription has one active schedule phase with end_behavior=cancel. The schedule can be released and the remaining cancel_at can be cleared.,
sub_1SSiubE2kujhweZxLSyTLSgh,cus_TPY0h2a9VDc3Nq,active,2025-11-12,2075-11-12,2028-11-12,1857614873,2028-11-12,False,sub_sched_1SSiubE2kujhweZxSG1ahP3i,active,cancel,1,2028-11-12,"[{""end_date"": ""2028-11-12"", ""items"": [{""price_id"": ""price_1TdN8nE2kujhweZxa93U2oXV"", ""quantity"": 1}, {""price_id"": ""price_1R8l1SE2kujhweZxySQB0Ift"", ""quantity"": 1}], ""proration_behavior"": ""none"", ""start_date"": ""2026-06-01""}]",True,True,[],would_release_schedule,True,Subscription has one active schedule phase with end_behavior=cancel. The schedule can be released and the remaining cancel_at can be cleared.,
sub_1SSinKE2kujhweZxbpJo2lgb,cus_TPXs2AwxBgruYf,active,2025-11-12,2075-11-12,2028-11-12,1857614875,2028-11-12,False,sub_sched_1SSinKE2kujhweZxDbRH324u,active,cancel,1,2028-11-12,"[{""end_date"": ""2028-11-12"", ""items"": [{""price_id"": ""price_1TdN8oE2kujhweZx0uVHUDTa"", ""quantity"": 1}, {""price_id"": ""price_1R8l1SE2kujhweZxySQB0Ift"", ""quantity"": 1}], ""proration_behavior"": ""none"", ""start_date"": ""2026-06-01""}]",True,True,[],would_release_schedule,True,Subscription has one active schedule phase with end_behavior=cancel. The schedule can be released and the remaining cancel_at can be cleared.,
sub_1SSihEE2kujhweZxm9bDm9Xg,cus_TPXmhFgZ4Q16Av,active,2025-11-12,2075-11-12,2028-11-12,1857614877,2028-11-12,False,sub_sched_1SSihEE2kujhweZx75o1ndxP,active,cancel,1,2028-11-12,"[{""end_date"": ""2028-11-12"", ""items"": [{""price_id"": ""price_1TdN8qE2kujhweZx1zjIpMy5"", ""quantity"": 1}, {""price_id"": ""price_1R8l1SE2kujhweZxySQB0Ift"", ""quantity"": 1}], ""proration_behavior"": ""none"", ""start_date"": ""2026-06-01""}]",True,True,[],would_release_schedule,True,Subscription has one active schedule phase with end_behavior=cancel. The schedule can be released and the remaining cancel_at can be cleared.,
sub_1SSibgE2kujhweZx9DveCuJN,cus_TPXgcYHbFljTGf,active,2025-11-12,2075-11-12,2028-11-12,1857614878,2028-11-12,False,sub_sched_1SSibgE2kujhweZxYP7ZHVRr,active,cancel,1,2028-11-12,"[{""end_date"": ""2028-11-12"", ""items"": [{""price_id"": ""price_1TdN8sE2kujhweZxH3laUxwn"", ""quantity"": 1}, {""price_id"": ""price_1R8l1SE2kujhweZxySQB0Ift"", ""quantity"": 1}], ""proration_behavior"": ""none"", ""start_date"": ""2026-06-01""}]",True,True,[],would_release_schedule,True,Subscription has one active schedule phase with end_behavior=cancel. The schedule can be released and the remaining cancel_at can be cleared.,
sub_1SSiVEE2kujhweZxpABhYVCv,cus_TPXZaslMOsOalr,active,2025-11-12,2075-11-12,2028-11-12,1857614880,2028-11-12,False,sub_sched_1SSiVEE2kujhweZxMsDZviMQ,active,cancel,1,2028-11-12,"[{""end_date"": ""2028-11-12"", ""items"": [{""price_id"": ""price_1TdN8uE2kujhweZxfx0wMXaW"", ""quantity"": 1}, {""price_id"": ""price_1R8l1SE2kujhweZxySQB0Ift"", ""quantity"": 1}], ""proration_behavior"": ""none"", ""start_date"": ""2026-06-01""}]",True,True,[],would_release_schedule,True,Subscription has one active schedule phase with end_behavior=cancel. The schedule can be released and the remaining cancel_at can be cleared.,
sub_1SShtpE2kujhweZxgLBuqGhB,cus_TPWxKkKaYMyRi5,active,2025-11-12,2075-11-12,2028-11-12,1857614882,2028-11-12,False,sub_sched_1SShtpE2kujhweZxZ0MPhX1E,active,cancel,1,2028-11-12,"[{""end_date"": ""2028-11-12"", ""items"": [{""price_id"": ""price_1TdN8wE2kujhweZxbIljWaid"", ""quantity"": 1}, {""price_id"": ""price_1R8l1SE2kujhweZxySQB0Ift"", ""quantity"": 1}], ""proration_behavior"": ""none"", ""start_date"": ""2026-06-01""}]",True,True,[],would_release_schedule,True,Subscription has one active schedule phase with end_behavior=cancel. The schedule can be released and the remaining cancel_at can be cleared.,
sub_1SShEME2kujhweZxtH869NCa,cus_TPWGSmWqgbdSqb,active,2025-11-12,2075-11-12,2028-11-12,1857614883,2028-11-12,False,sub_sched_1SShELE2kujhweZxEjYv0SrU,active,cancel,1,2028-11-12,"[{""end_date"": ""2028-11-12"", ""items"": [{""price_id"": ""price_1TdN8xE2kujhweZx0F0vGITj"", ""quantity"": 1}, {""price_id"": ""price_1R8l1SE2kujhweZxySQB0Ift"", ""quantity"": 1}], ""proration_behavior"": ""none"", ""start_date"": ""2026-06-01""}]",True,True,[],would_release_schedule,True,Subscription has one active schedule phase with end_behavior=cancel. The schedule can be released and the remaining cancel_at can be cleared.,
sub_1SSh70E2kujhweZxcAWtzE4w,cus_TPW8NqOtY9NNhY,active,2025-11-12,2075-11-12,2028-11-12,1857614885,2028-11-12,False,sub_sched_1SSh70E2kujhweZxAS4myjtq,active,cancel,1,2028-11-12,"[{""end_date"": ""2028-11-12"", ""items"": [{""price_id"": ""price_1TdN8zE2kujhweZxrbtTwvMq"", ""quantity"": 1}, {""price_id"": ""price_1R8l1SE2kujhweZxySQB0Ift"", ""quantity"": 1}], ""proration_behavior"": ""none"", ""start_date"": ""2026-06-01""}]",True,True,[],would_release_schedule,True,Subscription has one active schedule phase with end_behavior=cancel. The schedule can be released and the remaining cancel_at can be cleared.,
sub_1SQBiKE2kujhweZxjdKUUvSo,cus_TMvZYfBtLhexms,active,2025-11-05,2075-11-05,2028-11-05,1857010087,2028-11-05,False,sub_sched_1SQBiJE2kujhweZxGFDFmNI2,active,cancel,1,2028-11-05,"[{""end_date"": ""2028-11-05"", ""items"": [{""price_id"": ""price_1TdN91E2kujhweZxJlBU60K9"", ""quantity"": 1}, {""price_id"": ""price_1R8l1SE2kujhweZxySQB0Ift"", ""quantity"": 1}], ""proration_behavior"": ""none"", ""start_date"": ""2026-06-01""}]",True,True,[],would_release_schedule,True,Subscription has one active schedule phase with end_behavior=cancel. The schedule can be released and the remaining cancel_at can be cleared.,
sub_1SIAbCE2kujhweZxJXxGC5FA,cus_TEdsRYAKSJl52l,active,2025-10-14,2075-10-14,2028-10-14,1855109289,2028-10-14,False,sub_sched_1SIAbCE2kujhweZxMLNCbsmN,active,cancel,1,2028-10-14,"[{""end_date"": ""2028-10-14"", ""items"": [{""price_id"": ""price_1TdN92E2kujhweZxHSi21RkE"", ""quantity"": 1}, {""price_id"": ""price_1R8l1SE2kujhweZxySQB0Ift"", ""quantity"": 1}], ""proration_behavior"": ""none"", ""start_date"": ""2026-06-01""}]",True,True,[],would_release_schedule,True,Subscription has one active schedule phase with end_behavior=cancel. The schedule can be released and the remaining cancel_at can be cleared.,
sub_1SIAQgE2kujhweZxMrAtdKp9,cus_TEdh8xkSsMqYLI,active,2025-10-14,2075-10-14,2028-10-14,1855109290,2028-10-14,False,sub_sched_1SIAQgE2kujhweZxhhgAkarf,active,cancel,1,2028-10-14,"[{""end_date"": ""2028-10-14"", ""items"": [{""price_id"": ""price_1TdN94E2kujhweZxYPz6v7p5"", ""quantity"": 1}, {""price_id"": ""price_1R8l1SE2kujhweZxySQB0Ift"", ""quantity"": 1}], ""proration_behavior"": ""none"", ""start_date"": ""2026-06-01""}]",True,True,[],would_release_schedule,True,Subscription has one active schedule phase with end_behavior=cancel. The schedule can be released and the remaining cancel_at can be cleared.,
sub_1SIAK4E2kujhweZxCALLXwSN,cus_TEdbdGlf1qYaQg,active,2025-10-14,2075-10-14,2028-10-14,1854072000,2028-10-02,False,sub_sched_1SIAK4E2kujhweZxmMd7d7Ki,active,cancel,1,2028-10-02,"[{""end_date"": ""2028-10-02"", ""items"": [{""price_id"": ""price_1TdN96E2kujhweZxqSlKThcK"", ""quantity"": 1}, {""price_id"": ""price_1R8l1SE2kujhweZxySQB0Ift"", ""quantity"": 1}], ""proration_behavior"": ""none"", ""start_date"": ""2026-06-01""}]",True,True,[],would_release_schedule,True,Subscription has one active schedule phase with end_behavior=cancel. The schedule can be released and the remaining cancel_at can be cleared.,
sub_1SFGzhE2kujhweZxYcJoEjnZ,cus_TBeHeAIg8rxkf2,active,2025-10-06,2075-10-06,2028-10-06,1854418094,2028-10-06,False,sub_sched_1SFGzhE2kujhweZxeQEBTIyn,active,cancel,1,2028-10-06,"[{""end_date"": ""2028-10-06"", ""items"": [{""price_id"": ""price_1TdN98E2kujhweZxOe6c00hd"", ""quantity"": 1}, {""price_id"": ""price_1R8l1SE2kujhweZxySQB0Ift"", ""quantity"": 1}], ""proration_behavior"": ""none"", ""start_date"": ""2026-06-01""}]",True,True,[],would_release_schedule,True,Subscription has one active schedule phase with end_behavior=cancel. The schedule can be released and the remaining cancel_at can be cleared.,
sub_1SFGtOE2kujhweZxHv5eufak,cus_TBeBaZJDBQnwRA,active,2025-10-06,2075-10-06,2028-10-06,1854418096,2028-10-06,False,sub_sched_1SFGtOE2kujhweZxQhsN2nek,active,cancel,1,2028-10-06,"[{""end_date"": ""2028-10-06"", ""items"": [{""price_id"": ""price_1TdN9AE2kujhweZxw800fb3Z"", ""quantity"": 1}, {""price_id"": ""price_1R8l1SE2kujhweZxySQB0Ift"", ""quantity"": 1}], ""proration_behavior"": ""none"", ""start_date"": ""2026-06-01""}]",True,True,[],would_release_schedule,True,Subscription has one active schedule phase with end_behavior=cancel. The schedule can be released and the remaining cancel_at can be cleared.,
sub_1SFGiVE2kujhweZx2lybzmin,cus_TBe0jT9tIw9UXR,active,2025-10-06,2075-10-06,2028-10-06,1854418098,2028-10-06,False,sub_sched_1SFGiVE2kujhweZx0UkguLUy,active,cancel,1,2028-10-06,"[{""end_date"": ""2028-10-06"", ""items"": [{""price_id"": ""price_1TdN9BE2kujhweZxD7OKvVQw"", ""quantity"": 1}, {""price_id"": ""price_1R8l1SE2kujhweZxySQB0Ift"", ""quantity"": 1}], ""proration_behavior"": ""none"", ""start_date"": ""2026-06-01""}]",True,True,[],would_release_schedule,True,Subscription has one active schedule phase with end_behavior=cancel. The schedule can be released and the remaining cancel_at can be cleared.,
sub_1SFGb2E2kujhweZx3d1Y8qD8,cus_TBdsVRZwT2wwdW,active,2025-10-06,2075-10-06,2028-10-06,1854418099,2028-10-06,False,sub_sched_1SFGb2E2kujhweZxPB4iovCQ,active,cancel,1,2028-10-06,"[{""end_date"": ""2028-10-06"", ""items"": [{""price_id"": ""price_1TdN9DE2kujhweZxyqlAo2JF"", ""quantity"": 1}, {""price_id"": ""price_1R8l1SE2kujhweZxySQB0Ift"", ""quantity"": 1}], ""proration_behavior"": ""none"", ""start_date"": ""2026-06-01""}]",True,True,[],would_release_schedule,True,Subscription has one active schedule phase with end_behavior=cancel. The schedule can be released and the remaining cancel_at can be cleared.,
sub_1SFGS4E2kujhweZxbi8qNr1a,cus_TBdjB25QSTzuSz,active,2025-10-06,2075-10-06,2028-10-06,1854459352,2028-10-06,False,sub_sched_1SFGS4E2kujhweZxH59pM2Cl,active,cancel,1,2028-10-06,"[{""end_date"": ""2028-10-06"", ""items"": [{""price_id"": ""price_1TdN9FE2kujhweZxLgtBK2cs"", ""quantity"": 1}, {""price_id"": ""price_1R8l1SE2kujhweZxySQB0Ift"", ""quantity"": 1}], ""proration_behavior"": ""none"", ""start_date"": ""2026-07-06""}]",True,True,[],would_release_schedule,True,Subscription has one active schedule phase with end_behavior=cancel. The schedule can be released and the remaining cancel_at can be cleared.,
sub_1SCiWbE2kujhweZxeFup2cza,cus_QPlkakagCgP1rI,active,2024-07-04,2074-07-04,2027-07-04,1814674103,2027-07-04,False,sub_sched_1SCiWbE2kujhweZxNXw4H16A,active,cancel,1,2027-07-04,"[{""end_date"": ""2027-07-04"", ""items"": [{""price_id"": ""price_1PahsjE2kujhweZxZUnm9a53"", ""quantity"": 1}, {""price_id"": ""price_1TdN9HE2kujhweZxMAeCaw8s"", ""quantity"": 1}], ""proration_behavior"": ""none"", ""start_date"": ""2026-06-01""}]",True,True,[],would_release_schedule,True,Subscription has one active schedule phase with end_behavior=cancel. The schedule can be released and the remaining cancel_at can be cleared.,
sub_1SBljAE2kujhweZxUdW04JKn,cus_SLeIHZFtv8AOIg,active,2025-05-20,2075-05-20,2028-05-20,1842408505,2028-05-20,False,sub_sched_1SBljAE2kujhweZx2oFv7jOX,active,cancel,1,2028-05-20,"[{""end_date"": ""2028-05-20"", ""items"": [{""price_id"": ""price_1R8l1SE2kujhweZxySQB0Ift"", ""quantity"": 1}, {""price_id"": ""price_1TdN9IE2kujhweZxiF5ztkV2"", ""quantity"": 1}], ""proration_behavior"": ""none"", ""start_date"": ""2026-06-01""}]",True,True,[],would_release_schedule,True,Subscription has one active schedule phase with end_behavior=cancel. The schedule can be released and the remaining cancel_at can be cleared.,
sub_1SAERbE2kujhweZxQ1e1qgl5,cus_T6RGOyvtfjoGhR,active,2025-09-22,2075-09-22,2028-09-22,1853208506,2028-09-22,False,sub_sched_1SAERaE2kujhweZxU6mkYr3w,active,cancel,1,2028-09-22,"[{""end_date"": ""2028-09-22"", ""items"": [{""price_id"": ""price_1TdN9KE2kujhweZxFxaJdXmI"", ""quantity"": 1}, {""price_id"": ""price_1R8l1SE2kujhweZxySQB0Ift"", ""quantity"": 1}], ""proration_behavior"": ""none"", ""start_date"": ""2026-06-01""}]",True,True,[],would_release_schedule,True,Subscription has one active schedule phase with end_behavior=cancel. The schedule can be released and the remaining cancel_at can be cleared.,
sub_1SAEDxE2kujhweZx7VmrjsrF,cus_T6R5Rfe42F55BE,active,2025-09-22,2075-09-22,2028-09-22,1853208508,2028-09-22,False,sub_sched_1SAEDxE2kujhweZxNNxPbkMb,active,cancel,1,2028-09-22,"[{""end_date"": ""2028-09-22"", ""items"": [{""price_id"": ""price_1TdN9LE2kujhweZxAx0utGVw"", ""quantity"": 1}, {""price_id"": ""price_1R8l1SE2kujhweZxySQB0Ift"", ""quantity"": 1}], ""proration_behavior"": ""none"", ""start_date"": ""2026-06-01""}]",True,True,[],would_release_schedule,True,Subscription has one active schedule phase with end_behavior=cancel. The schedule can be released and the remaining cancel_at can be cleared.,
sub_1SADsNE2kujhweZxfd1hzSGa,cus_T6QjxyRyCcIPy5,active,2025-09-22,2075-09-22,2028-09-22,1853208509,2028-09-22,False,sub_sched_1SADsNE2kujhweZxhSsY95Zv,active,cancel,1,2028-09-22,"[{""end_date"": ""2028-09-22"", ""items"": [{""price_id"": ""price_1TdN9NE2kujhweZxNfuU91PM"", ""quantity"": 1}, {""price_id"": ""price_1R8l1SE2kujhweZxySQB0Ift"", ""quantity"": 1}], ""proration_behavior"": ""none"", ""start_date"": ""2026-06-01""}]",True,True,[],would_release_schedule,True,Subscription has one active schedule phase with end_behavior=cancel. The schedule can be released and the remaining cancel_at can be cleared.,
sub_1SADjvE2kujhweZxbCfBe4vS,cus_T6QayZsqpyHv6V,active,2025-09-22,2075-09-22,2028-09-22,1853208511,2028-09-22,False,sub_sched_1SADjvE2kujhweZxwfortgsY,active,cancel,1,2028-09-22,"[{""end_date"": ""2028-09-22"", ""items"": [{""price_id"": ""price_1TdN9PE2kujhweZx9QrdEPgY"", ""quantity"": 1}, {""price_id"": ""price_1R8l1SE2kujhweZxySQB0Ift"", ""quantity"": 1}], ""proration_behavior"": ""none"", ""start_date"": ""2026-06-01""}]",True,True,[],would_release_schedule,True,Subscription has one active schedule phase with end_behavior=cancel. The schedule can be released and the remaining cancel_at can be cleared.,
sub_1SADbpE2kujhweZx7Smz3agh,cus_T6QSn0aRlbZbir,active,2025-09-22,2075-09-22,2028-09-22,1853208513,2028-09-22,False,sub_sched_1SADbpE2kujhweZxgDPuhnBV,active,cancel,1,2028-09-22,"[{""end_date"": ""2028-09-22"", ""items"": [{""price_id"": ""price_1TdN9RE2kujhweZxTr6Z2PAL"", ""quantity"": 1}, {""price_id"": ""price_1R8l1SE2kujhweZxySQB0Ift"", ""quantity"": 1}], ""proration_behavior"": ""none"", ""start_date"": ""2026-06-01""}]",True,True,[],would_release_schedule,True,Subscription has one active schedule phase with end_behavior=cancel. The schedule can be released and the remaining cancel_at can be cleared.,
sub_1SADUkE2kujhweZxi8A5EN2u,cus_T6QLv3rk2eRs9P,active,2025-09-22,2075-09-22,2028-09-22,1853208515,2028-09-22,False,sub_sched_1SADUkE2kujhweZxnJBEvO8e,active,cancel,1,2028-09-22,"[{""end_date"": ""2028-09-22"", ""items"": [{""price_id"": ""price_1TdN9SE2kujhweZx0SHq6Ydg"", ""quantity"": 1}, {""price_id"": ""price_1R8l1SE2kujhweZxySQB0Ift"", ""quantity"": 1}], ""proration_behavior"": ""none"", ""start_date"": ""2026-06-01""}]",True,True,[],would_release_schedule,True,Subscription has one active schedule phase with end_behavior=cancel. The schedule can be released and the remaining cancel_at can be cleared.,
sub_1SADLnE2kujhweZxwaHx4gxV,cus_T6QBp7y3tleCOY,active,2025-09-22,2075-09-22,2028-09-22,1853208516,2028-09-22,False,sub_sched_1SADLnE2kujhweZxKokJR1Cc,active,cancel,1,2028-09-22,"[{""end_date"": ""2028-09-22"", ""items"": [{""price_id"": ""price_1TdN9UE2kujhweZxIHSVsnm7"", ""quantity"": 1}, {""price_id"": ""price_1R8l1SE2kujhweZxySQB0Ift"", ""quantity"": 1}], ""proration_behavior"": ""none"", ""start_date"": ""2026-06-01""}]",True,True,[],would_release_schedule,True,Subscription has one active schedule phase with end_behavior=cancel. The schedule can be released and the remaining cancel_at can be cleared.,
sub_1SAD5nE2kujhweZxB58MZrvR,cus_T6PvA5MOT08FZp,active,2025-09-22,2075-09-22,2028-09-22,1853208518,2028-09-22,False,sub_sched_1SAD5mE2kujhweZxd2xVqlhZ,active,cancel,1,2028-09-22,"[{""end_date"": ""2028-09-22"", ""items"": [{""price_id"": ""price_1TdN9WE2kujhweZxU2VWnZFA"", ""quantity"": 1}, {""price_id"": ""price_1R8l1SE2kujhweZxySQB0Ift"", ""quantity"": 1}], ""proration_behavior"": ""none"", ""start_date"": ""2026-06-01""}]",True,True,[],would_release_schedule,True,Subscription has one active schedule phase with end_behavior=cancel. The schedule can be released and the remaining cancel_at can be cleared.,
sub_1SACvFE2kujhweZxENVPfHOg,cus_T6PkEeZuHjZfc3,active,2025-09-22,2075-09-22,2028-09-22,1853208520,2028-09-22,False,sub_sched_1SACvFE2kujhweZxW91pytq3,active,cancel,1,2028-09-22,"[{""end_date"": ""2028-09-22"", ""items"": [{""price_id"": ""price_1TdN9XE2kujhweZxLGCE7Ouf"", ""quantity"": 1}, {""price_id"": ""price_1R8l1SE2kujhweZxySQB0Ift"", ""quantity"": 1}], ""proration_behavior"": ""none"", ""start_date"": ""2026-06-01""}]",True,True,[],would_release_schedule,True,Subscription has one active schedule phase with end_behavior=cancel. The schedule can be released and the remaining cancel_at can be cleared.,
sub_1SACg5E2kujhweZxwJGcil2j,cus_T6PUYXohbPlGfC,active,2025-09-22,2075-09-22,2028-09-22,1853208521,2028-09-22,False,sub_sched_1SACg5E2kujhweZxSgGP2KvR,active,cancel,1,2028-09-22,"[{""end_date"": ""2028-09-22"", ""items"": [{""price_id"": ""price_1TdN9ZE2kujhweZxMdJjtSX0"", ""quantity"": 1}, {""price_id"": ""price_1R8l1SE2kujhweZxySQB0Ift"", ""quantity"": 1}], ""proration_behavior"": ""none"", ""start_date"": ""2026-06-01""}]",True,True,[],would_release_schedule,True,Subscription has one active schedule phase with end_behavior=cancel. The schedule can be released and the remaining cancel_at can be cleared.,
sub_1SACWKE2kujhweZxyHi6aCwU,cus_T6PK44wwdwf5jQ,active,2025-09-22,2075-09-22,2028-09-22,1853208523,2028-09-22,False,sub_sched_1SACWKE2kujhweZxbIeKdmmU,active,cancel,1,2028-09-22,"[{""end_date"": ""2028-09-22"", ""items"": [{""price_id"": ""price_1TdN9aE2kujhweZxjAZEn4yw"", ""quantity"": 1}, {""price_id"": ""price_1R8l1SE2kujhweZxySQB0Ift"", ""quantity"": 1}], ""proration_behavior"": ""none"", ""start_date"": ""2026-06-01""}]",True,True,[],would_release_schedule,True,Subscription has one active schedule phase with end_behavior=cancel. The schedule can be released and the remaining cancel_at can be cleared.,
sub_1S83KVE2kujhweZxbjXzesKt,cus_SM2934gPckz2ui,active,2025-05-21,2075-05-21,2028-05-21,1842494925,2028-05-21,False,sub_sched_1S83MnE2kujhweZxxzGbvbw0,active,cancel,1,2028-05-21,"[{""end_date"": ""2028-05-21"", ""items"": [{""price_id"": ""price_1R8l1SE2kujhweZxySQB0Ift"", ""quantity"": 1}, {""price_id"": ""price_1TdN9cE2kujhweZxMbsSgDnc"", ""quantity"": 1}], ""proration_behavior"": ""none"", ""start_date"": ""2026-07-09""}]",True,True,[],would_release_schedule,True,Subscription has one active schedule phase with end_behavior=cancel. The schedule can be released and the remaining cancel_at can be cleared.,
sub_1S59WLE2kujhweZxoOeQwN1Q,cus_T1BrcSptuljD5n,active,2025-09-08,2075-09-08,2028-09-08,1851998926,2028-09-08,False,sub_sched_1S59WLE2kujhweZxEIIEpOHz,active,cancel,1,2028-09-08,"[{""end_date"": ""2028-09-08"", ""items"": [{""price_id"": ""price_1TdN9eE2kujhweZxvbSJw9le"", ""quantity"": 1}, {""price_id"": ""price_1R8l1SE2kujhweZxySQB0Ift"", ""quantity"": 1}], ""proration_behavior"": ""none"", ""start_date"": ""2026-06-01""}]",True,True,[],would_release_schedule,True,Subscription has one active schedule phase with end_behavior=cancel. The schedule can be released and the remaining cancel_at can be cleared.,
sub_1S59BFE2kujhweZxfXUOtZ3b,cus_T1BXGXC6iwPw6j,active,2025-09-08,2075-09-08,2028-09-08,1851998928,2028-09-08,False,sub_sched_1S59BFE2kujhweZxirgq2uWS,active,cancel,1,2028-09-08,"[{""end_date"": ""2028-09-08"", ""items"": [{""price_id"": ""price_1TdN9gE2kujhweZxjMO5WndN"", ""quantity"": 1}, {""price_id"": ""price_1R8l1SE2kujhweZxySQB0Ift"", ""quantity"": 1}], ""proration_behavior"": ""none"", ""start_date"": ""2026-06-01""}]",True,True,[],would_release_schedule,True,Subscription has one active schedule phase with end_behavior=cancel. The schedule can be released and the remaining cancel_at can be cleared.,
sub_1S58ogE2kujhweZxekYlMNNW,cus_T1BAoLgcIykSnO,active,2025-09-08,2075-09-08,2028-09-08,1851998930,2028-09-08,False,sub_sched_1S58ogE2kujhweZxjP0igyWn,active,cancel,1,2028-09-08,"[{""end_date"": ""2028-09-08"", ""items"": [{""price_id"": ""price_1TdN9hE2kujhweZxAIP4iJDm"", ""quantity"": 1}, {""price_id"": ""price_1R8l1SE2kujhweZxySQB0Ift"", ""quantity"": 1}], ""proration_behavior"": ""none"", ""start_date"": ""2026-06-01""}]",True,True,[],would_release_schedule,True,Subscription has one active schedule phase with end_behavior=cancel. The schedule can be released and the remaining cancel_at can be cleared.,
sub_1S58IoE2kujhweZxMSFdB2Tn,cus_T1Ad31saVtw0m5,active,2025-09-08,2075-09-08,2028-09-08,1851998931,2028-09-08,False,sub_sched_1S58IoE2kujhweZxGtxd5Ux2,active,cancel,1,2028-09-08,"[{""end_date"": ""2028-09-08"", ""items"": [{""price_id"": ""price_1TdN9jE2kujhweZxEIFahRol"", ""quantity"": 1}, {""price_id"": ""price_1R8l1SE2kujhweZxySQB0Ift"", ""quantity"": 1}], ""proration_behavior"": ""none"", ""start_date"": ""2026-06-01""}]",True,True,[],would_release_schedule,True,Subscription has one active schedule phase with end_behavior=cancel. The schedule can be released and the remaining cancel_at can be cleared.,
sub_1S57nYE2kujhweZxE468Uhp8,cus_T1A7V3rmoF9MnH,active,2025-09-08,2075-09-08,2028-09-08,1851998933,2028-09-08,False,sub_sched_1S57nYE2kujhweZxmqxi0yC7,active,cancel,1,2028-09-08,"[{""end_date"": ""2028-09-08"", ""items"": [{""price_id"": ""price_1R8l1SE2kujhweZxySQB0Ift"", ""quantity"": 1}, {""price_id"": ""price_1TdN9lE2kujhweZxlV0QHg7S"", ""quantity"": 1}], ""proration_behavior"": ""none"", ""start_date"": ""2026-06-01""}]",True,True,[],would_release_schedule,True,Subscription has one active schedule phase with end_behavior=cancel. The schedule can be released and the remaining cancel_at can be cleared.,
sub_1S57g9E2kujhweZxiIDLiSHZ,cus_T19zcpRAjahCWb,active,2025-09-08,2075-09-08,2028-09-08,1851998935,2028-09-08,False,sub_sched_1S57g9E2kujhweZxyLHR1k2B,active,cancel,1,2028-09-08,"[{""end_date"": ""2028-09-08"", ""items"": [{""price_id"": ""price_1R8l1SE2kujhweZxySQB0Ift"", ""quantity"": 1}, {""price_id"": ""price_1TdN9nE2kujhweZxm0r49D7t"", ""quantity"": 1}], ""proration_behavior"": ""none"", ""start_date"": ""2026-06-01""}]",True,True,[],would_release_schedule,True,Subscription has one active schedule phase with end_behavior=cancel. The schedule can be released and the remaining cancel_at can be cleared.,
sub_1S0ll8E2kujhweZxYDzN65VA,cus_Swf5dxbyDlCNcD,active,2025-08-27,2075-08-27,2028-08-27,1850962138,2028-08-27,False,sub_sched_1S0ll8E2kujhweZxELUGwM3m,active,cancel,1,2028-08-27,"[{""end_date"": ""2028-08-27"", ""items"": [{""price_id"": ""price_1TdN9qE2kujhweZxYr53Z9Jo"", ""quantity"": 1}, {""price_id"": ""price_1R8l1SE2kujhweZxySQB0Ift"", ""quantity"": 1}], ""proration_behavior"": ""none"", ""start_date"": ""2026-06-01""}]",True,True,[],would_release_schedule,True,Subscription has one active schedule phase with end_behavior=cancel. The schedule can be released and the remaining cancel_at can be cleared.,
sub_1S0le6E2kujhweZxn135yt8v,cus_SwexNPBP186vAu,active,2025-08-27,2075-08-27,2028-08-27,1850962139,2028-08-27,False,sub_sched_1S0le6E2kujhweZxLDVg3CYY,active,cancel,1,2028-08-27,"[{""end_date"": ""2028-08-27"", ""items"": [{""price_id"": ""price_1TdN9rE2kujhweZxnYQZM7ej"", ""quantity"": 1}, {""price_id"": ""price_1R8l1SE2kujhweZxySQB0Ift"", ""quantity"": 1}], ""proration_behavior"": ""none"", ""start_date"": ""2026-06-01""}]",True,True,[],would_release_schedule,True,Subscription has one active schedule phase with end_behavior=cancel. The schedule can be released and the remaining cancel_at can be cleared.,
sub_1S0lQAE2kujhweZxXRvshppR,cus_SwejflGyRgH1fO,active,2025-08-27,2075-08-27,2028-08-27,1850962141,2028-08-27,False,sub_sched_1S0lQAE2kujhweZxCkSujUry,active,cancel,1,2028-08-27,"[{""end_date"": ""2028-08-27"", ""items"": [{""price_id"": ""price_1TdN9tE2kujhweZxXUXudymN"", ""quantity"": 1}, {""price_id"": ""price_1R8l1SE2kujhweZxySQB0Ift"", ""quantity"": 1}], ""proration_behavior"": ""none"", ""start_date"": ""2026-06-01""}]",True,True,[],would_release_schedule,True,Subscription has one active schedule phase with end_behavior=cancel. The schedule can be released and the remaining cancel_at can be cleared.,
sub_1S0lIgE2kujhweZxPsBemMAh,cus_SwebGBZDYr3k46,active,2025-08-27,2075-08-27,2028-08-27,1850962142,2028-08-27,False,sub_sched_1S0lIgE2kujhweZxgHTiGvcV,active,cancel,1,2028-08-27,"[{""end_date"": ""2028-08-27"", ""items"": [{""price_id"": ""price_1TdN9uE2kujhweZxLa1RIXMa"", ""quantity"": 1}, {""price_id"": ""price_1R8l1SE2kujhweZxySQB0Ift"", ""quantity"": 1}], ""proration_behavior"": ""none"", ""start_date"": ""2026-06-01""}]",True,True,[],would_release_schedule,True,Subscription has one active schedule phase with end_behavior=cancel. The schedule can be released and the remaining cancel_at can be cleared.,
sub_1S0l5gE2kujhweZxV2nbauIM,cus_SweOyxCgcSd1V5,active,2025-08-27,2075-08-27,2028-08-27,1850962144,2028-08-27,False,sub_sched_1S0l5gE2kujhweZxtcEeMM7J,active,cancel,1,2028-08-27,"[{""end_date"": ""2028-08-27"", ""items"": [{""price_id"": ""price_1TdN9wE2kujhweZxH7DsRbuU"", ""quantity"": 1}, {""price_id"": ""price_1R8l1SE2kujhweZxySQB0Ift"", ""quantity"": 1}], ""proration_behavior"": ""none"", ""start_date"": ""2026-06-01""}]",True,True,[],would_release_schedule,True,Subscription has one active schedule phase with end_behavior=cancel. The schedule can be released and the remaining cancel_at can be cleared.,
sub_1S0kxUE2kujhweZxl1LbYYtO,cus_SweFZqv7CzREAz,active,2025-08-27,2075-08-27,2028-08-27,1850962146,2028-08-27,False,sub_sched_1S0kxUE2kujhweZxtKlXooa0,active,cancel,1,2028-08-27,"[{""end_date"": ""2028-08-27"", ""items"": [{""price_id"": ""price_1TdN9yE2kujhweZxniAHGVFF"", ""quantity"": 1}, {""price_id"": ""price_1R8l1SE2kujhweZxySQB0Ift"", ""quantity"": 1}], ""proration_behavior"": ""none"", ""start_date"": ""2026-06-01""}]",True,True,[],would_release_schedule,True,Subscription has one active schedule phase with end_behavior=cancel. The schedule can be released and the remaining cancel_at can be cleared.,
sub_1S0kfxE2kujhweZxL9d4AH3H,cus_SwdxCk8z1vLjWU,active,2025-08-27,2075-08-27,2028-08-27,1850962148,2028-08-27,False,sub_sched_1S0kfxE2kujhweZxPSTTtHXb,active,cancel,1,2028-08-27,"[{""end_date"": ""2028-08-27"", ""items"": [{""price_id"": ""price_1TdN9zE2kujhweZxeg2M4HTX"", ""quantity"": 1}, {""price_id"": ""price_1R8l1SE2kujhweZxySQB0Ift"", ""quantity"": 1}], ""proration_behavior"": ""none"", ""start_date"": ""2026-06-01""}]",True,True,[],would_release_schedule,True,Subscription has one active schedule phase with end_behavior=cancel. The schedule can be released and the remaining cancel_at can be cleared.,
sub_1S0kUOE2kujhweZxGN2JpOqp,cus_SwdjdqJXqVBO8W,active,2025-08-27,2075-08-27,2028-08-27,1851045181,2028-08-28,False,sub_sched_1S0kUOE2kujhweZxNTRFllcM,active,cancel,1,2028-08-28,"[{""end_date"": ""2028-08-28"", ""items"": [{""price_id"": ""price_1TdilEE2kujhweZxiwjcu4OK"", ""quantity"": 1}, {""price_id"": ""price_1R8l1SE2kujhweZxySQB0Ift"", ""quantity"": 1}], ""proration_behavior"": ""none"", ""start_date"": ""2026-06-02""}]",True,True,[],would_release_schedule,True,Subscription has one active schedule phase with end_behavior=cancel. The schedule can be released and the remaining cancel_at can be cleared.,
sub_1S0kCkE2kujhweZx3lKUOEIf,cus_SwdSVaNafAEyfZ,active,2025-08-27,2075-08-27,2028-08-27,1850962149,2028-08-27,False,sub_sched_1S0kCkE2kujhweZxsXj3N6fS,active,cancel,1,2028-08-27,"[{""end_date"": ""2028-08-27"", ""items"": [{""price_id"": ""price_1TdNA1E2kujhweZxcnSjPXAR"", ""quantity"": 1}, {""price_id"": ""price_1R8l1SE2kujhweZxySQB0Ift"", ""quantity"": 1}], ""proration_behavior"": ""none"", ""start_date"": ""2026-06-01""}]",True,True,[],would_release_schedule,True,Subscription has one active schedule phase with end_behavior=cancel. The schedule can be released and the remaining cancel_at can be cleared.,
sub_1S0jmOE2kujhweZx1si8sJn0,cus_SwcoaqfTWPAWxd,active,2025-08-27,2075-08-27,2028-08-27,1850962151,2028-08-27,False,sub_sched_1S0jmOE2kujhweZxAnnDaOvG,active,cancel,1,2028-08-27,"[{""end_date"": ""2028-08-27"", ""items"": [{""price_id"": ""price_1TdNA3E2kujhweZxyqyRw7aU"", ""quantity"": 1}, {""price_id"": ""price_1R8l1SE2kujhweZxySQB0Ift"", ""quantity"": 1}], ""proration_behavior"": ""none"", ""start_date"": ""2026-06-01""}]",True,True,[],would_release_schedule,True,Subscription has one active schedule phase with end_behavior=cancel. The schedule can be released and the remaining cancel_at can be cleared.,
sub_1S04t3E2kujhweZxw2RRdmPg,cus_QMPByU1mVALeJq,active,2024-06-25,2074-06-25,2027-06-25,1813896000,2027-06-25,False,sub_sched_1TqyIpE2kujhweZxlFHEGIiG,active,cancel,1,2027-06-25,"[{""end_date"": ""2027-06-25"", ""items"": [{""price_id"": ""price_1TdNA4E2kujhweZxwJvyy7N3"", ""quantity"": 1}], ""proration_behavior"": ""none"", ""start_date"": ""2026-07-09""}]",True,True,[],would_release_schedule,True,Subscription has one active schedule phase with end_behavior=cancel. The schedule can be released and the remaining cancel_at can be cleared.,
sub_1RvHcEE2kujhweZxxRRBxB7I,cus_SqzavDGc88vsmD,active,2025-08-12,2075-08-12,2028-08-12,1849697266,2028-08-12,False,sub_sched_1RvHcEE2kujhweZxV7knibhy,active,cancel,1,2028-08-12,"[{""end_date"": ""2028-08-12"", ""items"": [{""price_id"": ""price_1TdNA6E2kujhweZxpU9vGcys"", ""quantity"": 1}, {""price_id"": ""price_1R8l1SE2kujhweZxySQB0Ift"", ""quantity"": 1}], ""proration_behavior"": ""none"", ""start_date"": ""2026-06-01""}]",True,True,[],would_release_schedule,True,Subscription has one active schedule phase with end_behavior=cancel. The schedule can be released and the remaining cancel_at can be cleared.,
sub_1RvHWbE2kujhweZxtIJSNvJ1,cus_SqzU3XxZiq79Qg,active,2025-08-12,2075-08-12,2028-08-12,1849696917,2028-08-12,False,sub_sched_1TqyMTE2kujhweZxJlyumkwk,active,cancel,1,2028-08-12,"[{""end_date"": ""2028-08-12"", ""items"": [{""price_id"": ""price_1TdilGE2kujhweZx2Emuch1V"", ""quantity"": 1}, {""price_id"": ""price_1R8l1SE2kujhweZxySQB0Ift"", ""quantity"": 1}], ""proration_behavior"": ""none"", ""start_date"": ""2026-07-09""}]",True,True,[],would_release_schedule,True,Subscription has one active schedule phase with end_behavior=cancel. The schedule can be released and the remaining cancel_at can be cleared.,
sub_1RvHSbE2kujhweZxWhe1XR7r,cus_SqzOPJtLlPxjFq,active,2025-08-12,2075-08-12,2028-08-12,1849696669,2028-08-12,False,sub_sched_1RvHZhE2kujhweZxi5zp7dZ5,active,cancel,1,2028-08-12,"[{""end_date"": ""2028-08-12"", ""items"": [{""price_id"": ""price_1TdNA7E2kujhweZxpnaopyWf"", ""quantity"": 1}, {""price_id"": ""price_1R8l1SE2kujhweZxySQB0Ift"", ""quantity"": 1}], ""proration_behavior"": ""none"", ""start_date"": ""2026-06-01""}]",True,True,[],would_release_schedule,True,Subscription has one active schedule phase with end_behavior=cancel. The schedule can be released and the remaining cancel_at can be cleared.,
sub_1RvHFEE2kujhweZxwLQUaGUk,cus_SqzCOH36HTTeXt,active,2025-08-12,2075-08-12,2028-08-12,1849695840,2028-08-12,False,sub_sched_1RvHYcE2kujhweZxy01btMco,active,cancel,1,2028-08-12,"[{""end_date"": ""2028-08-12"", ""items"": [{""price_id"": ""price_1TdNA9E2kujhweZxqomyKVN1"", ""quantity"": 1}, {""price_id"": ""price_1R8l1SE2kujhweZxySQB0Ift"", ""quantity"": 1}], ""proration_behavior"": ""none"", ""start_date"": ""2026-06-01""}]",True,True,[],would_release_schedule,True,Subscription has one active schedule phase with end_behavior=cancel. The schedule can be released and the remaining cancel_at can be cleared.,
sub_1RvH4aE2kujhweZx3Cty2CSR,cus_SqyyOT8ylaKNDv,active,2025-08-12,2075-08-12,2028-08-12,1849695180,2028-08-12,False,sub_sched_1RvHYvE2kujhweZxvWu5uiIF,active,cancel,1,2028-08-12,"[{""end_date"": ""2028-08-12"", ""items"": [{""price_id"": ""price_1TdNABE2kujhweZxwoRsc9S0"", ""quantity"": 1}, {""price_id"": ""price_1R8l1SE2kujhweZxySQB0Ift"", ""quantity"": 1}], ""proration_behavior"": ""none"", ""start_date"": ""2026-06-01""}]",True,True,[],would_release_schedule,True,Subscription has one active schedule phase with end_behavior=cancel. The schedule can be released and the remaining cancel_at can be cleared.,
sub_1Rr4dLE2kujhweZxN1jsuxFs,cus_SmdtpVVVGrIH4e,active,2025-07-31,2075-07-31,2028-07-31,1848694051,2028-07-31,False,sub_sched_1Rr4dLE2kujhweZxOlj7HpFz,active,cancel,1,2028-07-31,"[{""end_date"": ""2028-07-31"", ""items"": [{""price_id"": ""price_1R8l1SE2kujhweZxySQB0Ift"", ""quantity"": 1}, {""price_id"": ""price_1TdNADE2kujhweZx8vZDgemn"", ""quantity"": 1}], ""proration_behavior"": ""none"", ""start_date"": ""2026-06-01""}]",True,True,[],would_release_schedule,True,Subscription has one active schedule phase with end_behavior=cancel. The schedule can be released and the remaining cancel_at can be cleared.,
sub_1Rr4ZyE2kujhweZx9zi5li3e,cus_SmdqE4QPmcFIbN,active,2025-07-31,2075-07-31,2028-07-31,1848693842,2028-07-31,False,sub_sched_1Rr4ZyE2kujhweZxTF7s1zgM,active,cancel,1,2028-07-31,"[{""end_date"": ""2028-07-31"", ""items"": [{""price_id"": ""price_1R8l1SE2kujhweZxySQB0Ift"", ""quantity"": 1}, {""price_id"": ""price_1TdNAEE2kujhweZxgRXvZnUb"", ""quantity"": 1}], ""proration_behavior"": ""none"", ""start_date"": ""2026-06-01""}]",True,True,[],would_release_schedule,True,Subscription has one active schedule phase with end_behavior=cancel. The schedule can be released and the remaining cancel_at can be cleared.,
sub_1Rr4WmE2kujhweZxySVRn5nL,cus_SmdnO8Hfv2FAgV,active,2025-07-31,2075-07-31,2028-07-31,1848693643,2028-07-31,False,sub_sched_1Rr4WmE2kujhweZxJ7qE09LC,active,cancel,1,2028-07-31,"[{""end_date"": ""2028-07-31"", ""items"": [{""price_id"": ""price_1R8l1SE2kujhweZxySQB0Ift"", ""quantity"": 1}, {""price_id"": ""price_1TdNAGE2kujhweZxogOCjnK8"", ""quantity"": 1}], ""proration_behavior"": ""none"", ""start_date"": ""2026-06-01""}]",True,True,[],would_release_schedule,True,Subscription has one active schedule phase with end_behavior=cancel. The schedule can be released and the remaining cancel_at can be cleared.,
