action,reason,subscription_id,customer_id,subscription_status,subscription_item_id,product_id,product_name,price_id,unit_amount,currency,current_item_type,intended_item_type,current_metadata,merged_metadata,product_metadata,apply_status,apply_error
already_complete,Existing item_type metadata is correct.,sub_1TqYIUE2kujhweZx6UmAf2ZE,cus_UqElbX5rsYSfwY,active,si_UqEmrWMwHH1IAK,prod_T3i7mDxTaNyb3T,Monthly fee for Geothermal Energy Service pursuant to the Residential Energy Service Agreement (DivFern Geothermal Limited Partnership HST#763596962RT0001)2526010,price_1Tdil9E2kujhweZx0Oaxyq85,9682,cad,monthly_service_fee,monthly_service_fee,"{""item_type"": ""monthly_service_fee""}","{""item_type"": ""monthly_service_fee""}","{""increaseable"": ""true""}",,
already_complete,Existing item_type metadata is correct.,sub_1TqYIUE2kujhweZx6UmAf2ZE,cus_UqElbX5rsYSfwY,active,si_UqEmfi7krPJymw,prod_S2qigSJLyqaK77,Monthly billing for annual inspect fee,price_1R8l1SE2kujhweZxySQB0Ift,1300,cad,inspection_fee,inspection_fee,"{""item_type"": ""inspection_fee""}","{""item_type"": ""inspection_fee""}",{},,
already_complete,Existing item_type metadata is correct.,sub_1TqY58E2kujhweZxemyjqeqN,cus_UqEYxkHhGHQAFs,active,si_UqEYNVQIhc3YBh,prod_T3i7mDxTaNyb3T,Monthly fee for Geothermal Energy Service pursuant to the Residential Energy Service Agreement (DivFern Geothermal Limited Partnership HST#763596962RT0001)2526010,price_1Tdil4E2kujhweZx7YmcsX59,16171,cad,monthly_service_fee,monthly_service_fee,"{""item_type"": ""monthly_service_fee""}","{""item_type"": ""monthly_service_fee""}","{""increaseable"": ""true""}",,
already_complete,Existing item_type metadata is correct.,sub_1TqY58E2kujhweZxemyjqeqN,cus_UqEYxkHhGHQAFs,active,si_UqEYOJ1JmO9H47,prod_S2qigSJLyqaK77,Monthly billing for annual inspect fee,price_1R8l1SE2kujhweZxySQB0Ift,1300,cad,inspection_fee,inspection_fee,"{""item_type"": ""inspection_fee""}","{""item_type"": ""inspection_fee""}",{},,
already_complete,Existing item_type metadata is correct.,sub_1TgUVnE2kujhweZxbWmSqmZ6,cus_UfqC7GkPLuoLue,active,si_UfqCUsLBEtZ5Of,prod_T3i3NHpWUctpfs,Monthly fee for Geothermal Energy Service pursuant to the Residential Energy Service Agreement (DivFern Geothermal Limited Partnership HST#763596962RT0001)252608,price_1TgUVnE2kujhweZxUw2hKls7,19673,cad,monthly_service_fee,monthly_service_fee,"{""item_type"": ""monthly_service_fee""}","{""item_type"": ""monthly_service_fee""}","{""increaseable"": ""true""}",,
already_complete,Existing item_type metadata is correct.,sub_1TgUVnE2kujhweZxbWmSqmZ6,cus_UfqC7GkPLuoLue,active,si_UfqCNQA7fAe4LA,prod_S2qigSJLyqaK77,Monthly billing for annual inspect fee,price_1R8l1SE2kujhweZxySQB0Ift,1300,cad,inspection_fee,inspection_fee,"{""item_type"": ""inspection_fee""}","{""item_type"": ""inspection_fee""}",{},,
already_complete,Existing item_type metadata is correct.,sub_1TgSSmE2kujhweZx0omYjE9V,cus_Ufo3f662KEk9vy,active,si_Ufo4bqYE6yIUz7,prod_T3i7mDxTaNyb3T,Monthly fee for Geothermal Energy Service pursuant to the Residential Energy Service Agreement (DivFern Geothermal Limited Partnership HST#763596962RT0001)2526010,price_1Tdil5E2kujhweZxFAgI5vXC,14626,cad,monthly_service_fee,monthly_service_fee,"{""item_type"": ""monthly_service_fee""}","{""item_type"": ""monthly_service_fee""}","{""increaseable"": ""true""}",,
already_complete,Existing item_type metadata is correct.,sub_1TgSSmE2kujhweZx0omYjE9V,cus_Ufo3f662KEk9vy,active,si_Ufo4PWPw1gffJU,prod_S2qigSJLyqaK77,Monthly billing for annual inspect fee,price_1R8l1SE2kujhweZxySQB0Ift,1300,cad,inspection_fee,inspection_fee,"{""item_type"": ""inspection_fee""}","{""item_type"": ""inspection_fee""}",{},,
already_complete,Existing item_type metadata is correct.,sub_1TgRmtE2kujhweZxH0ak7I7c,cus_UfnNlu2CK38zxo,active,si_UfnNd6ZGgdHyDm,prod_T3i7mDxTaNyb3T,Monthly fee for Geothermal Energy Service pursuant to the Residential Energy Service Agreement (DivFern Geothermal Limited Partnership HST#763596962RT0001)2526010,price_1Tdil9E2kujhweZx0Oaxyq85,9682,cad,monthly_service_fee,monthly_service_fee,"{""item_type"": ""monthly_service_fee""}","{""item_type"": ""monthly_service_fee""}","{""increaseable"": ""true""}",,
already_complete,Existing item_type metadata is correct.,sub_1TgRmtE2kujhweZxH0ak7I7c,cus_UfnNlu2CK38zxo,active,si_UfnNuHKBUBZlov,prod_S2qigSJLyqaK77,Monthly billing for annual inspect fee,price_1R8l1SE2kujhweZxySQB0Ift,1300,cad,inspection_fee,inspection_fee,"{""item_type"": ""inspection_fee""}","{""item_type"": ""inspection_fee""}",{},,
already_complete,Existing item_type metadata is correct.,sub_1TgR5rE2kujhweZxc3IpXDaB,cus_Ufmfy38ySmL4qV,active,si_UfmfQiF2w6Yfks,prod_T3i7mDxTaNyb3T,Monthly fee for Geothermal Energy Service pursuant to the Residential Energy Service Agreement (DivFern Geothermal Limited Partnership HST#763596962RT0001)2526010,price_1Tdil9E2kujhweZx0Oaxyq85,9682,cad,monthly_service_fee,monthly_service_fee,"{""item_type"": ""monthly_service_fee""}","{""item_type"": ""monthly_service_fee""}","{""increaseable"": ""true""}",,
already_complete,Existing item_type metadata is correct.,sub_1TgR5rE2kujhweZxc3IpXDaB,cus_Ufmfy38ySmL4qV,active,si_UfmfiYEtcNBhx9,prod_S2qigSJLyqaK77,Monthly billing for annual inspect fee,price_1R8l1SE2kujhweZxySQB0Ift,1300,cad,inspection_fee,inspection_fee,"{""item_type"": ""inspection_fee""}","{""item_type"": ""inspection_fee""}",{},,
already_complete,Existing item_type metadata is correct.,sub_1TgQycE2kujhweZxiSDqLZ7d,cus_UfmXOfNLyvqNED,active,si_UfmXPhSsHdo92H,prod_S2qlETkPkX1w9J,Monthly fee for Geothermal Energy Service pursuant to the Residential Energy Service Agreement (DivFern Geothermal Limited Partnership HST#763596962RT0001),price_1TgQycE2kujhweZxapZt1CWK,19673,cad,monthly_service_fee,monthly_service_fee,"{""item_type"": ""monthly_service_fee""}","{""item_type"": ""monthly_service_fee""}","{""increaseable"": ""true""}",,
already_complete,Existing item_type metadata is correct.,sub_1TgQycE2kujhweZxiSDqLZ7d,cus_UfmXOfNLyvqNED,active,si_UfmXzOmXqtZnDP,prod_S2qigSJLyqaK77,Monthly billing for annual inspect fee,price_1R8l1SE2kujhweZxySQB0Ift,1300,cad,inspection_fee,inspection_fee,"{""item_type"": ""inspection_fee""}","{""item_type"": ""inspection_fee""}",{},,
already_complete,Existing item_type metadata is correct.,sub_1TgQsIE2kujhweZxrVKdu2pA,cus_UfmQZ3A9lnBMiX,active,si_UfmRmAyboJVTkN,prod_T3i7mDxTaNyb3T,Monthly fee for Geothermal Energy Service pursuant to the Residential Energy Service Agreement (DivFern Geothermal Limited Partnership HST#763596962RT0001)2526010,price_1Tdil5E2kujhweZxFAgI5vXC,14626,cad,monthly_service_fee,monthly_service_fee,"{""item_type"": ""monthly_service_fee""}","{""item_type"": ""monthly_service_fee""}","{""increaseable"": ""true""}",,
already_complete,Existing item_type metadata is correct.,sub_1TgQsIE2kujhweZxrVKdu2pA,cus_UfmQZ3A9lnBMiX,active,si_UfmR2QikJ7sEs1,prod_S2qigSJLyqaK77,Monthly billing for annual inspect fee,price_1R8l1SE2kujhweZxySQB0Ift,1300,cad,inspection_fee,inspection_fee,"{""item_type"": ""inspection_fee""}","{""item_type"": ""inspection_fee""}",{},,
already_complete,Existing item_type metadata is correct.,sub_1TgQgqE2kujhweZxZNGzQWWk,cus_UfmEkXJGLjTlUM,active,si_UfmFsBzdfluAoJ,prod_T3i7mDxTaNyb3T,Monthly fee for Geothermal Energy Service pursuant to the Residential Energy Service Agreement (DivFern Geothermal Limited Partnership HST#763596962RT0001)2526010,price_1Tdil9E2kujhweZx0Oaxyq85,9682,cad,monthly_service_fee,monthly_service_fee,"{""item_type"": ""monthly_service_fee""}","{""item_type"": ""monthly_service_fee""}","{""increaseable"": ""true""}",,
already_complete,Existing item_type metadata is correct.,sub_1TgQgqE2kujhweZxZNGzQWWk,cus_UfmEkXJGLjTlUM,active,si_UfmFuzRmj5t6C2,prod_S2qigSJLyqaK77,Monthly billing for annual inspect fee,price_1R8l1SE2kujhweZxySQB0Ift,1300,cad,inspection_fee,inspection_fee,"{""item_type"": ""inspection_fee""}","{""item_type"": ""inspection_fee""}",{},,
already_complete,Existing item_type metadata is correct.,sub_1TgQ2AE2kujhweZxQ4ENWBEZ,cus_UflZpdhBbU40SI,active,si_UflZUGyRThNFZL,prod_S2qk49V2aWNDMh,Monthly fee for Geothermal Energy Service pursuant to the Residential Energy Service Agreement (DivFern Geothermal Limited Partnership HST#763596962RT0001),price_1TgQ29E2kujhweZxRaLvH3p7,19673,cad,monthly_service_fee,monthly_service_fee,"{""item_type"": ""monthly_service_fee""}","{""item_type"": ""monthly_service_fee""}","{""increaseable"": ""true""}",,
already_complete,Existing item_type metadata is correct.,sub_1TgQ2AE2kujhweZxQ4ENWBEZ,cus_UflZpdhBbU40SI,active,si_UflZdxtR86Cexq,prod_S2qigSJLyqaK77,Monthly billing for annual inspect fee,price_1R8l1SE2kujhweZxySQB0Ift,1300,cad,inspection_fee,inspection_fee,"{""item_type"": ""inspection_fee""}","{""item_type"": ""inspection_fee""}",{},,
already_complete,Existing item_type metadata is correct.,sub_1TgPtqE2kujhweZxojdhDtQ0,cus_UflQ09lyQ7BM2m,active,si_UflQ4wwZXSQf1h,prod_T3i7mDxTaNyb3T,Monthly fee for Geothermal Energy Service pursuant to the Residential Energy Service Agreement (DivFern Geothermal Limited Partnership HST#763596962RT0001)2526010,price_1Tdil5E2kujhweZxFAgI5vXC,14626,cad,monthly_service_fee,monthly_service_fee,"{""item_type"": ""monthly_service_fee""}","{""item_type"": ""monthly_service_fee""}","{""increaseable"": ""true""}",,
already_complete,Existing item_type metadata is correct.,sub_1TgPtqE2kujhweZxojdhDtQ0,cus_UflQ09lyQ7BM2m,active,si_UflQ9aE9u2ZayG,prod_S2qigSJLyqaK77,Monthly billing for annual inspect fee,price_1R8l1SE2kujhweZxySQB0Ift,1300,cad,inspection_fee,inspection_fee,"{""item_type"": ""inspection_fee""}","{""item_type"": ""inspection_fee""}",{},,
already_complete,Existing item_type metadata is correct.,sub_1Tf0mbE2kujhweZxBkklcyWP,cus_UeJPzA3VbtKL9y,active,si_UeJPX6gANQyMTa,prod_T3i7mDxTaNyb3T,Monthly fee for Geothermal Energy Service pursuant to the Residential Energy Service Agreement (DivFern Geothermal Limited Partnership HST#763596962RT0001)2526010,price_1Tdil4E2kujhweZx7YmcsX59,16171,cad,monthly_service_fee,monthly_service_fee,"{""item_type"": ""monthly_service_fee""}","{""item_type"": ""monthly_service_fee""}","{""increaseable"": ""true""}",,
already_complete,Existing item_type metadata is correct.,sub_1Tf0mbE2kujhweZxBkklcyWP,cus_UeJPzA3VbtKL9y,active,si_UeJPuIG3u9vbLi,prod_S2qigSJLyqaK77,Monthly billing for annual inspect fee,price_1R8l1SE2kujhweZxySQB0Ift,1300,cad,inspection_fee,inspection_fee,"{""item_type"": ""inspection_fee""}","{""item_type"": ""inspection_fee""}",{},,
already_complete,Existing item_type metadata is correct.,sub_1Tf0g6E2kujhweZxUgJTEjKg,cus_UeJIxHxj2FXlc8,active,si_UeJItSiSUIEn10,prod_T3i7mDxTaNyb3T,Monthly fee for Geothermal Energy Service pursuant to the Residential Energy Service Agreement (DivFern Geothermal Limited Partnership HST#763596962RT0001)2526010,price_1Tdil4E2kujhweZx7YmcsX59,16171,cad,monthly_service_fee,monthly_service_fee,"{""item_type"": ""monthly_service_fee""}","{""item_type"": ""monthly_service_fee""}","{""increaseable"": ""true""}",,
already_complete,Existing item_type metadata is correct.,sub_1Tf0g6E2kujhweZxUgJTEjKg,cus_UeJIxHxj2FXlc8,active,si_UeJITdSVKKNoSa,prod_S2qigSJLyqaK77,Monthly billing for annual inspect fee,price_1R8l1SE2kujhweZxySQB0Ift,1300,cad,inspection_fee,inspection_fee,"{""item_type"": ""inspection_fee""}","{""item_type"": ""inspection_fee""}",{},,
already_complete,Existing item_type metadata is correct.,sub_1Tf0OZE2kujhweZxhRcHPnZE,cus_UeJ0sq2owRo6dd,active,si_UeJ0yGDmAQTgb1,prod_T3i7mDxTaNyb3T,Monthly fee for Geothermal Energy Service pursuant to the Residential Energy Service Agreement (DivFern Geothermal Limited Partnership HST#763596962RT0001)2526010,price_1Tdil4E2kujhweZx7YmcsX59,16171,cad,monthly_service_fee,monthly_service_fee,"{""item_type"": ""monthly_service_fee""}","{""item_type"": ""monthly_service_fee""}","{""increaseable"": ""true""}",,
already_complete,Existing item_type metadata is correct.,sub_1Tf0OZE2kujhweZxhRcHPnZE,cus_UeJ0sq2owRo6dd,active,si_UeJ0zKobBxe1vE,prod_S2qigSJLyqaK77,Monthly billing for annual inspect fee,price_1R8l1SE2kujhweZxySQB0Ift,1300,cad,inspection_fee,inspection_fee,"{""item_type"": ""inspection_fee""}","{""item_type"": ""inspection_fee""}",{},,
already_complete,Existing item_type metadata is correct.,sub_1Tf08qE2kujhweZxg1Yz74NM,cus_UeIkzZoxc5BELd,active,si_UeIkReAjWDhNFm,prod_T3i7mDxTaNyb3T,Monthly fee for Geothermal Energy Service pursuant to the Residential Energy Service Agreement (DivFern Geothermal Limited Partnership HST#763596962RT0001)2526010,price_1Tdil5E2kujhweZxFAgI5vXC,14626,cad,monthly_service_fee,monthly_service_fee,"{""item_type"": ""monthly_service_fee""}","{""item_type"": ""monthly_service_fee""}","{""increaseable"": ""true""}",,
already_complete,Existing item_type metadata is correct.,sub_1Tf08qE2kujhweZxg1Yz74NM,cus_UeIkzZoxc5BELd,active,si_UeIkpZ9iYn1Ars,prod_S2qigSJLyqaK77,Monthly billing for annual inspect fee,price_1R8l1SE2kujhweZxySQB0Ift,1300,cad,inspection_fee,inspection_fee,"{""item_type"": ""inspection_fee""}","{""item_type"": ""inspection_fee""}",{},,
already_complete,Existing item_type metadata is correct.,sub_1TezyhE2kujhweZxV86zzj0i,cus_UeIZ0SwN62XnyV,active,si_UeIZYCYv1MogoR,prod_T3i7mDxTaNyb3T,Monthly fee for Geothermal Energy Service pursuant to the Residential Energy Service Agreement (DivFern Geothermal Limited Partnership HST#763596962RT0001)2526010,price_1Tdil4E2kujhweZx7YmcsX59,16171,cad,monthly_service_fee,monthly_service_fee,"{""item_type"": ""monthly_service_fee""}","{""item_type"": ""monthly_service_fee""}","{""increaseable"": ""true""}",,
already_complete,Existing item_type metadata is correct.,sub_1TezyhE2kujhweZxV86zzj0i,cus_UeIZ0SwN62XnyV,active,si_UeIZWsO9MdQSWw,prod_S2qigSJLyqaK77,Monthly billing for annual inspect fee,price_1R8l1SE2kujhweZxySQB0Ift,1300,cad,inspection_fee,inspection_fee,"{""item_type"": ""inspection_fee""}","{""item_type"": ""inspection_fee""}",{},,
already_complete,Existing item_type metadata is correct.,sub_1TezkpE2kujhweZx2T0MXmGH,cus_UeILyiRqnGC9Mi,active,si_UeILQ7wGifVQDv,prod_T3i7mDxTaNyb3T,Monthly fee for Geothermal Energy Service pursuant to the Residential Energy Service Agreement (DivFern Geothermal Limited Partnership HST#763596962RT0001)2526010,price_1Tdil4E2kujhweZx7YmcsX59,16171,cad,monthly_service_fee,monthly_service_fee,"{""item_type"": ""monthly_service_fee""}","{""item_type"": ""monthly_service_fee""}","{""increaseable"": ""true""}",,
already_complete,Existing item_type metadata is correct.,sub_1TezkpE2kujhweZx2T0MXmGH,cus_UeILyiRqnGC9Mi,active,si_UeILWGNIVHDpOz,prod_S2qigSJLyqaK77,Monthly billing for annual inspect fee,price_1R8l1SE2kujhweZxySQB0Ift,1300,cad,inspection_fee,inspection_fee,"{""item_type"": ""inspection_fee""}","{""item_type"": ""inspection_fee""}",{},,
already_complete,Existing item_type metadata is correct.,sub_1Tey5wE2kujhweZxJHzFWAUQ,cus_UeGctl1iPY011Y,active,si_UeGd61QUK8Uuc6,prod_T3i7mDxTaNyb3T,Monthly fee for Geothermal Energy Service pursuant to the Residential Energy Service Agreement (DivFern Geothermal Limited Partnership HST#763596962RT0001)2526010,price_1Tdil4E2kujhweZx7YmcsX59,16171,cad,monthly_service_fee,monthly_service_fee,"{""item_type"": ""monthly_service_fee""}","{""item_type"": ""monthly_service_fee""}","{""increaseable"": ""true""}",,
already_complete,Existing item_type metadata is correct.,sub_1Tey5wE2kujhweZxJHzFWAUQ,cus_UeGctl1iPY011Y,active,si_UeGdReKDu5m5Sm,prod_S2qigSJLyqaK77,Monthly billing for annual inspect fee,price_1R8l1SE2kujhweZxySQB0Ift,1300,cad,inspection_fee,inspection_fee,"{""item_type"": ""inspection_fee""}","{""item_type"": ""inspection_fee""}",{},,
already_complete,Existing item_type metadata is correct.,sub_1TexuhE2kujhweZx3ALYf76C,cus_UeGRodfO0LnigF,active,si_UeGRDesMoQJgmc,prod_T3i7mDxTaNyb3T,Monthly fee for Geothermal Energy Service pursuant to the Residential Energy Service Agreement (DivFern Geothermal Limited Partnership HST#763596962RT0001)2526010,price_1Tdil9E2kujhweZx0Oaxyq85,9682,cad,monthly_service_fee,monthly_service_fee,"{""item_type"": ""monthly_service_fee""}","{""item_type"": ""monthly_service_fee""}","{""increaseable"": ""true""}",,
already_complete,Existing item_type metadata is correct.,sub_1TexuhE2kujhweZx3ALYf76C,cus_UeGRodfO0LnigF,active,si_UeGRODayxFENr1,prod_S2qigSJLyqaK77,Monthly billing for annual inspect fee,price_1R8l1SE2kujhweZxySQB0Ift,1300,cad,inspection_fee,inspection_fee,"{""item_type"": ""inspection_fee""}","{""item_type"": ""inspection_fee""}",{},,
already_complete,Existing item_type metadata is correct.,sub_1TexnZE2kujhweZxHAVd30UB,cus_UeGK1xSB51hYJp,active,si_UeGKRRSs7ityvV,prod_T3i7mDxTaNyb3T,Monthly fee for Geothermal Energy Service pursuant to the Residential Energy Service Agreement (DivFern Geothermal Limited Partnership HST#763596962RT0001)2526010,price_1Tdil5E2kujhweZxFAgI5vXC,14626,cad,monthly_service_fee,monthly_service_fee,"{""item_type"": ""monthly_service_fee""}","{""item_type"": ""monthly_service_fee""}","{""increaseable"": ""true""}",,
already_complete,Existing item_type metadata is correct.,sub_1TexnZE2kujhweZxHAVd30UB,cus_UeGK1xSB51hYJp,active,si_UeGKt28QhmoEIY,prod_S2qigSJLyqaK77,Monthly billing for annual inspect fee,price_1R8l1SE2kujhweZxySQB0Ift,1300,cad,inspection_fee,inspection_fee,"{""item_type"": ""inspection_fee""}","{""item_type"": ""inspection_fee""}",{},,
already_complete,Existing item_type metadata is correct.,sub_1TexQIE2kujhweZxKCBgJYUf,cus_UeFwR5skAIThOZ,active,si_UeFw3egjk3Wg8N,prod_T3i7mDxTaNyb3T,Monthly fee for Geothermal Energy Service pursuant to the Residential Energy Service Agreement (DivFern Geothermal Limited Partnership HST#763596962RT0001)2526010,price_1Tdil2E2kujhweZxGCe25OmM,15656,cad,monthly_service_fee,monthly_service_fee,"{""item_type"": ""monthly_service_fee""}","{""item_type"": ""monthly_service_fee""}","{""increaseable"": ""true""}",,
already_complete,Existing item_type metadata is correct.,sub_1TexQIE2kujhweZxKCBgJYUf,cus_UeFwR5skAIThOZ,active,si_UeFwmnjAnRwhkz,prod_S2qigSJLyqaK77,Monthly billing for annual inspect fee,price_1R8l1SE2kujhweZxySQB0Ift,1300,cad,inspection_fee,inspection_fee,"{""item_type"": ""inspection_fee""}","{""item_type"": ""inspection_fee""}",{},,
already_complete,Existing item_type metadata is correct.,sub_1Tex7lE2kujhweZxd3Cx9Gav,cus_UeFcRmTvqgTC6E,active,si_UeFdAykqyeP1Mp,prod_T3i7mDxTaNyb3T,Monthly fee for Geothermal Energy Service pursuant to the Residential Energy Service Agreement (DivFern Geothermal Limited Partnership HST#763596962RT0001)2526010,price_1Tdil2E2kujhweZxGCe25OmM,15656,cad,monthly_service_fee,monthly_service_fee,"{""item_type"": ""monthly_service_fee""}","{""item_type"": ""monthly_service_fee""}","{""increaseable"": ""true""}",,
already_complete,Existing item_type metadata is correct.,sub_1Tex7lE2kujhweZxd3Cx9Gav,cus_UeFcRmTvqgTC6E,active,si_UeFdNcJi5TkIT7,prod_S2qigSJLyqaK77,Monthly billing for annual inspect fee,price_1R8l1SE2kujhweZxySQB0Ift,1300,cad,inspection_fee,inspection_fee,"{""item_type"": ""inspection_fee""}","{""item_type"": ""inspection_fee""}",{},,
already_complete,Existing item_type metadata is correct.,sub_1TewrgE2kujhweZx3gv0M1r8,cus_UeFMyy0yGxIC3r,active,si_UeFMZJDS4aTSRK,prod_T3i7mDxTaNyb3T,Monthly fee for Geothermal Energy Service pursuant to the Residential Energy Service Agreement (DivFern Geothermal Limited Partnership HST#763596962RT0001)2526010,price_1Tdil2E2kujhweZxGCe25OmM,15656,cad,monthly_service_fee,monthly_service_fee,"{""item_type"": ""monthly_service_fee""}","{""item_type"": ""monthly_service_fee""}","{""increaseable"": ""true""}",,
already_complete,Existing item_type metadata is correct.,sub_1TewrgE2kujhweZx3gv0M1r8,cus_UeFMyy0yGxIC3r,active,si_UeFM4HMPwj3sZ1,prod_S2qigSJLyqaK77,Monthly billing for annual inspect fee,price_1R8l1SE2kujhweZxySQB0Ift,1300,cad,inspection_fee,inspection_fee,"{""item_type"": ""inspection_fee""}","{""item_type"": ""inspection_fee""}",{},,
already_complete,Existing item_type metadata is correct.,sub_1TTnDHE2kujhweZxsJOp2viU,cus_USieRzJ5q7pL3Y,active,si_USien6TrN5NLvx,prod_T3i7mDxTaNyb3T,Monthly fee for Geothermal Energy Service pursuant to the Residential Energy Service Agreement (DivFern Geothermal Limited Partnership HST#763596962RT0001)2526010,price_1TdN62E2kujhweZxRDlo8Fw8,16171,cad,monthly_service_fee,monthly_service_fee,"{""item_type"": ""monthly_service_fee""}","{""item_type"": ""monthly_service_fee""}","{""increaseable"": ""true""}",,
already_complete,Existing item_type metadata is correct.,sub_1TTnDHE2kujhweZxsJOp2viU,cus_USieRzJ5q7pL3Y,active,si_USierkELrTo0eo,prod_S2qigSJLyqaK77,Monthly billing for annual inspect fee,price_1R8l1SE2kujhweZxySQB0Ift,1300,cad,inspection_fee,inspection_fee,"{""item_type"": ""inspection_fee""}","{""item_type"": ""inspection_fee""}",{},,
already_complete,Existing item_type metadata is correct.,sub_1TTn7zE2kujhweZxmbSnfsCA,cus_USiYqIBaFkHvPQ,active,si_USiZFnNxXM3D46,prod_T3i7mDxTaNyb3T,Monthly fee for Geothermal Energy Service pursuant to the Residential Energy Service Agreement (DivFern Geothermal Limited Partnership HST#763596962RT0001)2526010,price_1TdN63E2kujhweZxmopqha3B,9682,cad,monthly_service_fee,monthly_service_fee,"{""item_type"": ""monthly_service_fee""}","{""item_type"": ""monthly_service_fee""}","{""increaseable"": ""true""}",,
already_complete,Existing item_type metadata is correct.,sub_1TTn7zE2kujhweZxmbSnfsCA,cus_USiYqIBaFkHvPQ,active,si_USiZdjMiadCrtX,prod_S2qigSJLyqaK77,Monthly billing for annual inspect fee,price_1R8l1SE2kujhweZxySQB0Ift,1300,cad,inspection_fee,inspection_fee,"{""item_type"": ""inspection_fee""}","{""item_type"": ""inspection_fee""}",{},,
already_complete,Existing item_type metadata is correct.,sub_1TTmzQE2kujhweZx8Lb8yR7Q,cus_USiQD9LO82Foy1,active,si_USiQGCMFGPoayE,prod_T3i7mDxTaNyb3T,Monthly fee for Geothermal Energy Service pursuant to the Residential Energy Service Agreement (DivFern Geothermal Limited Partnership HST#763596962RT0001)2526010,price_1TdN65E2kujhweZxSJcdBlkr,16171,cad,monthly_service_fee,monthly_service_fee,"{""item_type"": ""monthly_service_fee""}","{""item_type"": ""monthly_service_fee""}","{""increaseable"": ""true""}",,
already_complete,Existing item_type metadata is correct.,sub_1TTmzQE2kujhweZx8Lb8yR7Q,cus_USiQD9LO82Foy1,active,si_USiQasBCaVhnnc,prod_S2qigSJLyqaK77,Monthly billing for annual inspect fee,price_1R8l1SE2kujhweZxySQB0Ift,1300,cad,inspection_fee,inspection_fee,"{""item_type"": ""inspection_fee""}","{""item_type"": ""inspection_fee""}",{},,
already_complete,Existing item_type metadata is correct.,sub_1TTmraE2kujhweZx6eh2OUTM,cus_USiHeVxUVXQycP,active,si_USiI8IwxRSJ5ci,prod_T3i7mDxTaNyb3T,Monthly fee for Geothermal Energy Service pursuant to the Residential Energy Service Agreement (DivFern Geothermal Limited Partnership HST#763596962RT0001)2526010,price_1TdN67E2kujhweZx14tUBlu8,14626,cad,monthly_service_fee,monthly_service_fee,"{""item_type"": ""monthly_service_fee""}","{""item_type"": ""monthly_service_fee""}","{""increaseable"": ""true""}",,
already_complete,Existing item_type metadata is correct.,sub_1TTmraE2kujhweZx6eh2OUTM,cus_USiHeVxUVXQycP,active,si_USiIJogUyIcFwD,prod_S2qigSJLyqaK77,Monthly billing for annual inspect fee,price_1R8l1SE2kujhweZxySQB0Ift,1300,cad,inspection_fee,inspection_fee,"{""item_type"": ""inspection_fee""}","{""item_type"": ""inspection_fee""}",{},,
already_complete,Existing item_type metadata is correct.,sub_1TTmmSE2kujhweZxLn7oxX5H,cus_USiCERRBbD3Tdg,active,si_USiCiW7NnpBzQ3,prod_T3i7mDxTaNyb3T,Monthly fee for Geothermal Energy Service pursuant to the Residential Energy Service Agreement (DivFern Geothermal Limited Partnership HST#763596962RT0001)2526010,price_1TdN68E2kujhweZxAuRxqNWu,9682,cad,monthly_service_fee,monthly_service_fee,"{""item_type"": ""monthly_service_fee""}","{""item_type"": ""monthly_service_fee""}","{""increaseable"": ""true""}",,
already_complete,Existing item_type metadata is correct.,sub_1TTmmSE2kujhweZxLn7oxX5H,cus_USiCERRBbD3Tdg,active,si_USiCHXrJSzogYB,prod_S2qigSJLyqaK77,Monthly billing for annual inspect fee,price_1R8l1SE2kujhweZxySQB0Ift,1300,cad,inspection_fee,inspection_fee,"{""item_type"": ""inspection_fee""}","{""item_type"": ""inspection_fee""}",{},,
already_complete,Existing item_type metadata is correct.,sub_1TTmhaE2kujhweZxSLp7TjSH,cus_USi76sdJ1UVgsm,active,si_USi79d5P9hbCQa,prod_T3i7mDxTaNyb3T,Monthly fee for Geothermal Energy Service pursuant to the Residential Energy Service Agreement (DivFern Geothermal Limited Partnership HST#763596962RT0001)2526010,price_1TdN6AE2kujhweZxfkf0tDEv,9682,cad,monthly_service_fee,monthly_service_fee,"{""item_type"": ""monthly_service_fee""}","{""item_type"": ""monthly_service_fee""}","{""increaseable"": ""true""}",,
already_complete,Existing item_type metadata is correct.,sub_1TTmhaE2kujhweZxSLp7TjSH,cus_USi76sdJ1UVgsm,active,si_USi7jjvHIq3YUK,prod_S2qigSJLyqaK77,Monthly billing for annual inspect fee,price_1R8l1SE2kujhweZxySQB0Ift,1300,cad,inspection_fee,inspection_fee,"{""item_type"": ""inspection_fee""}","{""item_type"": ""inspection_fee""}",{},,
already_complete,Existing item_type metadata is correct.,sub_1TThTGE2kujhweZxfCCbTfTB,cus_UScitaCk28EshL,active,si_USciYiSuMlwPoy,prod_T3i7mDxTaNyb3T,Monthly fee for Geothermal Energy Service pursuant to the Residential Energy Service Agreement (DivFern Geothermal Limited Partnership HST#763596962RT0001)2526010,price_1TdN6BE2kujhweZxaPTeHcmp,16171,cad,monthly_service_fee,monthly_service_fee,"{""item_type"": ""monthly_service_fee""}","{""item_type"": ""monthly_service_fee""}","{""increaseable"": ""true""}",,
already_complete,Existing item_type metadata is correct.,sub_1TThTGE2kujhweZxfCCbTfTB,cus_UScitaCk28EshL,active,si_UScixkrDzKnJzw,prod_S2qigSJLyqaK77,Monthly billing for annual inspect fee,price_1R8l1SE2kujhweZxySQB0Ift,1300,cad,inspection_fee,inspection_fee,"{""item_type"": ""inspection_fee""}","{""item_type"": ""inspection_fee""}",{},,
already_complete,Existing item_type metadata is correct.,sub_1TThLQE2kujhweZxBGs9Qoij,cus_UScYE3CARaR1vk,active,si_UScajW157AWRDG,prod_T3i7mDxTaNyb3T,Monthly fee for Geothermal Energy Service pursuant to the Residential Energy Service Agreement (DivFern Geothermal Limited Partnership HST#763596962RT0001)2526010,price_1TdN6DE2kujhweZxQOUAafEn,16171,cad,monthly_service_fee,monthly_service_fee,"{""item_type"": ""monthly_service_fee""}","{""item_type"": ""monthly_service_fee""}","{""increaseable"": ""true""}",,
already_complete,Existing item_type metadata is correct.,sub_1TThLQE2kujhweZxBGs9Qoij,cus_UScYE3CARaR1vk,active,si_USca6CuCJuN4we,prod_S2qigSJLyqaK77,Monthly billing for annual inspect fee,price_1R8l1SE2kujhweZxySQB0Ift,1300,cad,inspection_fee,inspection_fee,"{""item_type"": ""inspection_fee""}","{""item_type"": ""inspection_fee""}",{},,
already_complete,Existing item_type metadata is correct.,sub_1TThC8E2kujhweZxdSqudiUU,cus_UScQ8ed5np1RVK,active,si_UScRGhNouPkWrr,prod_T3i7mDxTaNyb3T,Monthly fee for Geothermal Energy Service pursuant to the Residential Energy Service Agreement (DivFern Geothermal Limited Partnership HST#763596962RT0001)2526010,price_1TdN6FE2kujhweZxKvhag39c,9682,cad,monthly_service_fee,monthly_service_fee,"{""item_type"": ""monthly_service_fee""}","{""item_type"": ""monthly_service_fee""}","{""increaseable"": ""true""}",,
already_complete,Existing item_type metadata is correct.,sub_1TThC8E2kujhweZxdSqudiUU,cus_UScQ8ed5np1RVK,active,si_UScRYsz3P7YCqn,prod_S2qigSJLyqaK77,Monthly billing for annual inspect fee,price_1R8l1SE2kujhweZxySQB0Ift,1300,cad,inspection_fee,inspection_fee,"{""item_type"": ""inspection_fee""}","{""item_type"": ""inspection_fee""}",{},,
already_complete,Existing item_type metadata is correct.,sub_1TTQsyE2kujhweZxSzWNUD8s,cus_USLZo2T8Mt452c,active,si_USLa6FfWAK0pLs,prod_T3i7mDxTaNyb3T,Monthly fee for Geothermal Energy Service pursuant to the Residential Energy Service Agreement (DivFern Geothermal Limited Partnership HST#763596962RT0001)2526010,price_1TdN6HE2kujhweZxTaJOeEtL,14626,cad,monthly_service_fee,monthly_service_fee,"{""item_type"": ""monthly_service_fee""}","{""item_type"": ""monthly_service_fee""}","{""increaseable"": ""true""}",,
already_complete,Existing item_type metadata is correct.,sub_1TTQsyE2kujhweZxSzWNUD8s,cus_USLZo2T8Mt452c,active,si_USLaOkuY8c9FV8,prod_S2qigSJLyqaK77,Monthly billing for annual inspect fee,price_1R8l1SE2kujhweZxySQB0Ift,1300,cad,inspection_fee,inspection_fee,"{""item_type"": ""inspection_fee""}","{""item_type"": ""inspection_fee""}",{},,
already_complete,Existing item_type metadata is correct.,sub_1TTQowE2kujhweZxGLTa4ils,cus_USLVz6JeOtlNho,active,si_USLVpPZSDDoMFA,prod_T3i7mDxTaNyb3T,Monthly fee for Geothermal Energy Service pursuant to the Residential Energy Service Agreement (DivFern Geothermal Limited Partnership HST#763596962RT0001)2526010,price_1TdN6JE2kujhweZxzmoOLITk,9682,cad,monthly_service_fee,monthly_service_fee,"{""item_type"": ""monthly_service_fee""}","{""item_type"": ""monthly_service_fee""}","{""increaseable"": ""true""}",,
already_complete,Existing item_type metadata is correct.,sub_1TTQowE2kujhweZxGLTa4ils,cus_USLVz6JeOtlNho,active,si_USLV7nPrHQUoMC,prod_S2qigSJLyqaK77,Monthly billing for annual inspect fee,price_1R8l1SE2kujhweZxySQB0Ift,1300,cad,inspection_fee,inspection_fee,"{""item_type"": ""inspection_fee""}","{""item_type"": ""inspection_fee""}",{},,
already_complete,Existing item_type metadata is correct.,sub_1TTQi6E2kujhweZxBZ6MnM4A,cus_USLOqmA4XaqTa8,active,si_USLO07Va51gp55,prod_T3i7mDxTaNyb3T,Monthly fee for Geothermal Energy Service pursuant to the Residential Energy Service Agreement (DivFern Geothermal Limited Partnership HST#763596962RT0001)2526010,price_1TdN6LE2kujhweZx0RjhCqlm,14626,cad,monthly_service_fee,monthly_service_fee,"{""item_type"": ""monthly_service_fee""}","{""item_type"": ""monthly_service_fee""}","{""increaseable"": ""true""}",,
already_complete,Existing item_type metadata is correct.,sub_1TTQi6E2kujhweZxBZ6MnM4A,cus_USLOqmA4XaqTa8,active,si_USLOezyaRbNJKo,prod_S2qigSJLyqaK77,Monthly billing for annual inspect fee,price_1R8l1SE2kujhweZxySQB0Ift,1300,cad,inspection_fee,inspection_fee,"{""item_type"": ""inspection_fee""}","{""item_type"": ""inspection_fee""}",{},,
already_complete,Existing item_type metadata is correct.,sub_1TTQWoE2kujhweZx0NtbzPat,cus_USLDwIDJbO19rs,active,si_USLDYJ1xlrZEIy,prod_T3i7mDxTaNyb3T,Monthly fee for Geothermal Energy Service pursuant to the Residential Energy Service Agreement (DivFern Geothermal Limited Partnership HST#763596962RT0001)2526010,price_1TdN6ME2kujhweZx5mAMaNiV,9682,cad,monthly_service_fee,monthly_service_fee,"{""item_type"": ""monthly_service_fee""}","{""item_type"": ""monthly_service_fee""}","{""increaseable"": ""true""}",,
already_complete,Existing item_type metadata is correct.,sub_1TTQWoE2kujhweZx0NtbzPat,cus_USLDwIDJbO19rs,active,si_USLD8BVAQf1p1x,prod_S2qigSJLyqaK77,Monthly billing for annual inspect fee,price_1R8l1SE2kujhweZxySQB0Ift,1300,cad,inspection_fee,inspection_fee,"{""item_type"": ""inspection_fee""}","{""item_type"": ""inspection_fee""}",{},,
already_complete,Existing item_type metadata is correct.,sub_1TTQQyE2kujhweZxtoPHxD9O,cus_USL71BSD7ayXnj,active,si_USL7w2s3wrRENX,prod_T3i7mDxTaNyb3T,Monthly fee for Geothermal Energy Service pursuant to the Residential Energy Service Agreement (DivFern Geothermal Limited Partnership HST#763596962RT0001)2526010,price_1TdN6OE2kujhweZxH3BkxVmW,9682,cad,monthly_service_fee,monthly_service_fee,"{""item_type"": ""monthly_service_fee""}","{""item_type"": ""monthly_service_fee""}","{""increaseable"": ""true""}",,
already_complete,Existing item_type metadata is correct.,sub_1TTQQyE2kujhweZxtoPHxD9O,cus_USL71BSD7ayXnj,active,si_USL73cLprKMwTT,prod_S2qigSJLyqaK77,Monthly billing for annual inspect fee,price_1R8l1SE2kujhweZxySQB0Ift,1300,cad,inspection_fee,inspection_fee,"{""item_type"": ""inspection_fee""}","{""item_type"": ""inspection_fee""}",{},,
already_complete,Existing item_type metadata is correct.,sub_1TTQIfE2kujhweZx2evxs9w9,cus_USKy2pNentbuFy,active,si_USKy8LT0KQcHyt,prod_T3i7mDxTaNyb3T,Monthly fee for Geothermal Energy Service pursuant to the Residential Energy Service Agreement (DivFern Geothermal Limited Partnership HST#763596962RT0001)2526010,price_1TdN6QE2kujhweZxfuotWKUG,9682,cad,monthly_service_fee,monthly_service_fee,"{""item_type"": ""monthly_service_fee""}","{""item_type"": ""monthly_service_fee""}","{""increaseable"": ""true""}",,
already_complete,Existing item_type metadata is correct.,sub_1TTQIfE2kujhweZx2evxs9w9,cus_USKy2pNentbuFy,active,si_USKyltGzI8VK94,prod_S2qigSJLyqaK77,Monthly billing for annual inspect fee,price_1R8l1SE2kujhweZxySQB0Ift,1300,cad,inspection_fee,inspection_fee,"{""item_type"": ""inspection_fee""}","{""item_type"": ""inspection_fee""}",{},,
already_complete,Existing item_type metadata is correct.,sub_1TTQ9nE2kujhweZxApExWUm4,cus_USKp8nfhnqRv7C,active,si_USKppQxKR2rucU,prod_T3i7mDxTaNyb3T,Monthly fee for Geothermal Energy Service pursuant to the Residential Energy Service Agreement (DivFern Geothermal Limited Partnership HST#763596962RT0001)2526010,price_1TdN6SE2kujhweZxuarSTTvE,15656,cad,monthly_service_fee,monthly_service_fee,"{""item_type"": ""monthly_service_fee""}","{""item_type"": ""monthly_service_fee""}","{""increaseable"": ""true""}",,
already_complete,Existing item_type metadata is correct.,sub_1TTQ9nE2kujhweZxApExWUm4,cus_USKp8nfhnqRv7C,active,si_USKp8LrBhDgd8g,prod_S2qigSJLyqaK77,Monthly billing for annual inspect fee,price_1R8l1SE2kujhweZxySQB0Ift,1300,cad,inspection_fee,inspection_fee,"{""item_type"": ""inspection_fee""}","{""item_type"": ""inspection_fee""}",{},,
already_complete,Existing item_type metadata is correct.,sub_1TTQ3uE2kujhweZxpi2ZQmB9,cus_USKjnGPZe1qMfq,active,si_USKjqAlSV26EL5,prod_T3i7mDxTaNyb3T,Monthly fee for Geothermal Energy Service pursuant to the Residential Energy Service Agreement (DivFern Geothermal Limited Partnership HST#763596962RT0001)2526010,price_1TdN6UE2kujhweZxKis5vOg2,9373,cad,monthly_service_fee,monthly_service_fee,"{""item_type"": ""monthly_service_fee""}","{""item_type"": ""monthly_service_fee""}","{""increaseable"": ""true""}",,
already_complete,Existing item_type metadata is correct.,sub_1TTQ3uE2kujhweZxpi2ZQmB9,cus_USKjnGPZe1qMfq,active,si_USKjc3lL8cH9rH,prod_S2qigSJLyqaK77,Monthly billing for annual inspect fee,price_1R8l1SE2kujhweZxySQB0Ift,1300,cad,inspection_fee,inspection_fee,"{""item_type"": ""inspection_fee""}","{""item_type"": ""inspection_fee""}",{},,
already_complete,Existing item_type metadata is correct.,sub_1TTPORE2kujhweZxaU1R3gIU,cus_R2dcfQkRlDccAH,active,si_USK2lcgnEQoRLO,prod_T3i7mDxTaNyb3T,Monthly fee for Geothermal Energy Service pursuant to the Residential Energy Service Agreement (DivFern Geothermal Limited Partnership HST#763596962RT0001)2526010,price_1TdN6WE2kujhweZxCeh9R3Vv,9579,cad,monthly_service_fee,monthly_service_fee,"{""item_type"": ""monthly_service_fee""}","{""item_type"": ""monthly_service_fee""}","{""increaseable"": ""true""}",,
already_complete,Existing item_type metadata is correct.,sub_1TTPORE2kujhweZxaU1R3gIU,cus_R2dcfQkRlDccAH,active,si_USK2MGWd4cD2kL,prod_QRb4nqXhaz7pMn,Monthly billing for annual inspect fee,price_1PahsjE2kujhweZxZUnm9a53,1400,cad,inspection_fee,inspection_fee,"{""item_type"": ""inspection_fee""}","{""item_type"": ""inspection_fee""}",{},,
already_complete,Existing item_type metadata is correct.,sub_1TREdPE2kujhweZxnijkjU2G,cus_SIeRTDfvxE7yMR,active,si_UQ4ma93koybwuj,prod_T3i2UsrBI3HC7J,Monthly fee for Geothermal Energy Service pursuant to the Residential Energy Service Agreement (DivFern Geothermal Limited Partnership HST#763596962RT0001)252607,price_1TdN6XE2kujhweZxAYtVmOTV,15656,cad,monthly_service_fee,monthly_service_fee,"{""item_type"": ""monthly_service_fee""}","{""item_type"": ""monthly_service_fee""}","{""increaseable"": ""true""}",,
already_complete,Existing item_type metadata is correct.,sub_1TREdPE2kujhweZxnijkjU2G,cus_SIeRTDfvxE7yMR,active,si_UQ4mxKw2QeW4Ae,prod_S2qigSJLyqaK77,Monthly billing for annual inspect fee,price_1R8l1SE2kujhweZxySQB0Ift,1300,cad,inspection_fee,inspection_fee,"{""item_type"": ""inspection_fee""}","{""item_type"": ""inspection_fee""}",{},,
already_complete,Existing item_type metadata is correct.,sub_1TQpeIE2kujhweZxWynJGFwN,cus_SLethGoBn9Bmko,active,si_UPey2ugZba5mOG,prod_T3i2UsrBI3HC7J,Monthly fee for Geothermal Energy Service pursuant to the Residential Energy Service Agreement (DivFern Geothermal Limited Partnership HST#763596962RT0001)252607,price_1TdN6ZE2kujhweZxplUSjtGT,15656,cad,monthly_service_fee,monthly_service_fee,"{""item_type"": ""monthly_service_fee""}","{""item_type"": ""monthly_service_fee""}","{""increaseable"": ""true""}",,
already_complete,Existing item_type metadata is correct.,sub_1TQpeIE2kujhweZxWynJGFwN,cus_SLethGoBn9Bmko,active,si_UPey0ajdc7RltA,prod_S2qigSJLyqaK77,Monthly billing for annual inspect fee,price_1R8l1SE2kujhweZxySQB0Ift,1300,cad,inspection_fee,inspection_fee,"{""item_type"": ""inspection_fee""}","{""item_type"": ""inspection_fee""}",{},,
already_complete,Existing item_type metadata is correct.,sub_1TJc2IE2kujhweZxbUxHZJZO,cus_UICROQlL3tp3i9,active,si_UICRdo3E5IyboX,prod_T3i7mDxTaNyb3T,Monthly fee for Geothermal Energy Service pursuant to the Residential Energy Service Agreement (DivFern Geothermal Limited Partnership HST#763596962RT0001)2526010,price_1TdN6bE2kujhweZx1HWikOYy,9682,cad,monthly_service_fee,monthly_service_fee,"{""item_type"": ""monthly_service_fee""}","{""item_type"": ""monthly_service_fee""}","{""increaseable"": ""true""}",,
already_complete,Existing item_type metadata is correct.,sub_1TJc2IE2kujhweZxbUxHZJZO,cus_UICROQlL3tp3i9,active,si_UICR47i7PbYmBG,prod_S2qigSJLyqaK77,Monthly billing for annual inspect fee,price_1R8l1SE2kujhweZxySQB0Ift,1300,cad,inspection_fee,inspection_fee,"{""item_type"": ""inspection_fee""}","{""item_type"": ""inspection_fee""}",{},,
already_complete,Existing item_type metadata is correct.,sub_1TJG2LE2kujhweZxRbeXO5zP,cus_UHphFqEBWhrEK7,active,si_UHphJyR8xJxssa,prod_T3i7mDxTaNyb3T,Monthly fee for Geothermal Energy Service pursuant to the Residential Energy Service Agreement (DivFern Geothermal Limited Partnership HST#763596962RT0001)2526010,price_1TdN6dE2kujhweZx0Vx2afoW,9682,cad,monthly_service_fee,monthly_service_fee,"{""item_type"": ""monthly_service_fee""}","{""item_type"": ""monthly_service_fee""}","{""increaseable"": ""true""}",,
already_complete,Existing item_type metadata is correct.,sub_1TJG2LE2kujhweZxRbeXO5zP,cus_UHphFqEBWhrEK7,active,si_UHphaWjCNncIXb,prod_S2qigSJLyqaK77,Monthly billing for annual inspect fee,price_1R8l1SE2kujhweZxySQB0Ift,1300,cad,inspection_fee,inspection_fee,"{""item_type"": ""inspection_fee""}","{""item_type"": ""inspection_fee""}",{},,
already_complete,Existing item_type metadata is correct.,sub_1TJFtdE2kujhweZxdBPO60WI,cus_UHpY0fheLPJfVg,active,si_UHpYpPZAQSPz5m,prod_T3i7mDxTaNyb3T,Monthly fee for Geothermal Energy Service pursuant to the Residential Energy Service Agreement (DivFern Geothermal Limited Partnership HST#763596962RT0001)2526010,price_1TdN6fE2kujhweZxnI27A1sz,14626,cad,monthly_service_fee,monthly_service_fee,"{""item_type"": ""monthly_service_fee""}","{""item_type"": ""monthly_service_fee""}","{""increaseable"": ""true""}",,
already_complete,Existing item_type metadata is correct.,sub_1TJFtdE2kujhweZxdBPO60WI,cus_UHpY0fheLPJfVg,active,si_UHpYOKSIk6w3Xx,prod_S2qigSJLyqaK77,Monthly billing for annual inspect fee,price_1R8l1SE2kujhweZxySQB0Ift,1300,cad,inspection_fee,inspection_fee,"{""item_type"": ""inspection_fee""}","{""item_type"": ""inspection_fee""}",{},,
already_complete,Existing item_type metadata is correct.,sub_1TJFgKE2kujhweZxUB5IVASp,cus_UHpKEl3wGCxKiB,active,si_UHpLzBvi3MZaFn,prod_T3i7mDxTaNyb3T,Monthly fee for Geothermal Energy Service pursuant to the Residential Energy Service Agreement (DivFern Geothermal Limited Partnership HST#763596962RT0001)2526010,price_1TdN6gE2kujhweZxSnP5driY,14626,cad,monthly_service_fee,monthly_service_fee,"{""item_type"": ""monthly_service_fee""}","{""item_type"": ""monthly_service_fee""}","{""increaseable"": ""true""}",,
already_complete,Existing item_type metadata is correct.,sub_1TJFgKE2kujhweZxUB5IVASp,cus_UHpKEl3wGCxKiB,active,si_UHpL5WIS17qbOO,prod_S2qigSJLyqaK77,Monthly billing for annual inspect fee,price_1R8l1SE2kujhweZxySQB0Ift,1300,cad,inspection_fee,inspection_fee,"{""item_type"": ""inspection_fee""}","{""item_type"": ""inspection_fee""}",{},,
already_complete,Existing item_type metadata is correct.,sub_1TJFLeE2kujhweZxn3YWF5by,cus_UHozEVl4CHzIn5,active,si_UHozPHF65RPTcE,prod_T3i7mDxTaNyb3T,Monthly fee for Geothermal Energy Service pursuant to the Residential Energy Service Agreement (DivFern Geothermal Limited Partnership HST#763596962RT0001)2526010,price_1Tdil2E2kujhweZxGCe25OmM,15656,cad,monthly_service_fee,monthly_service_fee,"{""item_type"": ""monthly_service_fee""}","{""item_type"": ""monthly_service_fee""}","{""increaseable"": ""true""}",,
already_complete,Existing item_type metadata is correct.,sub_1TJFLeE2kujhweZxn3YWF5by,cus_UHozEVl4CHzIn5,active,si_UHozzCvuc5TMuk,prod_S2qigSJLyqaK77,Monthly billing for annual inspect fee,price_1R8l1SE2kujhweZxySQB0Ift,1300,cad,inspection_fee,inspection_fee,"{""item_type"": ""inspection_fee""}","{""item_type"": ""inspection_fee""}",{},,
already_complete,Existing item_type metadata is correct.,sub_1THT3BE2kujhweZxmG1fUnwE,cus_UFyzDrjrZhlFd0,active,si_UFz12LdhyGOD6g,prod_T3i7mDxTaNyb3T,Monthly fee for Geothermal Energy Service pursuant to the Residential Energy Service Agreement (DivFern Geothermal Limited Partnership HST#763596962RT0001)2526010,price_1TdN6iE2kujhweZxNbDxvsLw,14626,cad,monthly_service_fee,monthly_service_fee,"{""item_type"": ""monthly_service_fee""}","{""item_type"": ""monthly_service_fee""}","{""increaseable"": ""true""}",,
already_complete,Existing item_type metadata is correct.,sub_1THT3BE2kujhweZxmG1fUnwE,cus_UFyzDrjrZhlFd0,active,si_UFz1IpZVAiP2gP,prod_S2qigSJLyqaK77,Monthly billing for annual inspect fee,price_1R8l1SE2kujhweZxySQB0Ift,1300,cad,inspection_fee,inspection_fee,"{""item_type"": ""inspection_fee""}","{""item_type"": ""inspection_fee""}",{},,
already_complete,Existing item_type metadata is correct.,sub_1THSv0E2kujhweZxBtf4LH9I,cus_UFyshW0jgXwq4n,active,si_UFysbwim8vJvWS,prod_T3i7mDxTaNyb3T,Monthly fee for Geothermal Energy Service pursuant to the Residential Energy Service Agreement (DivFern Geothermal Limited Partnership HST#763596962RT0001)2526010,price_1Tdil4E2kujhweZx7YmcsX59,16171,cad,monthly_service_fee,monthly_service_fee,"{""item_type"": ""monthly_service_fee""}","{""item_type"": ""monthly_service_fee""}","{""increaseable"": ""true""}",,
already_complete,Existing item_type metadata is correct.,sub_1THSv0E2kujhweZxBtf4LH9I,cus_UFyshW0jgXwq4n,active,si_UFysJmbhuAnDIu,prod_S2qigSJLyqaK77,Monthly billing for annual inspect fee,price_1R8l1SE2kujhweZxySQB0Ift,1300,cad,inspection_fee,inspection_fee,"{""item_type"": ""inspection_fee""}","{""item_type"": ""inspection_fee""}",{},,
already_complete,Existing item_type metadata is correct.,sub_1THSg9E2kujhweZxewKxJlJx,cus_UFybP5ASPM3jIj,active,si_UFydxi9iOq23mS,prod_T3hwZee1aVVzp4,Monthly fee for Geothermal Energy Service pursuant to the Residential Energy Service Agreement (DivFern Geothermal Limited Partnership HST#763596962RT0001)252605,price_1TdN6kE2kujhweZxsAKf1tVw,16171,cad,monthly_service_fee,monthly_service_fee,"{""item_type"": ""monthly_service_fee""}","{""item_type"": ""monthly_service_fee""}","{""increaseable"": ""true""}",,
already_complete,Existing item_type metadata is correct.,sub_1THSg9E2kujhweZxewKxJlJx,cus_UFybP5ASPM3jIj,active,si_UFydtUXj8dzLx5,prod_S2qigSJLyqaK77,Monthly billing for annual inspect fee,price_1R8l1SE2kujhweZxySQB0Ift,1300,cad,inspection_fee,inspection_fee,"{""item_type"": ""inspection_fee""}","{""item_type"": ""inspection_fee""}",{},,
already_complete,Existing item_type metadata is correct.,sub_1THSSSE2kujhweZxUBGhWxBh,cus_UFyO7V9rAB9RW8,active,si_UFyPczPwedTTuw,prod_T3i7mDxTaNyb3T,Monthly fee for Geothermal Energy Service pursuant to the Residential Energy Service Agreement (DivFern Geothermal Limited Partnership HST#763596962RT0001)2526010,price_1Tdil5E2kujhweZxFAgI5vXC,14626,cad,monthly_service_fee,monthly_service_fee,"{""item_type"": ""monthly_service_fee""}","{""item_type"": ""monthly_service_fee""}","{""increaseable"": ""true""}",,
already_complete,Existing item_type metadata is correct.,sub_1THSSSE2kujhweZxUBGhWxBh,cus_UFyO7V9rAB9RW8,active,si_UFyPq1cD9yep3H,prod_S2qigSJLyqaK77,Monthly billing for annual inspect fee,price_1R8l1SE2kujhweZxySQB0Ift,1300,cad,inspection_fee,inspection_fee,"{""item_type"": ""inspection_fee""}","{""item_type"": ""inspection_fee""}",{},,
already_complete,Existing item_type metadata is correct.,sub_1T7MpmE2kujhweZxf13at00q,cus_U5Xvh0l6CkPVYn,active,si_U5Xv43VKBMbFmp,prod_T3i7mDxTaNyb3T,Monthly fee for Geothermal Energy Service pursuant to the Residential Energy Service Agreement (DivFern Geothermal Limited Partnership HST#763596962RT0001)2526010,price_1TdN6mE2kujhweZxsIDX94Dj,9682,cad,monthly_service_fee,monthly_service_fee,"{""item_type"": ""monthly_service_fee""}","{""item_type"": ""monthly_service_fee""}","{""increaseable"": ""true""}",,
already_complete,Existing item_type metadata is correct.,sub_1T7MpmE2kujhweZxf13at00q,cus_U5Xvh0l6CkPVYn,active,si_U5XvpNXnEzKPvU,prod_S2qigSJLyqaK77,Monthly billing for annual inspect fee,price_1R8l1SE2kujhweZxySQB0Ift,1300,cad,inspection_fee,inspection_fee,"{""item_type"": ""inspection_fee""}","{""item_type"": ""inspection_fee""}",{},,
already_complete,Existing item_type metadata is correct.,sub_1T7MlSE2kujhweZxK2yoc9cq,cus_U5Xr6f64yvPedC,active,si_U5XrXfX99Rt6Fg,prod_T3i7mDxTaNyb3T,Monthly fee for Geothermal Energy Service pursuant to the Residential Energy Service Agreement (DivFern Geothermal Limited Partnership HST#763596962RT0001)2526010,price_1TdN6nE2kujhweZxjX2kPCpE,9682,cad,monthly_service_fee,monthly_service_fee,"{""item_type"": ""monthly_service_fee""}","{""item_type"": ""monthly_service_fee""}","{""increaseable"": ""true""}",,
already_complete,Existing item_type metadata is correct.,sub_1T7MlSE2kujhweZxK2yoc9cq,cus_U5Xr6f64yvPedC,active,si_U5XrAkLiDd2lqE,prod_S2qigSJLyqaK77,Monthly billing for annual inspect fee,price_1R8l1SE2kujhweZxySQB0Ift,1300,cad,inspection_fee,inspection_fee,"{""item_type"": ""inspection_fee""}","{""item_type"": ""inspection_fee""}",{},,
already_complete,Existing item_type metadata is correct.,sub_1T7Md8E2kujhweZxNi8DV9Bl,cus_U5XiAcxxUmTDNP,active,si_U5Xici8n2FA1XA,prod_T3i7mDxTaNyb3T,Monthly fee for Geothermal Energy Service pursuant to the Residential Energy Service Agreement (DivFern Geothermal Limited Partnership HST#763596962RT0001)2526010,price_1TdN6pE2kujhweZx5IjTn3dF,9682,cad,monthly_service_fee,monthly_service_fee,"{""item_type"": ""monthly_service_fee""}","{""item_type"": ""monthly_service_fee""}","{""increaseable"": ""true""}",,
already_complete,Existing item_type metadata is correct.,sub_1T7Md8E2kujhweZxNi8DV9Bl,cus_U5XiAcxxUmTDNP,active,si_U5XisFBnpDFkAq,prod_S2qigSJLyqaK77,Monthly billing for annual inspect fee,price_1R8l1SE2kujhweZxySQB0Ift,1300,cad,inspection_fee,inspection_fee,"{""item_type"": ""inspection_fee""}","{""item_type"": ""inspection_fee""}",{},,
already_complete,Existing item_type metadata is correct.,sub_1T7MNXE2kujhweZxuVGL1wZi,cus_U5XSeZo2Bt7HGF,active,si_U5XStiaX8EkJhc,prod_T3i7mDxTaNyb3T,Monthly fee for Geothermal Energy Service pursuant to the Residential Energy Service Agreement (DivFern Geothermal Limited Partnership HST#763596962RT0001)2526010,price_1TdN6rE2kujhweZxbbuHNSdk,9682,cad,monthly_service_fee,monthly_service_fee,"{""item_type"": ""monthly_service_fee""}","{""item_type"": ""monthly_service_fee""}","{""increaseable"": ""true""}",,
already_complete,Existing item_type metadata is correct.,sub_1T7MNXE2kujhweZxuVGL1wZi,cus_U5XSeZo2Bt7HGF,active,si_U5XS8dd4tG3I4W,prod_S2qigSJLyqaK77,Monthly billing for annual inspect fee,price_1R8l1SE2kujhweZxySQB0Ift,1300,cad,inspection_fee,inspection_fee,"{""item_type"": ""inspection_fee""}","{""item_type"": ""inspection_fee""}",{},,
already_complete,Existing item_type metadata is correct.,sub_1T7MGhE2kujhweZxhYTw8Tnk,cus_U5XL5rC9zfLeoq,active,si_U5XL3AeUSyN5Ev,prod_T3i7mDxTaNyb3T,Monthly fee for Geothermal Energy Service pursuant to the Residential Energy Service Agreement (DivFern Geothermal Limited Partnership HST#763596962RT0001)2526010,price_1TdN6sE2kujhweZxiCkryzCI,14626,cad,monthly_service_fee,monthly_service_fee,"{""item_type"": ""monthly_service_fee""}","{""item_type"": ""monthly_service_fee""}","{""increaseable"": ""true""}",,
already_complete,Existing item_type metadata is correct.,sub_1T7MGhE2kujhweZxhYTw8Tnk,cus_U5XL5rC9zfLeoq,active,si_U5XLMjLY8MuHHY,prod_S2qigSJLyqaK77,Monthly billing for annual inspect fee,price_1R8l1SE2kujhweZxySQB0Ift,1300,cad,inspection_fee,inspection_fee,"{""item_type"": ""inspection_fee""}","{""item_type"": ""inspection_fee""}",{},,
already_complete,Existing item_type metadata is correct.,sub_1T7M7IE2kujhweZxgGYLF34D,cus_U5XBcUhMoRFR9F,active,si_U5XBjBwWgRviTQ,prod_T3i7mDxTaNyb3T,Monthly fee for Geothermal Energy Service pursuant to the Residential Energy Service Agreement (DivFern Geothermal Limited Partnership HST#763596962RT0001)2526010,price_1TdN6uE2kujhweZx1WKhUZcW,9682,cad,monthly_service_fee,monthly_service_fee,"{""item_type"": ""monthly_service_fee""}","{""item_type"": ""monthly_service_fee""}","{""increaseable"": ""true""}",,
already_complete,Existing item_type metadata is correct.,sub_1T7M7IE2kujhweZxgGYLF34D,cus_U5XBcUhMoRFR9F,active,si_U5XBxvLuMTS2H1,prod_S2qigSJLyqaK77,Monthly billing for annual inspect fee,price_1R8l1SE2kujhweZxySQB0Ift,1300,cad,inspection_fee,inspection_fee,"{""item_type"": ""inspection_fee""}","{""item_type"": ""inspection_fee""}",{},,
already_complete,Existing item_type metadata is correct.,sub_1T7M2FE2kujhweZx7vmqAo34,cus_U5X6r3eutzFpad,active,si_U5X6QZReZOOHnB,prod_T3i7mDxTaNyb3T,Monthly fee for Geothermal Energy Service pursuant to the Residential Energy Service Agreement (DivFern Geothermal Limited Partnership HST#763596962RT0001)2526010,price_1TdN6wE2kujhweZxlY5JRLNr,9682,cad,monthly_service_fee,monthly_service_fee,"{""item_type"": ""monthly_service_fee""}","{""item_type"": ""monthly_service_fee""}","{""increaseable"": ""true""}",,
already_complete,Existing item_type metadata is correct.,sub_1T7M2FE2kujhweZx7vmqAo34,cus_U5X6r3eutzFpad,active,si_U5X6LeuHgbuln9,prod_S2qigSJLyqaK77,Monthly billing for annual inspect fee,price_1R8l1SE2kujhweZxySQB0Ift,1300,cad,inspection_fee,inspection_fee,"{""item_type"": ""inspection_fee""}","{""item_type"": ""inspection_fee""}",{},,
already_complete,Existing item_type metadata is correct.,sub_1T7Lv7E2kujhweZx9HxFLoPM,cus_U5WyLs5f0gV5x3,active,si_U5WzfcJLE6BKOc,prod_T3i7mDxTaNyb3T,Monthly fee for Geothermal Energy Service pursuant to the Residential Energy Service Agreement (DivFern Geothermal Limited Partnership HST#763596962RT0001)2526010,price_1Tdil7E2kujhweZxQallGlFt,15656,cad,monthly_service_fee,monthly_service_fee,"{""item_type"": ""monthly_service_fee""}","{""item_type"": ""monthly_service_fee""}","{""increaseable"": ""true""}",,
already_complete,Existing item_type metadata is correct.,sub_1T7Lv7E2kujhweZx9HxFLoPM,cus_U5WyLs5f0gV5x3,active,si_U5WzixStAFKYs8,prod_S2qigSJLyqaK77,Monthly billing for annual inspect fee,price_1R8l1SE2kujhweZxySQB0Ift,1300,cad,inspection_fee,inspection_fee,"{""item_type"": ""inspection_fee""}","{""item_type"": ""inspection_fee""}",{},,
already_complete,Existing item_type metadata is correct.,sub_1T7LpkE2kujhweZx7cMIWtoe,cus_U5WtwHgFoVdrMT,active,si_U5Wt2EBqulfjzz,prod_T3i7mDxTaNyb3T,Monthly fee for Geothermal Energy Service pursuant to the Residential Energy Service Agreement (DivFern Geothermal Limited Partnership HST#763596962RT0001)2526010,price_1TdN6xE2kujhweZxCcqGwujh,15656,cad,monthly_service_fee,monthly_service_fee,"{""item_type"": ""monthly_service_fee""}","{""item_type"": ""monthly_service_fee""}","{""increaseable"": ""true""}",,
already_complete,Existing item_type metadata is correct.,sub_1T7LpkE2kujhweZx7cMIWtoe,cus_U5WtwHgFoVdrMT,active,si_U5Wt421KzkZq7X,prod_S2qigSJLyqaK77,Monthly billing for annual inspect fee,price_1R8l1SE2kujhweZxySQB0Ift,1300,cad,inspection_fee,inspection_fee,"{""item_type"": ""inspection_fee""}","{""item_type"": ""inspection_fee""}",{},,
already_complete,Existing item_type metadata is correct.,sub_1T6afME2kujhweZxHIf3taWd,cus_U4k9bqslu8OwCN,active,si_U4k9vktQQSeoIH,prod_T3i7mDxTaNyb3T,Monthly fee for Geothermal Energy Service pursuant to the Residential Energy Service Agreement (DivFern Geothermal Limited Partnership HST#763596962RT0001)2526010,price_1TdN6zE2kujhweZxRcB2KH4u,16171,cad,monthly_service_fee,monthly_service_fee,"{""item_type"": ""monthly_service_fee""}","{""item_type"": ""monthly_service_fee""}","{""increaseable"": ""true""}",,
already_complete,Existing item_type metadata is correct.,sub_1T6afME2kujhweZxHIf3taWd,cus_U4k9bqslu8OwCN,active,si_U4k9ptvHeQf1LN,prod_S2qigSJLyqaK77,Monthly billing for annual inspect fee,price_1R8l1SE2kujhweZxySQB0Ift,1300,cad,inspection_fee,inspection_fee,"{""item_type"": ""inspection_fee""}","{""item_type"": ""inspection_fee""}",{},,
already_complete,Existing item_type metadata is correct.,sub_1T6aYoE2kujhweZxwDzespw5,cus_U4k2Gq3nqLjFoi,active,si_U4k2pS7eXO2VE5,prod_T3i7mDxTaNyb3T,Monthly fee for Geothermal Energy Service pursuant to the Residential Energy Service Agreement (DivFern Geothermal Limited Partnership HST#763596962RT0001)2526010,price_1TdN71E2kujhweZxxmjfM9Si,9682,cad,monthly_service_fee,monthly_service_fee,"{""item_type"": ""monthly_service_fee""}","{""item_type"": ""monthly_service_fee""}","{""increaseable"": ""true""}",,
already_complete,Existing item_type metadata is correct.,sub_1T6aYoE2kujhweZxwDzespw5,cus_U4k2Gq3nqLjFoi,active,si_U4k22sN0jpsaHr,prod_S2qigSJLyqaK77,Monthly billing for annual inspect fee,price_1R8l1SE2kujhweZxySQB0Ift,1300,cad,inspection_fee,inspection_fee,"{""item_type"": ""inspection_fee""}","{""item_type"": ""inspection_fee""}",{},,
already_complete,Existing item_type metadata is correct.,sub_1T6aH4E2kujhweZx34eS9wNk,cus_U4jkjAEDU7aPx6,active,si_U4jkAwsZPdjomr,prod_T3i7mDxTaNyb3T,Monthly fee for Geothermal Energy Service pursuant to the Residential Energy Service Agreement (DivFern Geothermal Limited Partnership HST#763596962RT0001)2526010,price_1TdN72E2kujhweZxVKwGR9Nh,14626,cad,monthly_service_fee,monthly_service_fee,"{""item_type"": ""monthly_service_fee""}","{""item_type"": ""monthly_service_fee""}","{""increaseable"": ""true""}",,
already_complete,Existing item_type metadata is correct.,sub_1T6aH4E2kujhweZx34eS9wNk,cus_U4jkjAEDU7aPx6,active,si_U4jkGhr3ELDy4V,prod_S2qigSJLyqaK77,Monthly billing for annual inspect fee,price_1R8l1SE2kujhweZxySQB0Ift,1300,cad,inspection_fee,inspection_fee,"{""item_type"": ""inspection_fee""}","{""item_type"": ""inspection_fee""}",{},,
already_complete,Existing item_type metadata is correct.,sub_1T5XvrE2kujhweZxUPALA1p4,cus_U3fGw5irS6rEMT,active,si_U3fG17ihzMKAdg,prod_T3i7mDxTaNyb3T,Monthly fee for Geothermal Energy Service pursuant to the Residential Energy Service Agreement (DivFern Geothermal Limited Partnership HST#763596962RT0001)2526010,price_1TdN74E2kujhweZxN0AbDB1E,9682,cad,monthly_service_fee,monthly_service_fee,"{""item_type"": ""monthly_service_fee""}","{""item_type"": ""monthly_service_fee""}","{""increaseable"": ""true""}",,
already_complete,Existing item_type metadata is correct.,sub_1T5XvrE2kujhweZxUPALA1p4,cus_U3fGw5irS6rEMT,active,si_U3fGaZ1Gu1UUr3,prod_S2qigSJLyqaK77,Monthly billing for annual inspect fee,price_1R8l1SE2kujhweZxySQB0Ift,1300,cad,inspection_fee,inspection_fee,"{""item_type"": ""inspection_fee""}","{""item_type"": ""inspection_fee""}",{},,
already_complete,Existing item_type metadata is correct.,sub_1T5WsOE2kujhweZxftJWp1is,cus_U3eALIfadsDEwc,active,si_U3eA1otjsPbvjT,prod_T3i7mDxTaNyb3T,Monthly fee for Geothermal Energy Service pursuant to the Residential Energy Service Agreement (DivFern Geothermal Limited Partnership HST#763596962RT0001)2526010,price_1TdN75E2kujhweZxy5CLlGYY,14626,cad,monthly_service_fee,monthly_service_fee,"{""item_type"": ""monthly_service_fee""}","{""item_type"": ""monthly_service_fee""}","{""increaseable"": ""true""}",,
already_complete,Existing item_type metadata is correct.,sub_1T5WsOE2kujhweZxftJWp1is,cus_U3eALIfadsDEwc,active,si_U3eAfAtADUZH9s,prod_S2qigSJLyqaK77,Monthly billing for annual inspect fee,price_1R8l1SE2kujhweZxySQB0Ift,1300,cad,inspection_fee,inspection_fee,"{""item_type"": ""inspection_fee""}","{""item_type"": ""inspection_fee""}",{},,
already_complete,Existing item_type metadata is correct.,sub_1T5WiDE2kujhweZxF37mGTiL,cus_U3dz6fux58NBVv,active,si_U3e0fz5ueTaSqJ,prod_T3i7mDxTaNyb3T,Monthly fee for Geothermal Energy Service pursuant to the Residential Energy Service Agreement (DivFern Geothermal Limited Partnership HST#763596962RT0001)2526010,price_1TdN77E2kujhweZxwnOLKepo,15656,cad,monthly_service_fee,monthly_service_fee,"{""item_type"": ""monthly_service_fee""}","{""item_type"": ""monthly_service_fee""}","{""increaseable"": ""true""}",,
already_complete,Existing item_type metadata is correct.,sub_1T5WiDE2kujhweZxF37mGTiL,cus_U3dz6fux58NBVv,active,si_U3e0PPisvJIKbI,prod_S2qigSJLyqaK77,Monthly billing for annual inspect fee,price_1R8l1SE2kujhweZxySQB0Ift,1300,cad,inspection_fee,inspection_fee,"{""item_type"": ""inspection_fee""}","{""item_type"": ""inspection_fee""}",{},,
already_complete,Existing item_type metadata is correct.,sub_1T5VobE2kujhweZxMIukrY2R,cus_U3d4eSQdBztBum,active,si_U3d40DuyC5nlBe,prod_T3i7mDxTaNyb3T,Monthly fee for Geothermal Energy Service pursuant to the Residential Energy Service Agreement (DivFern Geothermal Limited Partnership HST#763596962RT0001)2526010,price_1TdN79E2kujhweZxpPk16OIT,15656,cad,monthly_service_fee,monthly_service_fee,"{""item_type"": ""monthly_service_fee""}","{""item_type"": ""monthly_service_fee""}","{""increaseable"": ""true""}",,
already_complete,Existing item_type metadata is correct.,sub_1T5VobE2kujhweZxMIukrY2R,cus_U3d4eSQdBztBum,active,si_U3d4YeMtIeTKBo,prod_S2qigSJLyqaK77,Monthly billing for annual inspect fee,price_1R8l1SE2kujhweZxySQB0Ift,1300,cad,inspection_fee,inspection_fee,"{""item_type"": ""inspection_fee""}","{""item_type"": ""inspection_fee""}",{},,
already_complete,Existing item_type metadata is correct.,sub_1SyzuoE2kujhweZxG043LCs3,cus_Twti18y39aowVc,active,si_TwtizJc1oZC3Ej,prod_T3i7mDxTaNyb3T,Monthly fee for Geothermal Energy Service pursuant to the Residential Energy Service Agreement (DivFern Geothermal Limited Partnership HST#763596962RT0001)2526010,price_1TdN7BE2kujhweZxPVEj8BnQ,14626,cad,monthly_service_fee,monthly_service_fee,"{""item_type"": ""monthly_service_fee""}","{""item_type"": ""monthly_service_fee""}","{""increaseable"": ""true""}",,
already_complete,Existing item_type metadata is correct.,sub_1SyzuoE2kujhweZxG043LCs3,cus_Twti18y39aowVc,active,si_Twtikw3XoTehmM,prod_S2qigSJLyqaK77,Monthly billing for annual inspect fee,price_1R8l1SE2kujhweZxySQB0Ift,1300,cad,inspection_fee,inspection_fee,"{""item_type"": ""inspection_fee""}","{""item_type"": ""inspection_fee""}",{},,
already_complete,Existing item_type metadata is correct.,sub_1SyzqkE2kujhweZxBd3LjGdn,cus_Twtd81CgCgF14X,active,si_TwteUFpKmlnbfV,prod_T3i7mDxTaNyb3T,Monthly fee for Geothermal Energy Service pursuant to the Residential Energy Service Agreement (DivFern Geothermal Limited Partnership HST#763596962RT0001)2526010,price_1TdN7CE2kujhweZxJ1TV0D1L,9682,cad,monthly_service_fee,monthly_service_fee,"{""item_type"": ""monthly_service_fee""}","{""item_type"": ""monthly_service_fee""}","{""increaseable"": ""true""}",,
already_complete,Existing item_type metadata is correct.,sub_1SyzqkE2kujhweZxBd3LjGdn,cus_Twtd81CgCgF14X,active,si_TwteFA5LYp21aT,prod_S2qigSJLyqaK77,Monthly billing for annual inspect fee,price_1R8l1SE2kujhweZxySQB0Ift,1300,cad,inspection_fee,inspection_fee,"{""item_type"": ""inspection_fee""}","{""item_type"": ""inspection_fee""}",{},,
already_complete,Existing item_type metadata is correct.,sub_1SyyG3E2kujhweZxwMyyJinB,cus_Twrweb8U5jb5KL,active,si_Tws0zSleUAhtZk,prod_T3i7mDxTaNyb3T,Monthly fee for Geothermal Energy Service pursuant to the Residential Energy Service Agreement (DivFern Geothermal Limited Partnership HST#763596962RT0001)2526010,price_1TdN7EE2kujhweZxwdNfhmBS,9682,cad,monthly_service_fee,monthly_service_fee,"{""item_type"": ""monthly_service_fee""}","{""item_type"": ""monthly_service_fee""}","{""increaseable"": ""true""}",,
already_complete,Existing item_type metadata is correct.,sub_1SyyG3E2kujhweZxwMyyJinB,cus_Twrweb8U5jb5KL,active,si_Tws0WMktoGF231,prod_S2qigSJLyqaK77,Monthly billing for annual inspect fee,price_1R8l1SE2kujhweZxySQB0Ift,1300,cad,inspection_fee,inspection_fee,"{""item_type"": ""inspection_fee""}","{""item_type"": ""inspection_fee""}",{},,
already_complete,Existing item_type metadata is correct.,sub_1SyxmuE2kujhweZx3BNJFVO2,cus_TwrVcFkCAQzRY1,active,si_TwrVQH5lJQxI67,prod_T3i7mDxTaNyb3T,Monthly fee for Geothermal Energy Service pursuant to the Residential Energy Service Agreement (DivFern Geothermal Limited Partnership HST#763596962RT0001)2526010,price_1TdN7GE2kujhweZx59hjzJtZ,9682,cad,monthly_service_fee,monthly_service_fee,"{""item_type"": ""monthly_service_fee""}","{""item_type"": ""monthly_service_fee""}","{""increaseable"": ""true""}",,
already_complete,Existing item_type metadata is correct.,sub_1SyxmuE2kujhweZx3BNJFVO2,cus_TwrVcFkCAQzRY1,active,si_TwrVuJDNUvwe4z,prod_S2qigSJLyqaK77,Monthly billing for annual inspect fee,price_1R8l1SE2kujhweZxySQB0Ift,1300,cad,inspection_fee,inspection_fee,"{""item_type"": ""inspection_fee""}","{""item_type"": ""inspection_fee""}",{},,
already_complete,Existing item_type metadata is correct.,sub_1SyxZIE2kujhweZxKgkxdNcJ,cus_TwrHtvk6VT9mxr,active,si_TwrH3gfHBPygmL,prod_T3i7mDxTaNyb3T,Monthly fee for Geothermal Energy Service pursuant to the Residential Energy Service Agreement (DivFern Geothermal Limited Partnership HST#763596962RT0001)2526010,price_1TdN7JE2kujhweZxPG9sb8xh,14626,cad,monthly_service_fee,monthly_service_fee,"{""item_type"": ""monthly_service_fee""}","{""item_type"": ""monthly_service_fee""}","{""increaseable"": ""true""}",,
already_complete,Existing item_type metadata is correct.,sub_1SyxZIE2kujhweZxKgkxdNcJ,cus_TwrHtvk6VT9mxr,active,si_TwrHltPsLL5aib,prod_S2qigSJLyqaK77,Monthly billing for annual inspect fee,price_1R8l1SE2kujhweZxySQB0Ift,1300,cad,inspection_fee,inspection_fee,"{""item_type"": ""inspection_fee""}","{""item_type"": ""inspection_fee""}",{},,
already_complete,Existing item_type metadata is correct.,sub_1SyxM0E2kujhweZxlJMs13gR,cus_Twr4dZHq4E8eDn,active,si_Twr4Zvf9or7uM4,prod_T3i7mDxTaNyb3T,Monthly fee for Geothermal Energy Service pursuant to the Residential Energy Service Agreement (DivFern Geothermal Limited Partnership HST#763596962RT0001)2526010,price_1TdN7KE2kujhweZx4uXagUQh,14626,cad,monthly_service_fee,monthly_service_fee,"{""item_type"": ""monthly_service_fee""}","{""item_type"": ""monthly_service_fee""}","{""increaseable"": ""true""}",,
already_complete,Existing item_type metadata is correct.,sub_1SyxM0E2kujhweZxlJMs13gR,cus_Twr4dZHq4E8eDn,active,si_Twr4VRsEro0Iec,prod_S2qigSJLyqaK77,Monthly billing for annual inspect fee,price_1R8l1SE2kujhweZxySQB0Ift,1300,cad,inspection_fee,inspection_fee,"{""item_type"": ""inspection_fee""}","{""item_type"": ""inspection_fee""}",{},,
already_complete,Existing item_type metadata is correct.,sub_1SyxHeE2kujhweZxGcDxmbUL,cus_TwqzpfY9TP06Tn,active,si_TwqzBN2zBsqwZo,prod_T3i7mDxTaNyb3T,Monthly fee for Geothermal Energy Service pursuant to the Residential Energy Service Agreement (DivFern Geothermal Limited Partnership HST#763596962RT0001)2526010,price_1Tdil9E2kujhweZx0Oaxyq85,9682,cad,monthly_service_fee,monthly_service_fee,"{""item_type"": ""monthly_service_fee""}","{""item_type"": ""monthly_service_fee""}","{""increaseable"": ""true""}",,
already_complete,Existing item_type metadata is correct.,sub_1SyxHeE2kujhweZxGcDxmbUL,cus_TwqzpfY9TP06Tn,active,si_Twqz8JqNnEjfiP,prod_S2qigSJLyqaK77,Monthly billing for annual inspect fee,price_1R8l1SE2kujhweZxySQB0Ift,1300,cad,inspection_fee,inspection_fee,"{""item_type"": ""inspection_fee""}","{""item_type"": ""inspection_fee""}",{},,
already_complete,Existing item_type metadata is correct.,sub_1SywvWE2kujhweZxTW4viwgO,cus_TwqcjDB8NFH7bG,active,si_TwqcOflCFIOnG5,prod_T3i7mDxTaNyb3T,Monthly fee for Geothermal Energy Service pursuant to the Residential Energy Service Agreement (DivFern Geothermal Limited Partnership HST#763596962RT0001)2526010,price_1TdN7ME2kujhweZxBxXmyI1y,9682,cad,monthly_service_fee,monthly_service_fee,"{""item_type"": ""monthly_service_fee""}","{""item_type"": ""monthly_service_fee""}","{""increaseable"": ""true""}",,
already_complete,Existing item_type metadata is correct.,sub_1SywvWE2kujhweZxTW4viwgO,cus_TwqcjDB8NFH7bG,active,si_TwqcWnYSAXbEWt,prod_S2qigSJLyqaK77,Monthly billing for annual inspect fee,price_1R8l1SE2kujhweZxySQB0Ift,1300,cad,inspection_fee,inspection_fee,"{""item_type"": ""inspection_fee""}","{""item_type"": ""inspection_fee""}",{},,
already_complete,Existing item_type metadata is correct.,sub_1Sywo6E2kujhweZxUzNKdLdV,cus_TwqVXDVtlqwqPZ,active,si_TwqV0Lr8sEV2zk,prod_T3i7mDxTaNyb3T,Monthly fee for Geothermal Energy Service pursuant to the Residential Energy Service Agreement (DivFern Geothermal Limited Partnership HST#763596962RT0001)2526010,price_1TdN7OE2kujhweZxDSsBZirc,9682,cad,monthly_service_fee,monthly_service_fee,"{""item_type"": ""monthly_service_fee""}","{""item_type"": ""monthly_service_fee""}","{""increaseable"": ""true""}",,
already_complete,Existing item_type metadata is correct.,sub_1Sywo6E2kujhweZxUzNKdLdV,cus_TwqVXDVtlqwqPZ,active,si_TwqV0tRlDVxznK,prod_S2qigSJLyqaK77,Monthly billing for annual inspect fee,price_1R8l1SE2kujhweZxySQB0Ift,1300,cad,inspection_fee,inspection_fee,"{""item_type"": ""inspection_fee""}","{""item_type"": ""inspection_fee""}",{},,
already_complete,Existing item_type metadata is correct.,sub_1SywhWE2kujhweZxQqvTQ3Vc,cus_TwqOMQmH37KYmP,active,si_TwqOdRWoXqPawR,prod_T3i2UsrBI3HC7J,Monthly fee for Geothermal Energy Service pursuant to the Residential Energy Service Agreement (DivFern Geothermal Limited Partnership HST#763596962RT0001)252607,price_1TdN7QE2kujhweZxoE3hmklM,14626,cad,monthly_service_fee,monthly_service_fee,"{""item_type"": ""monthly_service_fee""}","{""item_type"": ""monthly_service_fee""}","{""increaseable"": ""true""}",,
already_complete,Existing item_type metadata is correct.,sub_1SywhWE2kujhweZxQqvTQ3Vc,cus_TwqOMQmH37KYmP,active,si_TwqOWM2wjcOup8,prod_S2qigSJLyqaK77,Monthly billing for annual inspect fee,price_1R8l1SE2kujhweZxySQB0Ift,1300,cad,inspection_fee,inspection_fee,"{""item_type"": ""inspection_fee""}","{""item_type"": ""inspection_fee""}",{},,
already_complete,Existing item_type metadata is correct.,sub_1SywTKE2kujhweZx0MSIqGcB,cus_Twq9JpfSDQUuXc,active,si_Twq9q4M2jJ3KQa,prod_T3i7mDxTaNyb3T,Monthly fee for Geothermal Energy Service pursuant to the Residential Energy Service Agreement (DivFern Geothermal Limited Partnership HST#763596962RT0001)2526010,price_1TdevNE2kujhweZxIGArW7uy,9682,cad,monthly_service_fee,monthly_service_fee,"{""item_type"": ""monthly_service_fee""}","{""item_type"": ""monthly_service_fee""}","{""increaseable"": ""true""}",,
already_complete,Existing item_type metadata is correct.,sub_1SywTKE2kujhweZx0MSIqGcB,cus_Twq9JpfSDQUuXc,active,si_Twq9yn8R2eAdhz,prod_S2qigSJLyqaK77,Monthly billing for annual inspect fee,price_1R8l1SE2kujhweZxySQB0Ift,1300,cad,inspection_fee,inspection_fee,"{""item_type"": ""inspection_fee""}","{""item_type"": ""inspection_fee""}",{},,
already_complete,Existing item_type metadata is correct.,sub_1SxubxE2kujhweZxOOIhX7hE,cus_TvmAemcZu5H42G,active,si_TvmA3DYwDF2Eva,prod_T3i7mDxTaNyb3T,Monthly fee for Geothermal Energy Service pursuant to the Residential Energy Service Agreement (DivFern Geothermal Limited Partnership HST#763596962RT0001)2526010,price_1TdN7SE2kujhweZxJAgUmK5K,9682,cad,monthly_service_fee,monthly_service_fee,"{""item_type"": ""monthly_service_fee""}","{""item_type"": ""monthly_service_fee""}","{""increaseable"": ""true""}",,
already_complete,Existing item_type metadata is correct.,sub_1SxubxE2kujhweZxOOIhX7hE,cus_TvmAemcZu5H42G,active,si_TvmABZHd3PNS6K,prod_S2qigSJLyqaK77,Monthly billing for annual inspect fee,price_1R8l1SE2kujhweZxySQB0Ift,1300,cad,inspection_fee,inspection_fee,"{""item_type"": ""inspection_fee""}","{""item_type"": ""inspection_fee""}",{},,
already_complete,Existing item_type metadata is correct.,sub_1SxuJlE2kujhweZx2VbtYj3b,cus_TvlrTi4yyyqAy1,active,si_Tvlr2wofG65XQZ,prod_T3i7mDxTaNyb3T,Monthly fee for Geothermal Energy Service pursuant to the Residential Energy Service Agreement (DivFern Geothermal Limited Partnership HST#763596962RT0001)2526010,price_1TdN7TE2kujhweZxoChhqTdL,9682,cad,monthly_service_fee,monthly_service_fee,"{""item_type"": ""monthly_service_fee""}","{""item_type"": ""monthly_service_fee""}","{""increaseable"": ""true""}",,
already_complete,Existing item_type metadata is correct.,sub_1SxuJlE2kujhweZx2VbtYj3b,cus_TvlrTi4yyyqAy1,active,si_TvlrV2tmJlhd5T,prod_S2qigSJLyqaK77,Monthly billing for annual inspect fee,price_1R8l1SE2kujhweZxySQB0Ift,1300,cad,inspection_fee,inspection_fee,"{""item_type"": ""inspection_fee""}","{""item_type"": ""inspection_fee""}",{},,
already_complete,Existing item_type metadata is correct.,sub_1SxtvME2kujhweZxVfE432dy,cus_TvlSQpGCuhXX3g,active,si_TvlSh2JIXXfWqZ,prod_T3i2UsrBI3HC7J,Monthly fee for Geothermal Energy Service pursuant to the Residential Energy Service Agreement (DivFern Geothermal Limited Partnership HST#763596962RT0001)252607,price_1TdN7VE2kujhweZxVwvhXUme,15656,cad,monthly_service_fee,monthly_service_fee,"{""item_type"": ""monthly_service_fee""}","{""item_type"": ""monthly_service_fee""}","{""increaseable"": ""true""}",,
already_complete,Existing item_type metadata is correct.,sub_1SxtvME2kujhweZxVfE432dy,cus_TvlSQpGCuhXX3g,active,si_TvlSO6IKtV4u35,prod_S2qigSJLyqaK77,Monthly billing for annual inspect fee,price_1R8l1SE2kujhweZxySQB0Ift,1300,cad,inspection_fee,inspection_fee,"{""item_type"": ""inspection_fee""}","{""item_type"": ""inspection_fee""}",{},,
already_complete,Existing item_type metadata is correct.,sub_1Swl6JE2kujhweZx2nkjDkws,cus_TuaGWU67FnhNLF,active,si_TuaGS4EROmy6sv,prod_T3i3NHpWUctpfs,Monthly fee for Geothermal Energy Service pursuant to the Residential Energy Service Agreement (DivFern Geothermal Limited Partnership HST#763596962RT0001)252608,price_1TdN7XE2kujhweZxy3OluhI5,9682,cad,monthly_service_fee,monthly_service_fee,"{""item_type"": ""monthly_service_fee""}","{""item_type"": ""monthly_service_fee""}","{""increaseable"": ""true""}",,
already_complete,Existing item_type metadata is correct.,sub_1Swl6JE2kujhweZx2nkjDkws,cus_TuaGWU67FnhNLF,active,si_TuaGXGCu6n3SYU,prod_S2qigSJLyqaK77,Monthly billing for annual inspect fee,price_1R8l1SE2kujhweZxySQB0Ift,1300,cad,inspection_fee,inspection_fee,"{""item_type"": ""inspection_fee""}","{""item_type"": ""inspection_fee""}",{},,
already_complete,Existing item_type metadata is correct.,sub_1SwTYsE2kujhweZxBm0nviF4,cus_TuI8H704b9IO8i,active,si_TuI9BRgPuTX6px,prod_T3hwZee1aVVzp4,Monthly fee for Geothermal Energy Service pursuant to the Residential Energy Service Agreement (DivFern Geothermal Limited Partnership HST#763596962RT0001)252605,price_1TdN7YE2kujhweZxzg7R6Udg,16171,cad,monthly_service_fee,monthly_service_fee,"{""item_type"": ""monthly_service_fee""}","{""item_type"": ""monthly_service_fee""}","{""increaseable"": ""true""}",,
already_complete,Existing item_type metadata is correct.,sub_1SwTYsE2kujhweZxBm0nviF4,cus_TuI8H704b9IO8i,active,si_TuI9ZAzRqZamt6,prod_S2qigSJLyqaK77,Monthly billing for annual inspect fee,price_1R8l1SE2kujhweZxySQB0Ift,1300,cad,inspection_fee,inspection_fee,"{""item_type"": ""inspection_fee""}","{""item_type"": ""inspection_fee""}",{},,
already_complete,Existing item_type metadata is correct.,sub_1SwShYE2kujhweZx9G1w62fS,cus_TuHFXfBTj2hk6r,active,si_TuHGuNhCIgr0ZB,prod_T3huGYZEo3XWyg,Monthly fee for Geothermal Energy Service pursuant to the Residential Energy Service Agreement (DivFern Geothermal Limited Partnership HST#763596962RT0001)252604,price_1TdN7aE2kujhweZxxDoM47KG,14626,cad,monthly_service_fee,monthly_service_fee,"{""item_type"": ""monthly_service_fee""}","{""item_type"": ""monthly_service_fee""}","{""increaseable"": ""true""}",,
already_complete,Existing item_type metadata is correct.,sub_1SwShYE2kujhweZx9G1w62fS,cus_TuHFXfBTj2hk6r,active,si_TuHGdIS9P3tKOS,prod_S2qigSJLyqaK77,Monthly billing for annual inspect fee,price_1R8l1SE2kujhweZxySQB0Ift,1300,cad,inspection_fee,inspection_fee,"{""item_type"": ""inspection_fee""}","{""item_type"": ""inspection_fee""}",{},,
already_complete,Existing item_type metadata is correct.,sub_1SwSRVE2kujhweZxn1HK1ah9,cus_TuGzWs5sI2eAKT,active,si_TuGz6EwOvsTURM,prod_T3i2UsrBI3HC7J,Monthly fee for Geothermal Energy Service pursuant to the Residential Energy Service Agreement (DivFern Geothermal Limited Partnership HST#763596962RT0001)252607,price_1TdN7cE2kujhweZx8hHK1t4Z,15656,cad,monthly_service_fee,monthly_service_fee,"{""item_type"": ""monthly_service_fee""}","{""item_type"": ""monthly_service_fee""}","{""increaseable"": ""true""}",,
already_complete,Existing item_type metadata is correct.,sub_1SwSRVE2kujhweZxn1HK1ah9,cus_TuGzWs5sI2eAKT,active,si_TuGzLYoZYu7NYe,prod_S2qigSJLyqaK77,Monthly billing for annual inspect fee,price_1R8l1SE2kujhweZxySQB0Ift,1300,cad,inspection_fee,inspection_fee,"{""item_type"": ""inspection_fee""}","{""item_type"": ""inspection_fee""}",{},,
already_complete,Existing item_type metadata is correct.,sub_1SwSEvE2kujhweZxdENpmBN5,cus_TuGmeHGqc441FO,active,si_TuGmtyBOUjJAgF,prod_T3i2UsrBI3HC7J,Monthly fee for Geothermal Energy Service pursuant to the Residential Energy Service Agreement (DivFern Geothermal Limited Partnership HST#763596962RT0001)252607,price_1TdN7eE2kujhweZxjZqCxfnt,15656,cad,monthly_service_fee,monthly_service_fee,"{""item_type"": ""monthly_service_fee""}","{""item_type"": ""monthly_service_fee""}","{""increaseable"": ""true""}",,
already_complete,Existing item_type metadata is correct.,sub_1SwSEvE2kujhweZxdENpmBN5,cus_TuGmeHGqc441FO,active,si_TuGmOxJb1eaest,prod_S2qigSJLyqaK77,Monthly billing for annual inspect fee,price_1R8l1SE2kujhweZxySQB0Ift,1300,cad,inspection_fee,inspection_fee,"{""item_type"": ""inspection_fee""}","{""item_type"": ""inspection_fee""}",{},,
already_complete,Existing item_type metadata is correct.,sub_1SwRxcE2kujhweZxCMQasOE7,cus_TuGSMus9JCmxMq,active,si_TuGULxIxefYFCx,prod_T3i2UsrBI3HC7J,Monthly fee for Geothermal Energy Service pursuant to the Residential Energy Service Agreement (DivFern Geothermal Limited Partnership HST#763596962RT0001)252607,price_1TdN7fE2kujhweZxM5mzh1o6,15656,cad,monthly_service_fee,monthly_service_fee,"{""item_type"": ""monthly_service_fee""}","{""item_type"": ""monthly_service_fee""}","{""increaseable"": ""true""}",,
already_complete,Existing item_type metadata is correct.,sub_1SwRxcE2kujhweZxCMQasOE7,cus_TuGSMus9JCmxMq,active,si_TuGUBABdCoXSQn,prod_S2qigSJLyqaK77,Monthly billing for annual inspect fee,price_1R8l1SE2kujhweZxySQB0Ift,1300,cad,inspection_fee,inspection_fee,"{""item_type"": ""inspection_fee""}","{""item_type"": ""inspection_fee""}",{},,
already_complete,Existing item_type metadata is correct.,sub_1SpEOoE2kujhweZxLEBVV9YU,cus_TmnynrhqLRqOMN,active,si_Tmo0e9FnzkMkMS,prod_T3i7mDxTaNyb3T,Monthly fee for Geothermal Energy Service pursuant to the Residential Energy Service Agreement (DivFern Geothermal Limited Partnership HST#763596962RT0001)2526010,price_1TdN7hE2kujhweZxUFl5MMr8,9373,cad,monthly_service_fee,monthly_service_fee,"{""item_type"": ""monthly_service_fee""}","{""item_type"": ""monthly_service_fee""}","{""increaseable"": ""true""}",,
already_complete,Existing item_type metadata is correct.,sub_1SpEOoE2kujhweZxLEBVV9YU,cus_TmnynrhqLRqOMN,active,si_Tmo0yBcvByCdUv,prod_S2qigSJLyqaK77,Monthly billing for annual inspect fee,price_1R8l1SE2kujhweZxySQB0Ift,1300,cad,inspection_fee,inspection_fee,"{""item_type"": ""inspection_fee""}","{""item_type"": ""inspection_fee""}",{},,
already_complete,Existing item_type metadata is correct.,sub_1Sor3WE2kujhweZxldsAhyrP,cus_TmPt2iVHu6nPCA,active,si_TmPtzdSfP5x4T3,prod_T3i7mDxTaNyb3T,Monthly fee for Geothermal Energy Service pursuant to the Residential Energy Service Agreement (DivFern Geothermal Limited Partnership HST#763596962RT0001)2526010,price_1TdN7jE2kujhweZxu68cQSyH,9682,cad,monthly_service_fee,monthly_service_fee,"{""item_type"": ""monthly_service_fee""}","{""item_type"": ""monthly_service_fee""}","{""increaseable"": ""true""}",,
already_complete,Existing item_type metadata is correct.,sub_1Sor3WE2kujhweZxldsAhyrP,cus_TmPt2iVHu6nPCA,active,si_TmPtSdkmJj2bl9,prod_S2qigSJLyqaK77,Monthly billing for annual inspect fee,price_1R8l1SE2kujhweZxySQB0Ift,1300,cad,inspection_fee,inspection_fee,"{""item_type"": ""inspection_fee""}","{""item_type"": ""inspection_fee""}",{},,
already_complete,Existing item_type metadata is correct.,sub_1SoqtqE2kujhweZxECHrtg4K,cus_TmPjEcqWY0tSJD,active,si_TmPjf21kw7I6gN,prod_S2qigSJLyqaK77,Monthly billing for annual inspect fee,price_1R8l1SE2kujhweZxySQB0Ift,1300,cad,inspection_fee,inspection_fee,"{""item_type"": ""inspection_fee""}","{""item_type"": ""inspection_fee""}",{},,
already_complete,Existing item_type metadata is correct.,sub_1SoqtqE2kujhweZxECHrtg4K,cus_TmPjEcqWY0tSJD,active,si_UVMrSn428WxqkS,prod_T3i7mDxTaNyb3T,Monthly fee for Geothermal Energy Service pursuant to the Residential Energy Service Agreement (DivFern Geothermal Limited Partnership HST#763596962RT0001)2526010,price_1TdN7lE2kujhweZxr2Mwks8u,9682,cad,monthly_service_fee,monthly_service_fee,"{""item_type"": ""monthly_service_fee""}","{""item_type"": ""monthly_service_fee""}","{""increaseable"": ""true""}",,
already_complete,Existing item_type metadata is correct.,sub_1SoqjHE2kujhweZx1vZdge74,cus_TmPYAO2n1q2ol5,active,si_TmPYF9Kh19RlJk,prod_SIdqxXZFKYTKQ7,Monthly fee for Geothermal Energy Service pursuant to the Residential Energy Service Agreement (DivFern Geothermal Limited Partnership HST#763596962RT0001),price_1TdN7nE2kujhweZxcprAoaQf,9682,cad,monthly_service_fee,monthly_service_fee,"{""item_type"": ""monthly_service_fee""}","{""item_type"": ""monthly_service_fee""}","{""increaseable"": ""true""}",,
already_complete,Existing item_type metadata is correct.,sub_1SoqjHE2kujhweZx1vZdge74,cus_TmPYAO2n1q2ol5,active,si_TmPYXN4V5jtluj,prod_S2qigSJLyqaK77,Monthly billing for annual inspect fee,price_1R8l1SE2kujhweZxySQB0Ift,1300,cad,inspection_fee,inspection_fee,"{""item_type"": ""inspection_fee""}","{""item_type"": ""inspection_fee""}",{},,
already_complete,Existing item_type metadata is correct.,sub_1SoqZnE2kujhweZx0qtDLzTv,cus_TmPOlGSaycn08p,active,si_TmPOIWzwgbpEHI,prod_SIdqxXZFKYTKQ7,Monthly fee for Geothermal Energy Service pursuant to the Residential Energy Service Agreement (DivFern Geothermal Limited Partnership HST#763596962RT0001),price_1TdN7pE2kujhweZxxaYFmCXF,9682,cad,monthly_service_fee,monthly_service_fee,"{""item_type"": ""monthly_service_fee""}","{""item_type"": ""monthly_service_fee""}","{""increaseable"": ""true""}",,
already_complete,Existing item_type metadata is correct.,sub_1SoqZnE2kujhweZx0qtDLzTv,cus_TmPOlGSaycn08p,active,si_TmPOOFI8lQty2C,prod_S2qigSJLyqaK77,Monthly billing for annual inspect fee,price_1R8l1SE2kujhweZxySQB0Ift,1300,cad,inspection_fee,inspection_fee,"{""item_type"": ""inspection_fee""}","{""item_type"": ""inspection_fee""}",{},,
already_complete,Existing item_type metadata is correct.,sub_1SoqQTE2kujhweZxi80wZAJX,cus_TmPEaAN68nn9R7,active,si_TmPENC5IOv5gJ7,prod_SIdqxXZFKYTKQ7,Monthly fee for Geothermal Energy Service pursuant to the Residential Energy Service Agreement (DivFern Geothermal Limited Partnership HST#763596962RT0001),price_1TdN7qE2kujhweZxmM7t1hLA,9682,cad,monthly_service_fee,monthly_service_fee,"{""item_type"": ""monthly_service_fee""}","{""item_type"": ""monthly_service_fee""}","{""increaseable"": ""true""}",,
already_complete,Existing item_type metadata is correct.,sub_1SoqQTE2kujhweZxi80wZAJX,cus_TmPEaAN68nn9R7,active,si_TmPER8gTvzLESy,prod_S2qigSJLyqaK77,Monthly billing for annual inspect fee,price_1R8l1SE2kujhweZxySQB0Ift,1300,cad,inspection_fee,inspection_fee,"{""item_type"": ""inspection_fee""}","{""item_type"": ""inspection_fee""}",{},,
already_complete,Existing item_type metadata is correct.,sub_1SooTNE2kujhweZxhvsorm08,cus_TmNDIxw1cgtczI,active,si_TmNDwQSJi2D0Uz,prod_T3i2UsrBI3HC7J,Monthly fee for Geothermal Energy Service pursuant to the Residential Energy Service Agreement (DivFern Geothermal Limited Partnership HST#763596962RT0001)252607,price_1TdN7sE2kujhweZxlae7MQhB,15656,cad,monthly_service_fee,monthly_service_fee,"{""item_type"": ""monthly_service_fee""}","{""item_type"": ""monthly_service_fee""}","{""increaseable"": ""true""}",,
already_complete,Existing item_type metadata is correct.,sub_1SooTNE2kujhweZxhvsorm08,cus_TmNDIxw1cgtczI,active,si_TmNDwYUfcizaYl,prod_S2qigSJLyqaK77,Monthly billing for annual inspect fee,price_1R8l1SE2kujhweZxySQB0Ift,1300,cad,inspection_fee,inspection_fee,"{""item_type"": ""inspection_fee""}","{""item_type"": ""inspection_fee""}",{},,
already_complete,Existing item_type metadata is correct.,sub_1SontQE2kujhweZxnyRvsGB1,cus_TmMc4dkZpMwCxo,active,si_TmMc7EmeGgziXT,prod_T3i2UsrBI3HC7J,Monthly fee for Geothermal Energy Service pursuant to the Residential Energy Service Agreement (DivFern Geothermal Limited Partnership HST#763596962RT0001)252607,price_1TdN7uE2kujhweZxcllyTWyV,15656,cad,monthly_service_fee,monthly_service_fee,"{""item_type"": ""monthly_service_fee""}","{""item_type"": ""monthly_service_fee""}","{""increaseable"": ""true""}",,
already_complete,Existing item_type metadata is correct.,sub_1SontQE2kujhweZxnyRvsGB1,cus_TmMc4dkZpMwCxo,active,si_TmMcoXmv2pcZRf,prod_S2qigSJLyqaK77,Monthly billing for annual inspect fee,price_1R8l1SE2kujhweZxySQB0Ift,1300,cad,inspection_fee,inspection_fee,"{""item_type"": ""inspection_fee""}","{""item_type"": ""inspection_fee""}",{},,
already_complete,Existing item_type metadata is correct.,sub_1SonlfE2kujhweZx9K408SKF,cus_TmMU2ydVnzgyli,active,si_TmMUYaKxouysvr,prod_T3i2UsrBI3HC7J,Monthly fee for Geothermal Energy Service pursuant to the Residential Energy Service Agreement (DivFern Geothermal Limited Partnership HST#763596962RT0001)252607,price_1TdN7vE2kujhweZxBQAHmlOq,15656,cad,monthly_service_fee,monthly_service_fee,"{""item_type"": ""monthly_service_fee""}","{""item_type"": ""monthly_service_fee""}","{""increaseable"": ""true""}",,
already_complete,Existing item_type metadata is correct.,sub_1SonlfE2kujhweZx9K408SKF,cus_TmMU2ydVnzgyli,active,si_TmMUTjRMRMczxs,prod_S2qigSJLyqaK77,Monthly billing for annual inspect fee,price_1R8l1SE2kujhweZxySQB0Ift,1300,cad,inspection_fee,inspection_fee,"{""item_type"": ""inspection_fee""}","{""item_type"": ""inspection_fee""}",{},,
already_complete,Existing item_type metadata is correct.,sub_1SoneAE2kujhweZxk67JNvlQ,cus_TmMM7mAcIQZF0c,active,si_TmMMOgitIb5LV2,prod_T3i2UsrBI3HC7J,Monthly fee for Geothermal Energy Service pursuant to the Residential Energy Service Agreement (DivFern Geothermal Limited Partnership HST#763596962RT0001)252607,price_1TdN7xE2kujhweZxR6EaXVFq,15656,cad,monthly_service_fee,monthly_service_fee,"{""item_type"": ""monthly_service_fee""}","{""item_type"": ""monthly_service_fee""}","{""increaseable"": ""true""}",,
already_complete,Existing item_type metadata is correct.,sub_1SoneAE2kujhweZxk67JNvlQ,cus_TmMM7mAcIQZF0c,active,si_TmMMymreo4sG69,prod_S2qigSJLyqaK77,Monthly billing for annual inspect fee,price_1R8l1SE2kujhweZxySQB0Ift,1300,cad,inspection_fee,inspection_fee,"{""item_type"": ""inspection_fee""}","{""item_type"": ""inspection_fee""}",{},,
already_complete,Existing item_type metadata is correct.,sub_1ShucwE2kujhweZx9prlUW88,cus_TfF7SBDHcZOy9l,active,si_TfF7wbSf0RZGoX,prod_T3i2UsrBI3HC7J,Monthly fee for Geothermal Energy Service pursuant to the Residential Energy Service Agreement (DivFern Geothermal Limited Partnership HST#763596962RT0001)252607,price_1TdN81E2kujhweZx9L6n6y8q,14626,cad,monthly_service_fee,monthly_service_fee,"{""item_type"": ""monthly_service_fee""}","{""item_type"": ""monthly_service_fee""}","{""increaseable"": ""true""}",,
already_complete,Existing item_type metadata is correct.,sub_1ShucwE2kujhweZx9prlUW88,cus_TfF7SBDHcZOy9l,active,si_TfF75VOyRLqVnx,prod_S2qigSJLyqaK77,Monthly billing for annual inspect fee,price_1R8l1SE2kujhweZxySQB0Ift,1300,cad,inspection_fee,inspection_fee,"{""item_type"": ""inspection_fee""}","{""item_type"": ""inspection_fee""}",{},,
already_complete,Existing item_type metadata is correct.,sub_1ShuQpE2kujhweZxpPBWL9Sp,cus_TfEu3iFRoaAAj4,active,si_TfEu9COXElOh4F,prod_T3i2UsrBI3HC7J,Monthly fee for Geothermal Energy Service pursuant to the Residential Energy Service Agreement (DivFern Geothermal Limited Partnership HST#763596962RT0001)252607,price_1TdN83E2kujhweZxMLAofn2G,14626,cad,monthly_service_fee,monthly_service_fee,"{""item_type"": ""monthly_service_fee""}","{""item_type"": ""monthly_service_fee""}","{""increaseable"": ""true""}",,
already_complete,Existing item_type metadata is correct.,sub_1ShuQpE2kujhweZxpPBWL9Sp,cus_TfEu3iFRoaAAj4,active,si_TfEuYzrVzebtsc,prod_S2qigSJLyqaK77,Monthly billing for annual inspect fee,price_1R8l1SE2kujhweZxySQB0Ift,1300,cad,inspection_fee,inspection_fee,"{""item_type"": ""inspection_fee""}","{""item_type"": ""inspection_fee""}",{},,
already_complete,Existing item_type metadata is correct.,sub_1ShuAyE2kujhweZx11pdapaC,cus_TfEeJhJmv0HRYr,active,si_TfEe5QkvW4pFgI,prod_T3hwZee1aVVzp4,Monthly fee for Geothermal Energy Service pursuant to the Residential Energy Service Agreement (DivFern Geothermal Limited Partnership HST#763596962RT0001)252605,price_1TdN84E2kujhweZxhhHEum9d,16171,cad,monthly_service_fee,monthly_service_fee,"{""item_type"": ""monthly_service_fee""}","{""item_type"": ""monthly_service_fee""}","{""increaseable"": ""true""}",,
already_complete,Existing item_type metadata is correct.,sub_1ShuAyE2kujhweZx11pdapaC,cus_TfEeJhJmv0HRYr,active,si_TfEedlyCSIaolM,prod_S2qigSJLyqaK77,Monthly billing for annual inspect fee,price_1R8l1SE2kujhweZxySQB0Ift,1300,cad,inspection_fee,inspection_fee,"{""item_type"": ""inspection_fee""}","{""item_type"": ""inspection_fee""}",{},,
already_complete,Existing item_type metadata is correct.,sub_1Shu5sE2kujhweZxrk3pO4qZ,cus_TfEYTG965hoFyW,active,si_TfEZfWeXpUzlcA,prod_T3huGYZEo3XWyg,Monthly fee for Geothermal Energy Service pursuant to the Residential Energy Service Agreement (DivFern Geothermal Limited Partnership HST#763596962RT0001)252604,price_1TdN86E2kujhweZxFxGXHGDd,14626,cad,monthly_service_fee,monthly_service_fee,"{""item_type"": ""monthly_service_fee""}","{""item_type"": ""monthly_service_fee""}","{""increaseable"": ""true""}",,
already_complete,Existing item_type metadata is correct.,sub_1Shu5sE2kujhweZxrk3pO4qZ,cus_TfEYTG965hoFyW,active,si_TfEZQ83b410I3F,prod_S2qigSJLyqaK77,Monthly billing for annual inspect fee,price_1R8l1SE2kujhweZxySQB0Ift,1300,cad,inspection_fee,inspection_fee,"{""item_type"": ""inspection_fee""}","{""item_type"": ""inspection_fee""}",{},,
already_complete,Existing item_type metadata is correct.,sub_1ShtzDE2kujhweZxGRVWnyl2,cus_TfESmGy5wYfiBg,active,si_TfES7d9aZ1L2u9,prod_T3i7mDxTaNyb3T,Monthly fee for Geothermal Energy Service pursuant to the Residential Energy Service Agreement (DivFern Geothermal Limited Partnership HST#763596962RT0001)2526010,price_1TdN88E2kujhweZxu4hzdyZv,9682,cad,monthly_service_fee,monthly_service_fee,"{""item_type"": ""monthly_service_fee""}","{""item_type"": ""monthly_service_fee""}","{""increaseable"": ""true""}",,
already_complete,Existing item_type metadata is correct.,sub_1ShtzDE2kujhweZxGRVWnyl2,cus_TfESmGy5wYfiBg,active,si_TfEShPFqiE8hKa,prod_S2qigSJLyqaK77,Monthly billing for annual inspect fee,price_1R8l1SE2kujhweZxySQB0Ift,1300,cad,inspection_fee,inspection_fee,"{""item_type"": ""inspection_fee""}","{""item_type"": ""inspection_fee""}",{},,
already_complete,Existing item_type metadata is correct.,sub_1ShtpvE2kujhweZxdXuO8cv0,cus_TfEIpSPG4v1x6x,active,si_TfEIL73X8EhIFk,prod_T3i7mDxTaNyb3T,Monthly fee for Geothermal Energy Service pursuant to the Residential Energy Service Agreement (DivFern Geothermal Limited Partnership HST#763596962RT0001)2526010,price_1TdN89E2kujhweZxER4aCUvT,9682,cad,monthly_service_fee,monthly_service_fee,"{""item_type"": ""monthly_service_fee""}","{""item_type"": ""monthly_service_fee""}","{""increaseable"": ""true""}",,
already_complete,Existing item_type metadata is correct.,sub_1ShtpvE2kujhweZxdXuO8cv0,cus_TfEIpSPG4v1x6x,active,si_TfEIO9toK0mBcs,prod_S2qigSJLyqaK77,Monthly billing for annual inspect fee,price_1R8l1SE2kujhweZxySQB0Ift,1300,cad,inspection_fee,inspection_fee,"{""item_type"": ""inspection_fee""}","{""item_type"": ""inspection_fee""}",{},,
already_complete,Existing item_type metadata is correct.,sub_1Shtb7E2kujhweZxMyK7WMon,cus_TfE2XAZf2j9pgh,active,si_TfE32tEhEultbN,prod_T3i7mDxTaNyb3T,Monthly fee for Geothermal Energy Service pursuant to the Residential Energy Service Agreement (DivFern Geothermal Limited Partnership HST#763596962RT0001)2526010,price_1TdN8BE2kujhweZxz4yU66sd,9682,cad,monthly_service_fee,monthly_service_fee,"{""item_type"": ""monthly_service_fee""}","{""item_type"": ""monthly_service_fee""}","{""increaseable"": ""true""}",,
already_complete,Existing item_type metadata is correct.,sub_1Shtb7E2kujhweZxMyK7WMon,cus_TfE2XAZf2j9pgh,active,si_TfE3VLqKJ3FTzW,prod_S2qigSJLyqaK77,Monthly billing for annual inspect fee,price_1R8l1SE2kujhweZxySQB0Ift,1300,cad,inspection_fee,inspection_fee,"{""item_type"": ""inspection_fee""}","{""item_type"": ""inspection_fee""}",{},,
already_complete,Existing item_type metadata is correct.,sub_1Sfmv6E2kujhweZxQfazFiOy,cus_QcQ74a9nR8owLz,active,si_Td31kVJI3gdySN,prod_T3i7mDxTaNyb3T,Monthly fee for Geothermal Energy Service pursuant to the Residential Energy Service Agreement (DivFern Geothermal Limited Partnership HST#763596962RT0001)2526010,price_1TdN8DE2kujhweZxhyJJOnBl,9336,cad,monthly_service_fee,monthly_service_fee,"{""item_type"": ""monthly_service_fee""}","{""item_type"": ""monthly_service_fee""}","{""increaseable"": ""true""}",,
already_complete,Existing item_type metadata is correct.,sub_1Sfmv6E2kujhweZxQfazFiOy,cus_QcQ74a9nR8owLz,active,si_Td31Nx1UZHv8ru,prod_QRb4nqXhaz7pMn,Monthly billing for annual inspect fee,price_1PahsjE2kujhweZxZUnm9a53,1400,cad,inspection_fee,inspection_fee,"{""item_type"": ""inspection_fee""}","{""item_type"": ""inspection_fee""}",{},,
already_complete,Existing item_type metadata is correct.,sub_1ScBMkE2kujhweZxuAW64dJT,cus_TZK0xxwHGhbIpv,active,si_TZK0SPdx4j6Qwd,prod_T3i2UsrBI3HC7J,Monthly fee for Geothermal Energy Service pursuant to the Residential Energy Service Agreement (DivFern Geothermal Limited Partnership HST#763596962RT0001)252607,price_1TdN8EE2kujhweZxA4JGHyTA,15656,cad,monthly_service_fee,monthly_service_fee,"{""item_type"": ""monthly_service_fee""}","{""item_type"": ""monthly_service_fee""}","{""increaseable"": ""true""}",,
already_complete,Existing item_type metadata is correct.,sub_1ScBMkE2kujhweZxuAW64dJT,cus_TZK0xxwHGhbIpv,active,si_TZK09r4VWoPPEq,prod_S2qigSJLyqaK77,Monthly billing for annual inspect fee,price_1R8l1SE2kujhweZxySQB0Ift,1300,cad,inspection_fee,inspection_fee,"{""item_type"": ""inspection_fee""}","{""item_type"": ""inspection_fee""}",{},,
already_complete,Existing item_type metadata is correct.,sub_1SZZiAE2kujhweZxAyRUYadT,cus_TWcx79v3LYXLQ9,active,si_TWcy8qzxO81V3O,prod_T3i2UsrBI3HC7J,Monthly fee for Geothermal Energy Service pursuant to the Residential Energy Service Agreement (DivFern Geothermal Limited Partnership HST#763596962RT0001)252607,price_1TdN8GE2kujhweZxxt9eBf5P,15656,cad,monthly_service_fee,monthly_service_fee,"{""item_type"": ""monthly_service_fee""}","{""item_type"": ""monthly_service_fee""}","{""increaseable"": ""true""}",,
already_complete,Existing item_type metadata is correct.,sub_1SZZiAE2kujhweZxAyRUYadT,cus_TWcx79v3LYXLQ9,active,si_TWcyEslYiLKbOj,prod_S2qigSJLyqaK77,Monthly billing for annual inspect fee,price_1R8l1SE2kujhweZxySQB0Ift,1300,cad,inspection_fee,inspection_fee,"{""item_type"": ""inspection_fee""}","{""item_type"": ""inspection_fee""}",{},,
already_complete,Existing item_type metadata is correct.,sub_1SZZdhE2kujhweZx98uXWs19,cus_TWctPE6NP5OuYI,active,si_TWctEtZ9EufSpF,prod_T3i2UsrBI3HC7J,Monthly fee for Geothermal Energy Service pursuant to the Residential Energy Service Agreement (DivFern Geothermal Limited Partnership HST#763596962RT0001)252607,price_1TdN8IE2kujhweZxXndeqbE6,15656,cad,monthly_service_fee,monthly_service_fee,"{""item_type"": ""monthly_service_fee""}","{""item_type"": ""monthly_service_fee""}","{""increaseable"": ""true""}",,
already_complete,Existing item_type metadata is correct.,sub_1SZZdhE2kujhweZx98uXWs19,cus_TWctPE6NP5OuYI,active,si_TWct1YaUjPmhes,prod_S2qigSJLyqaK77,Monthly billing for annual inspect fee,price_1R8l1SE2kujhweZxySQB0Ift,1300,cad,inspection_fee,inspection_fee,"{""item_type"": ""inspection_fee""}","{""item_type"": ""inspection_fee""}",{},,
already_complete,Existing item_type metadata is correct.,sub_1SZZZHE2kujhweZxLoo4RVmJ,cus_TWcoOjpCXoL61Y,active,si_TWcoryEe8TnSKI,prod_T3i2UsrBI3HC7J,Monthly fee for Geothermal Energy Service pursuant to the Residential Energy Service Agreement (DivFern Geothermal Limited Partnership HST#763596962RT0001)252607,price_1TdN8KE2kujhweZxnylPurYt,15656,cad,monthly_service_fee,monthly_service_fee,"{""item_type"": ""monthly_service_fee""}","{""item_type"": ""monthly_service_fee""}","{""increaseable"": ""true""}",,
already_complete,Existing item_type metadata is correct.,sub_1SZZZHE2kujhweZxLoo4RVmJ,cus_TWcoOjpCXoL61Y,active,si_TWcoGaCiIopkQd,prod_S2qigSJLyqaK77,Monthly billing for annual inspect fee,price_1R8l1SE2kujhweZxySQB0Ift,1300,cad,inspection_fee,inspection_fee,"{""item_type"": ""inspection_fee""}","{""item_type"": ""inspection_fee""}",{},,
already_complete,Existing item_type metadata is correct.,sub_1SZZQ5E2kujhweZx1xvHPKG7,cus_TWcfpWm8Q4RT67,active,si_TWcf04q8RbONQe,prod_SGL3wIAtWYZrQe,Monthly fee for Geothermal Energy Service pursuant to the Residential Energy Service Agreement (DivFern Geothermal Limited Partnership HST#763596962RT0001),price_1TdN8LE2kujhweZxjG5fRcRx,19055,cad,monthly_service_fee,monthly_service_fee,"{""item_type"": ""monthly_service_fee""}","{""item_type"": ""monthly_service_fee""}","{""increaseable"": ""true""}",,
already_complete,Existing item_type metadata is correct.,sub_1SZZQ5E2kujhweZx1xvHPKG7,cus_TWcfpWm8Q4RT67,active,si_TWcf2npzbVukhV,prod_S2qigSJLyqaK77,Monthly billing for annual inspect fee,price_1R8l1SE2kujhweZxySQB0Ift,1300,cad,inspection_fee,inspection_fee,"{""item_type"": ""inspection_fee""}","{""item_type"": ""inspection_fee""}",{},,
already_complete,Existing item_type metadata is correct.,sub_1SZZJBE2kujhweZxLtPTD34u,cus_TWcYoZsZnCjwEr,active,si_TWcYSxiXMxaApX,prod_SGL3wIAtWYZrQe,Monthly fee for Geothermal Energy Service pursuant to the Residential Energy Service Agreement (DivFern Geothermal Limited Partnership HST#763596962RT0001),price_1TdN8NE2kujhweZx05xiEoOH,19055,cad,monthly_service_fee,monthly_service_fee,"{""item_type"": ""monthly_service_fee""}","{""item_type"": ""monthly_service_fee""}","{""increaseable"": ""true""}",,
already_complete,Existing item_type metadata is correct.,sub_1SZZJBE2kujhweZxLtPTD34u,cus_TWcYoZsZnCjwEr,active,si_TWcYE7tnM2pMZI,prod_S2qigSJLyqaK77,Monthly billing for annual inspect fee,price_1R8l1SE2kujhweZxySQB0Ift,1300,cad,inspection_fee,inspection_fee,"{""item_type"": ""inspection_fee""}","{""item_type"": ""inspection_fee""}",{},,
already_complete,Existing item_type metadata is correct.,sub_1SZZAIE2kujhweZxzT6sDAs8,cus_TWcOlrHcSQT07l,active,si_TWcPpLw6ol9SZZ,prod_SGL3wIAtWYZrQe,Monthly fee for Geothermal Energy Service pursuant to the Residential Energy Service Agreement (DivFern Geothermal Limited Partnership HST#763596962RT0001),price_1TdN8PE2kujhweZxyk4sI0q1,19055,cad,monthly_service_fee,monthly_service_fee,"{""item_type"": ""monthly_service_fee""}","{""item_type"": ""monthly_service_fee""}","{""increaseable"": ""true""}",,
already_complete,Existing item_type metadata is correct.,sub_1SZZAIE2kujhweZxzT6sDAs8,cus_TWcOlrHcSQT07l,active,si_TWcPfezaw8wLcq,prod_S2qigSJLyqaK77,Monthly billing for annual inspect fee,price_1R8l1SE2kujhweZxySQB0Ift,1300,cad,inspection_fee,inspection_fee,"{""item_type"": ""inspection_fee""}","{""item_type"": ""inspection_fee""}",{},,
already_complete,Existing item_type metadata is correct.,sub_1SZYsAE2kujhweZxnEgJqdXP,cus_TWc6wKMdnuZ1lC,active,si_TWc6EPIDLtcsR9,prod_T3i2UsrBI3HC7J,Monthly fee for Geothermal Energy Service pursuant to the Residential Energy Service Agreement (DivFern Geothermal Limited Partnership HST#763596962RT0001)252607,price_1TdN8QE2kujhweZxWUHppzrO,15656,cad,monthly_service_fee,monthly_service_fee,"{""item_type"": ""monthly_service_fee""}","{""item_type"": ""monthly_service_fee""}","{""increaseable"": ""true""}",,
already_complete,Existing item_type metadata is correct.,sub_1SZYsAE2kujhweZxnEgJqdXP,cus_TWc6wKMdnuZ1lC,active,si_TWc69jLBfDr3D9,prod_S2qigSJLyqaK77,Monthly billing for annual inspect fee,price_1R8l1SE2kujhweZxySQB0Ift,1300,cad,inspection_fee,inspection_fee,"{""item_type"": ""inspection_fee""}","{""item_type"": ""inspection_fee""}",{},,
already_complete,Existing item_type metadata is correct.,sub_1SZYdJE2kujhweZx3nPRi21k,cus_TWbqtNgNd6AXOa,active,si_TWbryuxk4W6nXx,prod_T3i2UsrBI3HC7J,Monthly fee for Geothermal Energy Service pursuant to the Residential Energy Service Agreement (DivFern Geothermal Limited Partnership HST#763596962RT0001)252607,price_1TdN8SE2kujhweZxPmRjIcYR,15656,cad,monthly_service_fee,monthly_service_fee,"{""item_type"": ""monthly_service_fee""}","{""item_type"": ""monthly_service_fee""}","{""increaseable"": ""true""}",,
already_complete,Existing item_type metadata is correct.,sub_1SZYdJE2kujhweZx3nPRi21k,cus_TWbqtNgNd6AXOa,active,si_TWbrfq7Bivuzl6,prod_S2qigSJLyqaK77,Monthly billing for annual inspect fee,price_1R8l1SE2kujhweZxySQB0Ift,1300,cad,inspection_fee,inspection_fee,"{""item_type"": ""inspection_fee""}","{""item_type"": ""inspection_fee""}",{},,
already_complete,Existing item_type metadata is correct.,sub_1SXj6pE2kujhweZxEiD5W3E6,cus_TUiX2Hqwn2mD7K,active,si_TUiXpTbZVnP9nz,prod_S2qlETkPkX1w9J,Monthly fee for Geothermal Energy Service pursuant to the Residential Energy Service Agreement (DivFern Geothermal Limited Partnership HST#763596962RT0001),price_1TdN8UE2kujhweZxTeq877ve,9373,cad,monthly_service_fee,monthly_service_fee,"{""item_type"": ""monthly_service_fee""}","{""item_type"": ""monthly_service_fee""}","{""increaseable"": ""true""}",,
already_complete,Existing item_type metadata is correct.,sub_1SXj6pE2kujhweZxEiD5W3E6,cus_TUiX2Hqwn2mD7K,active,si_TUiXUcCKn15y0U,prod_S2qigSJLyqaK77,Monthly billing for annual inspect fee,price_1R8l1SE2kujhweZxySQB0Ift,1300,cad,inspection_fee,inspection_fee,"{""item_type"": ""inspection_fee""}","{""item_type"": ""inspection_fee""}",{},,
already_complete,Existing item_type metadata is correct.,sub_1SUpFcE2kujhweZxyfUAC0Eq,cus_TRigCinpvu3qai,active,si_TRihwzysMhUCNU,prod_S2qlETkPkX1w9J,Monthly fee for Geothermal Energy Service pursuant to the Residential Energy Service Agreement (DivFern Geothermal Limited Partnership HST#763596962RT0001),price_1TdN8VE2kujhweZxWTYnexpf,9373,cad,monthly_service_fee,monthly_service_fee,"{""item_type"": ""monthly_service_fee""}","{""item_type"": ""monthly_service_fee""}","{""increaseable"": ""true""}",,
already_complete,Existing item_type metadata is correct.,sub_1SUpFcE2kujhweZxyfUAC0Eq,cus_TRigCinpvu3qai,active,si_TRihmyIGGt1ooC,prod_S2qigSJLyqaK77,Monthly billing for annual inspect fee,price_1R8l1SE2kujhweZxySQB0Ift,1300,cad,inspection_fee,inspection_fee,"{""item_type"": ""inspection_fee""}","{""item_type"": ""inspection_fee""}",{},,
already_complete,Existing item_type metadata is correct.,sub_1SUVp2E2kujhweZxeHmOfFYD,cus_TROcnXpmWZA9pG,active,si_TROcJyjXGW6uqN,prod_T3i2UsrBI3HC7J,Monthly fee for Geothermal Energy Service pursuant to the Residential Energy Service Agreement (DivFern Geothermal Limited Partnership HST#763596962RT0001)252607,price_1TdN8XE2kujhweZx9fMQIaAB,15656,cad,monthly_service_fee,monthly_service_fee,"{""item_type"": ""monthly_service_fee""}","{""item_type"": ""monthly_service_fee""}","{""increaseable"": ""true""}",,
already_complete,Existing item_type metadata is correct.,sub_1SUVp2E2kujhweZxeHmOfFYD,cus_TROcnXpmWZA9pG,active,si_TROcrXtoleuY53,prod_S2qigSJLyqaK77,Monthly billing for annual inspect fee,price_1R8l1SE2kujhweZxySQB0Ift,1300,cad,inspection_fee,inspection_fee,"{""item_type"": ""inspection_fee""}","{""item_type"": ""inspection_fee""}",{},,
already_complete,Existing item_type metadata is correct.,sub_1SUUYhE2kujhweZx4LEDELhD,cus_TRNJkoYIG1Cv2y,active,si_TRNJaywRpOZDZJ,prod_S2qlETkPkX1w9J,Monthly fee for Geothermal Energy Service pursuant to the Residential Energy Service Agreement (DivFern Geothermal Limited Partnership HST#763596962RT0001),price_1TdN8bE2kujhweZx8MtOFweA,9373,cad,monthly_service_fee,monthly_service_fee,"{""item_type"": ""monthly_service_fee""}","{""item_type"": ""monthly_service_fee""}","{""increaseable"": ""true""}",,
already_complete,Existing item_type metadata is correct.,sub_1SUUYhE2kujhweZx4LEDELhD,cus_TRNJkoYIG1Cv2y,active,si_TRNJvVvNoLEtJH,prod_S2qigSJLyqaK77,Monthly billing for annual inspect fee,price_1R8l1SE2kujhweZxySQB0Ift,1300,cad,inspection_fee,inspection_fee,"{""item_type"": ""inspection_fee""}","{""item_type"": ""inspection_fee""}",{},,
already_complete,Existing item_type metadata is correct.,sub_1SUUESE2kujhweZxXeJrwiRZ,cus_TRMx7mDqie9IHI,active,si_TRMySe2h3uBv3r,prod_S2qlETkPkX1w9J,Monthly fee for Geothermal Energy Service pursuant to the Residential Energy Service Agreement (DivFern Geothermal Limited Partnership HST#763596962RT0001),price_1TdN8dE2kujhweZxc8kUg23Z,9373,cad,monthly_service_fee,monthly_service_fee,"{""item_type"": ""monthly_service_fee""}","{""item_type"": ""monthly_service_fee""}","{""increaseable"": ""true""}",,
already_complete,Existing item_type metadata is correct.,sub_1SUUESE2kujhweZxXeJrwiRZ,cus_TRMx7mDqie9IHI,active,si_TRMy8JpyEVdERV,prod_S2qigSJLyqaK77,Monthly billing for annual inspect fee,price_1R8l1SE2kujhweZxySQB0Ift,1300,cad,inspection_fee,inspection_fee,"{""item_type"": ""inspection_fee""}","{""item_type"": ""inspection_fee""}",{},,
already_complete,Existing item_type metadata is correct.,sub_1ST19UE2kujhweZx7a6l7SJn,cus_TPqr6czZanFa1X,active,si_TPqrAYhmJIhILf,prod_S2qlETkPkX1w9J,Monthly fee for Geothermal Energy Service pursuant to the Residential Energy Service Agreement (DivFern Geothermal Limited Partnership HST#763596962RT0001),price_1TdN8eE2kujhweZxdLz8pInI,9373,cad,monthly_service_fee,monthly_service_fee,"{""item_type"": ""monthly_service_fee""}","{""item_type"": ""monthly_service_fee""}","{""increaseable"": ""true""}",,
already_complete,Existing item_type metadata is correct.,sub_1ST19UE2kujhweZx7a6l7SJn,cus_TPqr6czZanFa1X,active,si_TPqrHoqjQMuN0U,prod_S2qigSJLyqaK77,Monthly billing for annual inspect fee,price_1R8l1SE2kujhweZxySQB0Ift,1300,cad,inspection_fee,inspection_fee,"{""item_type"": ""inspection_fee""}","{""item_type"": ""inspection_fee""}",{},,
already_complete,Existing item_type metadata is correct.,sub_1ST148E2kujhweZxfljEtfuh,cus_TPqlwIlwS28aAF,active,si_TPqlDrX2cktAXB,prod_S2qlETkPkX1w9J,Monthly fee for Geothermal Energy Service pursuant to the Residential Energy Service Agreement (DivFern Geothermal Limited Partnership HST#763596962RT0001),price_1TdN8gE2kujhweZx3hbaS5dw,9373,cad,monthly_service_fee,monthly_service_fee,"{""item_type"": ""monthly_service_fee""}","{""item_type"": ""monthly_service_fee""}","{""increaseable"": ""true""}",,
already_complete,Existing item_type metadata is correct.,sub_1ST148E2kujhweZxfljEtfuh,cus_TPqlwIlwS28aAF,active,si_TPqlDzI4klIh9m,prod_S2qigSJLyqaK77,Monthly billing for annual inspect fee,price_1R8l1SE2kujhweZxySQB0Ift,1300,cad,inspection_fee,inspection_fee,"{""item_type"": ""inspection_fee""}","{""item_type"": ""inspection_fee""}",{},,
already_complete,Existing item_type metadata is correct.,sub_1ST0thE2kujhweZxo81kkzJz,cus_TPqa1H2yrO8Lav,active,si_TPqapobRpd9pX6,prod_S2qlETkPkX1w9J,Monthly fee for Geothermal Energy Service pursuant to the Residential Energy Service Agreement (DivFern Geothermal Limited Partnership HST#763596962RT0001),price_1TdN8iE2kujhweZxRSlpHXsI,9373,cad,monthly_service_fee,monthly_service_fee,"{""item_type"": ""monthly_service_fee""}","{""item_type"": ""monthly_service_fee""}","{""increaseable"": ""true""}",,
already_complete,Existing item_type metadata is correct.,sub_1ST0thE2kujhweZxo81kkzJz,cus_TPqa1H2yrO8Lav,active,si_TPqaLypo7p5DT6,prod_S2qigSJLyqaK77,Monthly billing for annual inspect fee,price_1R8l1SE2kujhweZxySQB0Ift,1300,cad,inspection_fee,inspection_fee,"{""item_type"": ""inspection_fee""}","{""item_type"": ""inspection_fee""}",{},,
already_complete,Existing item_type metadata is correct.,sub_1SSjKeE2kujhweZxsDykNwjI,cus_TPYRFRmXhyrfuS,active,si_TPYRRXvqYp2TGU,prod_S2qlETkPkX1w9J,Monthly fee for Geothermal Energy Service pursuant to the Residential Energy Service Agreement (DivFern Geothermal Limited Partnership HST#763596962RT0001),price_1TdN8jE2kujhweZx24Szq7Uf,9373,cad,monthly_service_fee,monthly_service_fee,"{""item_type"": ""monthly_service_fee""}","{""item_type"": ""monthly_service_fee""}","{""increaseable"": ""true""}",,
already_complete,Existing item_type metadata is correct.,sub_1SSjKeE2kujhweZxsDykNwjI,cus_TPYRFRmXhyrfuS,active,si_TPYRzxOCQpJ3bI,prod_S2qigSJLyqaK77,Monthly billing for annual inspect fee,price_1R8l1SE2kujhweZxySQB0Ift,1300,cad,inspection_fee,inspection_fee,"{""item_type"": ""inspection_fee""}","{""item_type"": ""inspection_fee""}",{},,
already_complete,Existing item_type metadata is correct.,sub_1SSjDzE2kujhweZxe2lWcwMe,cus_TPYKVYmkTXdCn3,active,si_TPYKwa8vENfqXn,prod_S2qlETkPkX1w9J,Monthly fee for Geothermal Energy Service pursuant to the Residential Energy Service Agreement (DivFern Geothermal Limited Partnership HST#763596962RT0001),price_1TdN8lE2kujhweZxBWN4elcE,9373,cad,monthly_service_fee,monthly_service_fee,"{""item_type"": ""monthly_service_fee""}","{""item_type"": ""monthly_service_fee""}","{""increaseable"": ""true""}",,
already_complete,Existing item_type metadata is correct.,sub_1SSjDzE2kujhweZxe2lWcwMe,cus_TPYKVYmkTXdCn3,active,si_TPYK7iYMwr6E1n,prod_S2qigSJLyqaK77,Monthly billing for annual inspect fee,price_1R8l1SE2kujhweZxySQB0Ift,1300,cad,inspection_fee,inspection_fee,"{""item_type"": ""inspection_fee""}","{""item_type"": ""inspection_fee""}",{},,
already_complete,Existing item_type metadata is correct.,sub_1SSiubE2kujhweZxLSyTLSgh,cus_TPY0h2a9VDc3Nq,active,si_TPY04LvDEXfXU6,prod_SGL3wIAtWYZrQe,Monthly fee for Geothermal Energy Service pursuant to the Residential Energy Service Agreement (DivFern Geothermal Limited Partnership HST#763596962RT0001),price_1TdN8nE2kujhweZxa93U2oXV,19055,cad,monthly_service_fee,monthly_service_fee,"{""item_type"": ""monthly_service_fee""}","{""item_type"": ""monthly_service_fee""}","{""increaseable"": ""true""}",,
already_complete,Existing item_type metadata is correct.,sub_1SSiubE2kujhweZxLSyTLSgh,cus_TPY0h2a9VDc3Nq,active,si_TPY0UTPUHnTrLa,prod_S2qigSJLyqaK77,Monthly billing for annual inspect fee,price_1R8l1SE2kujhweZxySQB0Ift,1300,cad,inspection_fee,inspection_fee,"{""item_type"": ""inspection_fee""}","{""item_type"": ""inspection_fee""}",{},,
already_complete,Existing item_type metadata is correct.,sub_1SSinKE2kujhweZxbpJo2lgb,cus_TPXs2AwxBgruYf,active,si_TPXtoZcEPDm97w,prod_S2qlETkPkX1w9J,Monthly fee for Geothermal Energy Service pursuant to the Residential Energy Service Agreement (DivFern Geothermal Limited Partnership HST#763596962RT0001),price_1TdN8oE2kujhweZx0uVHUDTa,9373,cad,monthly_service_fee,monthly_service_fee,"{""item_type"": ""monthly_service_fee""}","{""item_type"": ""monthly_service_fee""}","{""increaseable"": ""true""}",,
already_complete,Existing item_type metadata is correct.,sub_1SSinKE2kujhweZxbpJo2lgb,cus_TPXs2AwxBgruYf,active,si_TPXtU0T5gC40Tl,prod_S2qigSJLyqaK77,Monthly billing for annual inspect fee,price_1R8l1SE2kujhweZxySQB0Ift,1300,cad,inspection_fee,inspection_fee,"{""item_type"": ""inspection_fee""}","{""item_type"": ""inspection_fee""}",{},,
already_complete,Existing item_type metadata is correct.,sub_1SSihEE2kujhweZxm9bDm9Xg,cus_TPXmhFgZ4Q16Av,active,si_TPXmr0LmRw8r38,prod_S2qlETkPkX1w9J,Monthly fee for Geothermal Energy Service pursuant to the Residential Energy Service Agreement (DivFern Geothermal Limited Partnership HST#763596962RT0001),price_1TdN8qE2kujhweZx1zjIpMy5,9373,cad,monthly_service_fee,monthly_service_fee,"{""item_type"": ""monthly_service_fee""}","{""item_type"": ""monthly_service_fee""}","{""increaseable"": ""true""}",,
already_complete,Existing item_type metadata is correct.,sub_1SSihEE2kujhweZxm9bDm9Xg,cus_TPXmhFgZ4Q16Av,active,si_TPXmYPia0vbQ9H,prod_S2qigSJLyqaK77,Monthly billing for annual inspect fee,price_1R8l1SE2kujhweZxySQB0Ift,1300,cad,inspection_fee,inspection_fee,"{""item_type"": ""inspection_fee""}","{""item_type"": ""inspection_fee""}",{},,
already_complete,Existing item_type metadata is correct.,sub_1SSibgE2kujhweZx9DveCuJN,cus_TPXgcYHbFljTGf,active,si_TPXhc6xbduNQe3,prod_S2qlETkPkX1w9J,Monthly fee for Geothermal Energy Service pursuant to the Residential Energy Service Agreement (DivFern Geothermal Limited Partnership HST#763596962RT0001),price_1TdN8sE2kujhweZxH3laUxwn,9373,cad,monthly_service_fee,monthly_service_fee,"{""item_type"": ""monthly_service_fee""}","{""item_type"": ""monthly_service_fee""}","{""increaseable"": ""true""}",,
already_complete,Existing item_type metadata is correct.,sub_1SSibgE2kujhweZx9DveCuJN,cus_TPXgcYHbFljTGf,active,si_TPXhgdWitUlyet,prod_S2qigSJLyqaK77,Monthly billing for annual inspect fee,price_1R8l1SE2kujhweZxySQB0Ift,1300,cad,inspection_fee,inspection_fee,"{""item_type"": ""inspection_fee""}","{""item_type"": ""inspection_fee""}",{},,
already_complete,Existing item_type metadata is correct.,sub_1SSiVEE2kujhweZxpABhYVCv,cus_TPXZaslMOsOalr,active,si_TPXaozd1CO5kMa,prod_S2qlETkPkX1w9J,Monthly fee for Geothermal Energy Service pursuant to the Residential Energy Service Agreement (DivFern Geothermal Limited Partnership HST#763596962RT0001),price_1TdN8uE2kujhweZxfx0wMXaW,9373,cad,monthly_service_fee,monthly_service_fee,"{""item_type"": ""monthly_service_fee""}","{""item_type"": ""monthly_service_fee""}","{""increaseable"": ""true""}",,
already_complete,Existing item_type metadata is correct.,sub_1SSiVEE2kujhweZxpABhYVCv,cus_TPXZaslMOsOalr,active,si_TPXaVrhNdMmYqP,prod_S2qigSJLyqaK77,Monthly billing for annual inspect fee,price_1R8l1SE2kujhweZxySQB0Ift,1300,cad,inspection_fee,inspection_fee,"{""item_type"": ""inspection_fee""}","{""item_type"": ""inspection_fee""}",{},,
already_complete,Existing item_type metadata is correct.,sub_1SShtpE2kujhweZxgLBuqGhB,cus_TPWxKkKaYMyRi5,active,si_TPWxBHto0JbBC6,prod_S2qlETkPkX1w9J,Monthly fee for Geothermal Energy Service pursuant to the Residential Energy Service Agreement (DivFern Geothermal Limited Partnership HST#763596962RT0001),price_1TdN8wE2kujhweZxbIljWaid,9373,cad,monthly_service_fee,monthly_service_fee,"{""item_type"": ""monthly_service_fee""}","{""item_type"": ""monthly_service_fee""}","{""increaseable"": ""true""}",,
already_complete,Existing item_type metadata is correct.,sub_1SShtpE2kujhweZxgLBuqGhB,cus_TPWxKkKaYMyRi5,active,si_TPWxSB6Eu2eIiF,prod_S2qigSJLyqaK77,Monthly billing for annual inspect fee,price_1R8l1SE2kujhweZxySQB0Ift,1300,cad,inspection_fee,inspection_fee,"{""item_type"": ""inspection_fee""}","{""item_type"": ""inspection_fee""}",{},,
already_complete,Existing item_type metadata is correct.,sub_1SShEME2kujhweZxtH869NCa,cus_TPWGSmWqgbdSqb,active,si_TPWGbO8Tp6jycc,prod_S2qlETkPkX1w9J,Monthly fee for Geothermal Energy Service pursuant to the Residential Energy Service Agreement (DivFern Geothermal Limited Partnership HST#763596962RT0001),price_1TdN8xE2kujhweZx0F0vGITj,9373,cad,monthly_service_fee,monthly_service_fee,"{""item_type"": ""monthly_service_fee""}","{""item_type"": ""monthly_service_fee""}","{""increaseable"": ""true""}",,
already_complete,Existing item_type metadata is correct.,sub_1SShEME2kujhweZxtH869NCa,cus_TPWGSmWqgbdSqb,active,si_TPWGsLS3Is0cFl,prod_S2qigSJLyqaK77,Monthly billing for annual inspect fee,price_1R8l1SE2kujhweZxySQB0Ift,1300,cad,inspection_fee,inspection_fee,"{""item_type"": ""inspection_fee""}","{""item_type"": ""inspection_fee""}",{},,
already_complete,Existing item_type metadata is correct.,sub_1SSh70E2kujhweZxcAWtzE4w,cus_TPW8NqOtY9NNhY,active,si_TPW9HYgkXqiLP4,prod_S2qkTpFKH47tXd,Monthly fee for Geothermal Energy Service pursuant to the Residential Energy Service Agreement (DivFern Geothermal Limited Partnership HST#763596962RT0001),price_1TdN8zE2kujhweZxrbtTwvMq,14214,cad,monthly_service_fee,monthly_service_fee,"{""item_type"": ""monthly_service_fee""}","{""item_type"": ""monthly_service_fee""}","{""increaseable"": ""true""}",,
already_complete,Existing item_type metadata is correct.,sub_1SSh70E2kujhweZxcAWtzE4w,cus_TPW8NqOtY9NNhY,active,si_TPW9iucopfJPus,prod_S2qigSJLyqaK77,Monthly billing for annual inspect fee,price_1R8l1SE2kujhweZxySQB0Ift,1300,cad,inspection_fee,inspection_fee,"{""item_type"": ""inspection_fee""}","{""item_type"": ""inspection_fee""}",{},,
already_complete,Existing item_type metadata is correct.,sub_1SQBiKE2kujhweZxjdKUUvSo,cus_TMvZYfBtLhexms,active,si_TMvZ4XRs8nmUrG,prod_T3i2UsrBI3HC7J,Monthly fee for Geothermal Energy Service pursuant to the Residential Energy Service Agreement (DivFern Geothermal Limited Partnership HST#763596962RT0001)252607,price_1TdN91E2kujhweZxJlBU60K9,15656,cad,monthly_service_fee,monthly_service_fee,"{""item_type"": ""monthly_service_fee""}","{""item_type"": ""monthly_service_fee""}","{""increaseable"": ""true""}",,
already_complete,Existing item_type metadata is correct.,sub_1SQBiKE2kujhweZxjdKUUvSo,cus_TMvZYfBtLhexms,active,si_TMvZVttfFFtEJQ,prod_S2qigSJLyqaK77,Monthly billing for annual inspect fee,price_1R8l1SE2kujhweZxySQB0Ift,1300,cad,inspection_fee,inspection_fee,"{""item_type"": ""inspection_fee""}","{""item_type"": ""inspection_fee""}",{},,
already_complete,Existing item_type metadata is correct.,sub_1SIAbCE2kujhweZxJXxGC5FA,cus_TEdsRYAKSJl52l,active,si_TEdsvheKP9gAK9,prod_T3i2UsrBI3HC7J,Monthly fee for Geothermal Energy Service pursuant to the Residential Energy Service Agreement (DivFern Geothermal Limited Partnership HST#763596962RT0001)252607,price_1TdN92E2kujhweZxHSi21RkE,15656,cad,monthly_service_fee,monthly_service_fee,"{""item_type"": ""monthly_service_fee""}","{""item_type"": ""monthly_service_fee""}","{""increaseable"": ""true""}",,
already_complete,Existing item_type metadata is correct.,sub_1SIAbCE2kujhweZxJXxGC5FA,cus_TEdsRYAKSJl52l,active,si_TEdssRwan8TS48,prod_S2qigSJLyqaK77,Monthly billing for annual inspect fee,price_1R8l1SE2kujhweZxySQB0Ift,1300,cad,inspection_fee,inspection_fee,"{""item_type"": ""inspection_fee""}","{""item_type"": ""inspection_fee""}",{},,
already_complete,Existing item_type metadata is correct.,sub_1SIAQgE2kujhweZxMrAtdKp9,cus_TEdh8xkSsMqYLI,active,si_TEdi1Y9VTU1Bfa,prod_T3i2UsrBI3HC7J,Monthly fee for Geothermal Energy Service pursuant to the Residential Energy Service Agreement (DivFern Geothermal Limited Partnership HST#763596962RT0001)252607,price_1TdN94E2kujhweZxYPz6v7p5,15656,cad,monthly_service_fee,monthly_service_fee,"{""item_type"": ""monthly_service_fee""}","{""item_type"": ""monthly_service_fee""}","{""increaseable"": ""true""}",,
already_complete,Existing item_type metadata is correct.,sub_1SIAQgE2kujhweZxMrAtdKp9,cus_TEdh8xkSsMqYLI,active,si_TEdiaW1nKNDHdG,prod_S2qigSJLyqaK77,Monthly billing for annual inspect fee,price_1R8l1SE2kujhweZxySQB0Ift,1300,cad,inspection_fee,inspection_fee,"{""item_type"": ""inspection_fee""}","{""item_type"": ""inspection_fee""}",{},,
already_complete,Existing item_type metadata is correct.,sub_1SFGzhE2kujhweZxYcJoEjnZ,cus_TBeHeAIg8rxkf2,active,si_TBeIQwELiB7IbB,prod_SGL3wIAtWYZrQe,Monthly fee for Geothermal Energy Service pursuant to the Residential Energy Service Agreement (DivFern Geothermal Limited Partnership HST#763596962RT0001),price_1TdN98E2kujhweZxOe6c00hd,19055,cad,monthly_service_fee,monthly_service_fee,"{""item_type"": ""monthly_service_fee""}","{""item_type"": ""monthly_service_fee""}","{""increaseable"": ""true""}",,
already_complete,Existing item_type metadata is correct.,sub_1SFGzhE2kujhweZxYcJoEjnZ,cus_TBeHeAIg8rxkf2,active,si_TBeIxWJCB6AUNv,prod_S2qigSJLyqaK77,Monthly billing for annual inspect fee,price_1R8l1SE2kujhweZxySQB0Ift,1300,cad,inspection_fee,inspection_fee,"{""item_type"": ""inspection_fee""}","{""item_type"": ""inspection_fee""}",{},,
already_complete,Existing item_type metadata is correct.,sub_1SFGtOE2kujhweZxHv5eufak,cus_TBeBaZJDBQnwRA,active,si_TBeBdTlUCqUIpW,prod_SGL3wIAtWYZrQe,Monthly fee for Geothermal Energy Service pursuant to the Residential Energy Service Agreement (DivFern Geothermal Limited Partnership HST#763596962RT0001),price_1TdN9AE2kujhweZxw800fb3Z,19055,cad,monthly_service_fee,monthly_service_fee,"{""item_type"": ""monthly_service_fee""}","{""item_type"": ""monthly_service_fee""}","{""increaseable"": ""true""}",,
already_complete,Existing item_type metadata is correct.,sub_1SFGtOE2kujhweZxHv5eufak,cus_TBeBaZJDBQnwRA,active,si_TBeBsFJTNX0PKO,prod_S2qigSJLyqaK77,Monthly billing for annual inspect fee,price_1R8l1SE2kujhweZxySQB0Ift,1300,cad,inspection_fee,inspection_fee,"{""item_type"": ""inspection_fee""}","{""item_type"": ""inspection_fee""}",{},,
already_complete,Existing item_type metadata is correct.,sub_1SFGiVE2kujhweZx2lybzmin,cus_TBe0jT9tIw9UXR,active,si_TBe06HJWwsXanO,prod_T3i2UsrBI3HC7J,Monthly fee for Geothermal Energy Service pursuant to the Residential Energy Service Agreement (DivFern Geothermal Limited Partnership HST#763596962RT0001)252607,price_1TdN9BE2kujhweZxD7OKvVQw,15656,cad,monthly_service_fee,monthly_service_fee,"{""item_type"": ""monthly_service_fee""}","{""item_type"": ""monthly_service_fee""}","{""increaseable"": ""true""}",,
already_complete,Existing item_type metadata is correct.,sub_1SFGiVE2kujhweZx2lybzmin,cus_TBe0jT9tIw9UXR,active,si_TBe0fho5pOvIgc,prod_S2qigSJLyqaK77,Monthly billing for annual inspect fee,price_1R8l1SE2kujhweZxySQB0Ift,1300,cad,inspection_fee,inspection_fee,"{""item_type"": ""inspection_fee""}","{""item_type"": ""inspection_fee""}",{},,
already_complete,Existing item_type metadata is correct.,sub_1SFGb2E2kujhweZx3d1Y8qD8,cus_TBdsVRZwT2wwdW,active,si_TBdsPh2nMqjGmw,prod_T3i2UsrBI3HC7J,Monthly fee for Geothermal Energy Service pursuant to the Residential Energy Service Agreement (DivFern Geothermal Limited Partnership HST#763596962RT0001)252607,price_1TdN9DE2kujhweZxyqlAo2JF,15656,cad,monthly_service_fee,monthly_service_fee,"{""item_type"": ""monthly_service_fee""}","{""item_type"": ""monthly_service_fee""}","{""increaseable"": ""true""}",,
already_complete,Existing item_type metadata is correct.,sub_1SFGb2E2kujhweZx3d1Y8qD8,cus_TBdsVRZwT2wwdW,active,si_TBdsMZ6LYnns1P,prod_S2qigSJLyqaK77,Monthly billing for annual inspect fee,price_1R8l1SE2kujhweZxySQB0Ift,1300,cad,inspection_fee,inspection_fee,"{""item_type"": ""inspection_fee""}","{""item_type"": ""inspection_fee""}",{},,
already_complete,Existing item_type metadata is correct.,sub_1SFGS4E2kujhweZxbi8qNr1a,cus_TBdjB25QSTzuSz,active,si_TBdj3MBGy0MHF4,prod_S2qkTpFKH47tXd,Monthly fee for Geothermal Energy Service pursuant to the Residential Energy Service Agreement (DivFern Geothermal Limited Partnership HST#763596962RT0001),price_1TdN9FE2kujhweZxLgtBK2cs,14214,cad,monthly_service_fee,monthly_service_fee,"{""item_type"": ""monthly_service_fee""}","{""item_type"": ""monthly_service_fee""}","{""increaseable"": ""true""}",,
already_complete,Existing item_type metadata is correct.,sub_1SFGS4E2kujhweZxbi8qNr1a,cus_TBdjB25QSTzuSz,active,si_TBdjRlfcCmI2a7,prod_S2qigSJLyqaK77,Monthly billing for annual inspect fee,price_1R8l1SE2kujhweZxySQB0Ift,1300,cad,inspection_fee,inspection_fee,"{""item_type"": ""inspection_fee""}","{""item_type"": ""inspection_fee""}",{},,
already_complete,Existing item_type metadata is correct.,sub_1SCiWbE2kujhweZxeFup2cza,cus_QPlkakagCgP1rI,active,si_T90XWHnTG4WfRp,prod_QRb4nqXhaz7pMn,Monthly billing for annual inspect fee,price_1PahsjE2kujhweZxZUnm9a53,1400,cad,inspection_fee,inspection_fee,"{""item_type"": ""inspection_fee""}","{""item_type"": ""inspection_fee""}",{},,
already_complete,Existing item_type metadata is correct.,sub_1SCiWbE2kujhweZxeFup2cza,cus_QPlkakagCgP1rI,active,si_T90X2e6KmoHst8,prod_T3i3NHpWUctpfs,Monthly fee for Geothermal Energy Service pursuant to the Residential Energy Service Agreement (DivFern Geothermal Limited Partnership HST#763596962RT0001)252608,price_1TdN9HE2kujhweZxMAeCaw8s,9866,cad,monthly_service_fee,monthly_service_fee,"{""item_type"": ""monthly_service_fee""}","{""item_type"": ""monthly_service_fee""}","{""increaseable"": ""true""}",,
already_complete,Existing item_type metadata is correct.,sub_1SBljAE2kujhweZxUdW04JKn,cus_SLeIHZFtv8AOIg,active,si_T81mrOYgOeqili,prod_S2qigSJLyqaK77,Monthly billing for annual inspect fee,price_1R8l1SE2kujhweZxySQB0Ift,1300,cad,inspection_fee,inspection_fee,"{""item_type"": ""inspection_fee""}","{""item_type"": ""inspection_fee""}",{},,
already_complete,Existing item_type metadata is correct.,sub_1SBljAE2kujhweZxUdW04JKn,cus_SLeIHZFtv8AOIg,active,si_TEQy2OYq5BpafU,prod_T3hr9TI1e2mbTn,Monthly fee for Geothermal Energy Service pursuant to the Residential Energy Service Agreement (DivFern Geothermal Limited Partnership HST#763596962RT0001)252603,price_1TdN9IE2kujhweZxiF5ztkV2,9654,cad,monthly_service_fee,monthly_service_fee,"{""item_type"": ""monthly_service_fee""}","{""item_type"": ""monthly_service_fee""}","{""increaseable"": ""true""}",,
already_complete,Existing item_type metadata is correct.,sub_1SAERbE2kujhweZxQ1e1qgl5,cus_T6RGOyvtfjoGhR,active,si_T6RK9ojV5wBiIu,prod_SGL3wIAtWYZrQe,Monthly fee for Geothermal Energy Service pursuant to the Residential Energy Service Agreement (DivFern Geothermal Limited Partnership HST#763596962RT0001),price_1TdN9KE2kujhweZxFxaJdXmI,19055,cad,monthly_service_fee,monthly_service_fee,"{""item_type"": ""monthly_service_fee""}","{""item_type"": ""monthly_service_fee""}","{""increaseable"": ""true""}",,
already_complete,Existing item_type metadata is correct.,sub_1SAERbE2kujhweZxQ1e1qgl5,cus_T6RGOyvtfjoGhR,active,si_T6RK9eF7PBMfAB,prod_S2qigSJLyqaK77,Monthly billing for annual inspect fee,price_1R8l1SE2kujhweZxySQB0Ift,1300,cad,inspection_fee,inspection_fee,"{""item_type"": ""inspection_fee""}","{""item_type"": ""inspection_fee""}",{},,
already_complete,Existing item_type metadata is correct.,sub_1SAEDxE2kujhweZx7VmrjsrF,cus_T6R5Rfe42F55BE,active,si_T6R6QYaCxdqotd,prod_SGL3wIAtWYZrQe,Monthly fee for Geothermal Energy Service pursuant to the Residential Energy Service Agreement (DivFern Geothermal Limited Partnership HST#763596962RT0001),price_1TdN9LE2kujhweZxAx0utGVw,19055,cad,monthly_service_fee,monthly_service_fee,"{""item_type"": ""monthly_service_fee""}","{""item_type"": ""monthly_service_fee""}","{""increaseable"": ""true""}",,
already_complete,Existing item_type metadata is correct.,sub_1SAEDxE2kujhweZx7VmrjsrF,cus_T6R5Rfe42F55BE,active,si_T6R6YuWJY9AmFw,prod_S2qigSJLyqaK77,Monthly billing for annual inspect fee,price_1R8l1SE2kujhweZxySQB0Ift,1300,cad,inspection_fee,inspection_fee,"{""item_type"": ""inspection_fee""}","{""item_type"": ""inspection_fee""}",{},,
already_complete,Existing item_type metadata is correct.,sub_1SADsNE2kujhweZxfd1hzSGa,cus_T6QjxyRyCcIPy5,active,si_T6QjxWrL091uy4,prod_S2qk49V2aWNDMh,Monthly fee for Geothermal Energy Service pursuant to the Residential Energy Service Agreement (DivFern Geothermal Limited Partnership HST#763596962RT0001),price_1TdN9NE2kujhweZxNfuU91PM,15656,cad,monthly_service_fee,monthly_service_fee,"{""item_type"": ""monthly_service_fee""}","{""item_type"": ""monthly_service_fee""}","{""increaseable"": ""true""}",,
already_complete,Existing item_type metadata is correct.,sub_1SADsNE2kujhweZxfd1hzSGa,cus_T6QjxyRyCcIPy5,active,si_T6Qj7W3VLye9vu,prod_S2qigSJLyqaK77,Monthly billing for annual inspect fee,price_1R8l1SE2kujhweZxySQB0Ift,1300,cad,inspection_fee,inspection_fee,"{""item_type"": ""inspection_fee""}","{""item_type"": ""inspection_fee""}",{},,
already_complete,Existing item_type metadata is correct.,sub_1SADjvE2kujhweZxbCfBe4vS,cus_T6QayZsqpyHv6V,active,si_T6Qb1DMgpyiYpF,prod_S2qk49V2aWNDMh,Monthly fee for Geothermal Energy Service pursuant to the Residential Energy Service Agreement (DivFern Geothermal Limited Partnership HST#763596962RT0001),price_1TdN9PE2kujhweZx9QrdEPgY,15656,cad,monthly_service_fee,monthly_service_fee,"{""item_type"": ""monthly_service_fee""}","{""item_type"": ""monthly_service_fee""}","{""increaseable"": ""true""}",,
already_complete,Existing item_type metadata is correct.,sub_1SADjvE2kujhweZxbCfBe4vS,cus_T6QayZsqpyHv6V,active,si_T6QbivW7oxb4e9,prod_S2qigSJLyqaK77,Monthly billing for annual inspect fee,price_1R8l1SE2kujhweZxySQB0Ift,1300,cad,inspection_fee,inspection_fee,"{""item_type"": ""inspection_fee""}","{""item_type"": ""inspection_fee""}",{},,
already_complete,Existing item_type metadata is correct.,sub_1SADbpE2kujhweZx7Smz3agh,cus_T6QSn0aRlbZbir,active,si_T6QSGeyoQZkdOj,prod_S2qk49V2aWNDMh,Monthly fee for Geothermal Energy Service pursuant to the Residential Energy Service Agreement (DivFern Geothermal Limited Partnership HST#763596962RT0001),price_1TdN9RE2kujhweZxTr6Z2PAL,15656,cad,monthly_service_fee,monthly_service_fee,"{""item_type"": ""monthly_service_fee""}","{""item_type"": ""monthly_service_fee""}","{""increaseable"": ""true""}",,
already_complete,Existing item_type metadata is correct.,sub_1SADbpE2kujhweZx7Smz3agh,cus_T6QSn0aRlbZbir,active,si_T6QSJBVgbJHvSf,prod_S2qigSJLyqaK77,Monthly billing for annual inspect fee,price_1R8l1SE2kujhweZxySQB0Ift,1300,cad,inspection_fee,inspection_fee,"{""item_type"": ""inspection_fee""}","{""item_type"": ""inspection_fee""}",{},,
already_complete,Existing item_type metadata is correct.,sub_1SADUkE2kujhweZxi8A5EN2u,cus_T6QLv3rk2eRs9P,active,si_T6QL9K9V8tyeif,prod_S2qk49V2aWNDMh,Monthly fee for Geothermal Energy Service pursuant to the Residential Energy Service Agreement (DivFern Geothermal Limited Partnership HST#763596962RT0001),price_1TdN9SE2kujhweZx0SHq6Ydg,15656,cad,monthly_service_fee,monthly_service_fee,"{""item_type"": ""monthly_service_fee""}","{""item_type"": ""monthly_service_fee""}","{""increaseable"": ""true""}",,
already_complete,Existing item_type metadata is correct.,sub_1SADUkE2kujhweZxi8A5EN2u,cus_T6QLv3rk2eRs9P,active,si_T6QLmI2MInI1Dx,prod_S2qigSJLyqaK77,Monthly billing for annual inspect fee,price_1R8l1SE2kujhweZxySQB0Ift,1300,cad,inspection_fee,inspection_fee,"{""item_type"": ""inspection_fee""}","{""item_type"": ""inspection_fee""}",{},,
already_complete,Existing item_type metadata is correct.,sub_1SADLnE2kujhweZxwaHx4gxV,cus_T6QBp7y3tleCOY,active,si_T6QCtg7FhTgrI5,prod_S2qkTpFKH47tXd,Monthly fee for Geothermal Energy Service pursuant to the Residential Energy Service Agreement (DivFern Geothermal Limited Partnership HST#763596962RT0001),price_1TdN9UE2kujhweZxIHSVsnm7,14214,cad,monthly_service_fee,monthly_service_fee,"{""item_type"": ""monthly_service_fee""}","{""item_type"": ""monthly_service_fee""}","{""increaseable"": ""true""}",,
already_complete,Existing item_type metadata is correct.,sub_1SADLnE2kujhweZxwaHx4gxV,cus_T6QBp7y3tleCOY,active,si_T6QChbGo7cCn07,prod_S2qigSJLyqaK77,Monthly billing for annual inspect fee,price_1R8l1SE2kujhweZxySQB0Ift,1300,cad,inspection_fee,inspection_fee,"{""item_type"": ""inspection_fee""}","{""item_type"": ""inspection_fee""}",{},,
already_complete,Existing item_type metadata is correct.,sub_1SAD5nE2kujhweZxB58MZrvR,cus_T6PvA5MOT08FZp,active,si_T6PvLMALwtdlp8,prod_S2qkTpFKH47tXd,Monthly fee for Geothermal Energy Service pursuant to the Residential Energy Service Agreement (DivFern Geothermal Limited Partnership HST#763596962RT0001),price_1TdN9WE2kujhweZxU2VWnZFA,14214,cad,monthly_service_fee,monthly_service_fee,"{""item_type"": ""monthly_service_fee""}","{""item_type"": ""monthly_service_fee""}","{""increaseable"": ""true""}",,
already_complete,Existing item_type metadata is correct.,sub_1SAD5nE2kujhweZxB58MZrvR,cus_T6PvA5MOT08FZp,active,si_T6PvjtmhJhm8vV,prod_S2qigSJLyqaK77,Monthly billing for annual inspect fee,price_1R8l1SE2kujhweZxySQB0Ift,1300,cad,inspection_fee,inspection_fee,"{""item_type"": ""inspection_fee""}","{""item_type"": ""inspection_fee""}",{},,
already_complete,Existing item_type metadata is correct.,sub_1SACvFE2kujhweZxENVPfHOg,cus_T6PkEeZuHjZfc3,active,si_T6Pk5XOyjA9lnc,prod_S2qkTpFKH47tXd,Monthly fee for Geothermal Energy Service pursuant to the Residential Energy Service Agreement (DivFern Geothermal Limited Partnership HST#763596962RT0001),price_1TdN9XE2kujhweZxLGCE7Ouf,14214,cad,monthly_service_fee,monthly_service_fee,"{""item_type"": ""monthly_service_fee""}","{""item_type"": ""monthly_service_fee""}","{""increaseable"": ""true""}",,
already_complete,Existing item_type metadata is correct.,sub_1SACvFE2kujhweZxENVPfHOg,cus_T6PkEeZuHjZfc3,active,si_T6PkUBB1OMFJID,prod_S2qigSJLyqaK77,Monthly billing for annual inspect fee,price_1R8l1SE2kujhweZxySQB0Ift,1300,cad,inspection_fee,inspection_fee,"{""item_type"": ""inspection_fee""}","{""item_type"": ""inspection_fee""}",{},,
already_complete,Existing item_type metadata is correct.,sub_1SACg5E2kujhweZxwJGcil2j,cus_T6PUYXohbPlGfC,active,si_T6PVFI97cKdXFj,prod_S2qkTpFKH47tXd,Monthly fee for Geothermal Energy Service pursuant to the Residential Energy Service Agreement (DivFern Geothermal Limited Partnership HST#763596962RT0001),price_1TdN9ZE2kujhweZxMdJjtSX0,14214,cad,monthly_service_fee,monthly_service_fee,"{""item_type"": ""monthly_service_fee""}","{""item_type"": ""monthly_service_fee""}","{""increaseable"": ""true""}",,
already_complete,Existing item_type metadata is correct.,sub_1SACg5E2kujhweZxwJGcil2j,cus_T6PUYXohbPlGfC,active,si_T6PVgiIwdWjRZ5,prod_S2qigSJLyqaK77,Monthly billing for annual inspect fee,price_1R8l1SE2kujhweZxySQB0Ift,1300,cad,inspection_fee,inspection_fee,"{""item_type"": ""inspection_fee""}","{""item_type"": ""inspection_fee""}",{},,
already_complete,Existing item_type metadata is correct.,sub_1SACWKE2kujhweZxyHi6aCwU,cus_T6PK44wwdwf5jQ,active,si_T6PL6Z9CfQan88,prod_S2qlETkPkX1w9J,Monthly fee for Geothermal Energy Service pursuant to the Residential Energy Service Agreement (DivFern Geothermal Limited Partnership HST#763596962RT0001),price_1TdN9aE2kujhweZxjAZEn4yw,9373,cad,monthly_service_fee,monthly_service_fee,"{""item_type"": ""monthly_service_fee""}","{""item_type"": ""monthly_service_fee""}","{""increaseable"": ""true""}",,
already_complete,Existing item_type metadata is correct.,sub_1SACWKE2kujhweZxyHi6aCwU,cus_T6PK44wwdwf5jQ,active,si_T6PLqHVVeTGKdb,prod_S2qigSJLyqaK77,Monthly billing for annual inspect fee,price_1R8l1SE2kujhweZxySQB0Ift,1300,cad,inspection_fee,inspection_fee,"{""item_type"": ""inspection_fee""}","{""item_type"": ""inspection_fee""}",{},,
already_complete,Existing item_type metadata is correct.,sub_1S83KVE2kujhweZxbjXzesKt,cus_SM2934gPckz2ui,active,si_T4BhdbTKWmIW6r,prod_S2qigSJLyqaK77,Monthly billing for annual inspect fee,price_1R8l1SE2kujhweZxySQB0Ift,1300,cad,inspection_fee,inspection_fee,"{""item_type"": ""inspection_fee""}","{""item_type"": ""inspection_fee""}",{},,
already_complete,Existing item_type metadata is correct.,sub_1S83KVE2kujhweZxbjXzesKt,cus_SM2934gPckz2ui,active,si_TDrc7ozYIYVbJL,prod_T3huGYZEo3XWyg,Monthly fee for Geothermal Energy Service pursuant to the Residential Energy Service Agreement (DivFern Geothermal Limited Partnership HST#763596962RT0001)252604,price_1TdN9cE2kujhweZxMbsSgDnc,14640,cad,monthly_service_fee,monthly_service_fee,"{""item_type"": ""monthly_service_fee""}","{""item_type"": ""monthly_service_fee""}","{""increaseable"": ""true""}",,
already_complete,Existing item_type metadata is correct.,sub_1S59WLE2kujhweZxoOeQwN1Q,cus_T1BrcSptuljD5n,active,si_T1Bu6T3hNURIX5,prod_S2qk49V2aWNDMh,Monthly fee for Geothermal Energy Service pursuant to the Residential Energy Service Agreement (DivFern Geothermal Limited Partnership HST#763596962RT0001),price_1TdN9eE2kujhweZxvbSJw9le,15656,cad,monthly_service_fee,monthly_service_fee,"{""item_type"": ""monthly_service_fee""}","{""item_type"": ""monthly_service_fee""}","{""increaseable"": ""true""}",,
already_complete,Existing item_type metadata is correct.,sub_1S59WLE2kujhweZxoOeQwN1Q,cus_T1BrcSptuljD5n,active,si_T1BuAp8PLn3zI4,prod_S2qigSJLyqaK77,Monthly billing for annual inspect fee,price_1R8l1SE2kujhweZxySQB0Ift,1300,cad,inspection_fee,inspection_fee,"{""item_type"": ""inspection_fee""}","{""item_type"": ""inspection_fee""}",{},,
already_complete,Existing item_type metadata is correct.,sub_1S59BFE2kujhweZxfXUOtZ3b,cus_T1BXGXC6iwPw6j,active,si_T1BY8ofDVnqC0O,prod_S2qk49V2aWNDMh,Monthly fee for Geothermal Energy Service pursuant to the Residential Energy Service Agreement (DivFern Geothermal Limited Partnership HST#763596962RT0001),price_1TdN9gE2kujhweZxjMO5WndN,15656,cad,monthly_service_fee,monthly_service_fee,"{""item_type"": ""monthly_service_fee""}","{""item_type"": ""monthly_service_fee""}","{""increaseable"": ""true""}",,
already_complete,Existing item_type metadata is correct.,sub_1S59BFE2kujhweZxfXUOtZ3b,cus_T1BXGXC6iwPw6j,active,si_T1BY0QIlF8jmMx,prod_S2qigSJLyqaK77,Monthly billing for annual inspect fee,price_1R8l1SE2kujhweZxySQB0Ift,1300,cad,inspection_fee,inspection_fee,"{""item_type"": ""inspection_fee""}","{""item_type"": ""inspection_fee""}",{},,
already_complete,Existing item_type metadata is correct.,sub_1S58ogE2kujhweZxekYlMNNW,cus_T1BAoLgcIykSnO,active,si_T1BBWaIRmQw6tt,prod_S2qk49V2aWNDMh,Monthly fee for Geothermal Energy Service pursuant to the Residential Energy Service Agreement (DivFern Geothermal Limited Partnership HST#763596962RT0001),price_1TdN9hE2kujhweZxAIP4iJDm,15656,cad,monthly_service_fee,monthly_service_fee,"{""item_type"": ""monthly_service_fee""}","{""item_type"": ""monthly_service_fee""}","{""increaseable"": ""true""}",,
already_complete,Existing item_type metadata is correct.,sub_1S58ogE2kujhweZxekYlMNNW,cus_T1BAoLgcIykSnO,active,si_T1BBCXbLs27Pfe,prod_S2qigSJLyqaK77,Monthly billing for annual inspect fee,price_1R8l1SE2kujhweZxySQB0Ift,1300,cad,inspection_fee,inspection_fee,"{""item_type"": ""inspection_fee""}","{""item_type"": ""inspection_fee""}",{},,
already_complete,Existing item_type metadata is correct.,sub_1S58IoE2kujhweZxMSFdB2Tn,cus_T1Ad31saVtw0m5,active,si_T1AeyfmEGPulXZ,prod_S2qk49V2aWNDMh,Monthly fee for Geothermal Energy Service pursuant to the Residential Energy Service Agreement (DivFern Geothermal Limited Partnership HST#763596962RT0001),price_1TdN9jE2kujhweZxEIFahRol,15656,cad,monthly_service_fee,monthly_service_fee,"{""item_type"": ""monthly_service_fee""}","{""item_type"": ""monthly_service_fee""}","{""increaseable"": ""true""}",,
already_complete,Existing item_type metadata is correct.,sub_1S58IoE2kujhweZxMSFdB2Tn,cus_T1Ad31saVtw0m5,active,si_T1AevGeMEH2uz9,prod_S2qigSJLyqaK77,Monthly billing for annual inspect fee,price_1R8l1SE2kujhweZxySQB0Ift,1300,cad,inspection_fee,inspection_fee,"{""item_type"": ""inspection_fee""}","{""item_type"": ""inspection_fee""}",{},,
already_complete,Existing item_type metadata is correct.,sub_1S57nYE2kujhweZxE468Uhp8,cus_T1A7V3rmoF9MnH,active,si_T1A7uSj8FOliOD,prod_S2qigSJLyqaK77,Monthly billing for annual inspect fee,price_1R8l1SE2kujhweZxySQB0Ift,1300,cad,inspection_fee,inspection_fee,"{""item_type"": ""inspection_fee""}","{""item_type"": ""inspection_fee""}",{},,
already_complete,Existing item_type metadata is correct.,sub_1S57nYE2kujhweZxE468Uhp8,cus_T1A7V3rmoF9MnH,active,si_TERBDzcLcQh3Lc,prod_S2qlETkPkX1w9J,Monthly fee for Geothermal Energy Service pursuant to the Residential Energy Service Agreement (DivFern Geothermal Limited Partnership HST#763596962RT0001),price_1TdN9lE2kujhweZxlV0QHg7S,9373,cad,monthly_service_fee,monthly_service_fee,"{""item_type"": ""monthly_service_fee""}","{""item_type"": ""monthly_service_fee""}","{""increaseable"": ""true""}",,
already_complete,Existing item_type metadata is correct.,sub_1S57g9E2kujhweZxiIDLiSHZ,cus_T19zcpRAjahCWb,active,si_T1A0yNhXrtHnXk,prod_S2qigSJLyqaK77,Monthly billing for annual inspect fee,price_1R8l1SE2kujhweZxySQB0Ift,1300,cad,inspection_fee,inspection_fee,"{""item_type"": ""inspection_fee""}","{""item_type"": ""inspection_fee""}",{},,
already_complete,Existing item_type metadata is correct.,sub_1S57g9E2kujhweZxiIDLiSHZ,cus_T19zcpRAjahCWb,active,si_TERAMyMChN9Ux0,prod_S2qlETkPkX1w9J,Monthly fee for Geothermal Energy Service pursuant to the Residential Energy Service Agreement (DivFern Geothermal Limited Partnership HST#763596962RT0001),price_1TdN9nE2kujhweZxm0r49D7t,9373,cad,monthly_service_fee,monthly_service_fee,"{""item_type"": ""monthly_service_fee""}","{""item_type"": ""monthly_service_fee""}","{""increaseable"": ""true""}",,
already_complete,Existing item_type metadata is correct.,sub_1S0ll8E2kujhweZxYDzN65VA,cus_Swf5dxbyDlCNcD,active,si_Swf5oH2XUh2ZwO,prod_S2qlETkPkX1w9J,Monthly fee for Geothermal Energy Service pursuant to the Residential Energy Service Agreement (DivFern Geothermal Limited Partnership HST#763596962RT0001),price_1TdN9qE2kujhweZxYr53Z9Jo,9373,cad,monthly_service_fee,monthly_service_fee,"{""item_type"": ""monthly_service_fee""}","{""item_type"": ""monthly_service_fee""}","{""increaseable"": ""true""}",,
already_complete,Existing item_type metadata is correct.,sub_1S0ll8E2kujhweZxYDzN65VA,cus_Swf5dxbyDlCNcD,active,si_Swf5nX1Fx6bhmU,prod_S2qigSJLyqaK77,Monthly billing for annual inspect fee,price_1R8l1SE2kujhweZxySQB0Ift,1300,cad,inspection_fee,inspection_fee,"{""item_type"": ""inspection_fee""}","{""item_type"": ""inspection_fee""}",{},,
already_complete,Existing item_type metadata is correct.,sub_1S0le6E2kujhweZxn135yt8v,cus_SwexNPBP186vAu,active,si_SweylCRMveJW9F,prod_S2qlETkPkX1w9J,Monthly fee for Geothermal Energy Service pursuant to the Residential Energy Service Agreement (DivFern Geothermal Limited Partnership HST#763596962RT0001),price_1TdN9rE2kujhweZxnYQZM7ej,9373,cad,monthly_service_fee,monthly_service_fee,"{""item_type"": ""monthly_service_fee""}","{""item_type"": ""monthly_service_fee""}","{""increaseable"": ""true""}",,
already_complete,Existing item_type metadata is correct.,sub_1S0le6E2kujhweZxn135yt8v,cus_SwexNPBP186vAu,active,si_Sweyc6ShuRSD0V,prod_S2qigSJLyqaK77,Monthly billing for annual inspect fee,price_1R8l1SE2kujhweZxySQB0Ift,1300,cad,inspection_fee,inspection_fee,"{""item_type"": ""inspection_fee""}","{""item_type"": ""inspection_fee""}",{},,
already_complete,Existing item_type metadata is correct.,sub_1S0lQAE2kujhweZxXRvshppR,cus_SwejflGyRgH1fO,active,si_SwejV9BeiQo9ks,prod_S2qlETkPkX1w9J,Monthly fee for Geothermal Energy Service pursuant to the Residential Energy Service Agreement (DivFern Geothermal Limited Partnership HST#763596962RT0001),price_1TdN9tE2kujhweZxXUXudymN,9373,cad,monthly_service_fee,monthly_service_fee,"{""item_type"": ""monthly_service_fee""}","{""item_type"": ""monthly_service_fee""}","{""increaseable"": ""true""}",,
already_complete,Existing item_type metadata is correct.,sub_1S0lQAE2kujhweZxXRvshppR,cus_SwejflGyRgH1fO,active,si_SwejaWjTrTErAn,prod_S2qigSJLyqaK77,Monthly billing for annual inspect fee,price_1R8l1SE2kujhweZxySQB0Ift,1300,cad,inspection_fee,inspection_fee,"{""item_type"": ""inspection_fee""}","{""item_type"": ""inspection_fee""}",{},,
already_complete,Existing item_type metadata is correct.,sub_1S0lIgE2kujhweZxPsBemMAh,cus_SwebGBZDYr3k46,active,si_SwebOGN99asTWi,prod_S2qlETkPkX1w9J,Monthly fee for Geothermal Energy Service pursuant to the Residential Energy Service Agreement (DivFern Geothermal Limited Partnership HST#763596962RT0001),price_1TdN9uE2kujhweZxLa1RIXMa,9373,cad,monthly_service_fee,monthly_service_fee,"{""item_type"": ""monthly_service_fee""}","{""item_type"": ""monthly_service_fee""}","{""increaseable"": ""true""}",,
already_complete,Existing item_type metadata is correct.,sub_1S0lIgE2kujhweZxPsBemMAh,cus_SwebGBZDYr3k46,active,si_SwebWZBRYs3qqw,prod_S2qigSJLyqaK77,Monthly billing for annual inspect fee,price_1R8l1SE2kujhweZxySQB0Ift,1300,cad,inspection_fee,inspection_fee,"{""item_type"": ""inspection_fee""}","{""item_type"": ""inspection_fee""}",{},,
already_complete,Existing item_type metadata is correct.,sub_1S0l5gE2kujhweZxV2nbauIM,cus_SweOyxCgcSd1V5,active,si_SweOtkIP9c84Cq,prod_S2qlETkPkX1w9J,Monthly fee for Geothermal Energy Service pursuant to the Residential Energy Service Agreement (DivFern Geothermal Limited Partnership HST#763596962RT0001),price_1TdN9wE2kujhweZxH7DsRbuU,9373,cad,monthly_service_fee,monthly_service_fee,"{""item_type"": ""monthly_service_fee""}","{""item_type"": ""monthly_service_fee""}","{""increaseable"": ""true""}",,
already_complete,Existing item_type metadata is correct.,sub_1S0l5gE2kujhweZxV2nbauIM,cus_SweOyxCgcSd1V5,active,si_SweOueRp7lmTNC,prod_S2qigSJLyqaK77,Monthly billing for annual inspect fee,price_1R8l1SE2kujhweZxySQB0Ift,1300,cad,inspection_fee,inspection_fee,"{""item_type"": ""inspection_fee""}","{""item_type"": ""inspection_fee""}",{},,
already_complete,Existing item_type metadata is correct.,sub_1S0kxUE2kujhweZxl1LbYYtO,cus_SweFZqv7CzREAz,active,si_SweGySQxuIpYL4,prod_S2qkTpFKH47tXd,Monthly fee for Geothermal Energy Service pursuant to the Residential Energy Service Agreement (DivFern Geothermal Limited Partnership HST#763596962RT0001),price_1TdN9yE2kujhweZxniAHGVFF,14214,cad,monthly_service_fee,monthly_service_fee,"{""item_type"": ""monthly_service_fee""}","{""item_type"": ""monthly_service_fee""}","{""increaseable"": ""true""}",,
already_complete,Existing item_type metadata is correct.,sub_1S0kxUE2kujhweZxl1LbYYtO,cus_SweFZqv7CzREAz,active,si_SweGpMAacLdw1f,prod_S2qigSJLyqaK77,Monthly billing for annual inspect fee,price_1R8l1SE2kujhweZxySQB0Ift,1300,cad,inspection_fee,inspection_fee,"{""item_type"": ""inspection_fee""}","{""item_type"": ""inspection_fee""}",{},,
already_complete,Existing item_type metadata is correct.,sub_1S0kfxE2kujhweZxL9d4AH3H,cus_SwdxCk8z1vLjWU,active,si_SwdxHv35xYsvPd,prod_S2qkTpFKH47tXd,Monthly fee for Geothermal Energy Service pursuant to the Residential Energy Service Agreement (DivFern Geothermal Limited Partnership HST#763596962RT0001),price_1TdN9zE2kujhweZxeg2M4HTX,14214,cad,monthly_service_fee,monthly_service_fee,"{""item_type"": ""monthly_service_fee""}","{""item_type"": ""monthly_service_fee""}","{""increaseable"": ""true""}",,
already_complete,Existing item_type metadata is correct.,sub_1S0kfxE2kujhweZxL9d4AH3H,cus_SwdxCk8z1vLjWU,active,si_SwdxdLK8EZDooN,prod_S2qigSJLyqaK77,Monthly billing for annual inspect fee,price_1R8l1SE2kujhweZxySQB0Ift,1300,cad,inspection_fee,inspection_fee,"{""item_type"": ""inspection_fee""}","{""item_type"": ""inspection_fee""}",{},,
already_complete,Existing item_type metadata is correct.,sub_1S0kUOE2kujhweZxGN2JpOqp,cus_SwdjdqJXqVBO8W,active,si_SwdlZulmEEV4vK,prod_S2qkTpFKH47tXd,Monthly fee for Geothermal Energy Service pursuant to the Residential Energy Service Agreement (DivFern Geothermal Limited Partnership HST#763596962RT0001),price_1TdilEE2kujhweZxiwjcu4OK,14214,cad,monthly_service_fee,monthly_service_fee,"{""item_type"": ""monthly_service_fee""}","{""item_type"": ""monthly_service_fee""}","{""increaseable"": ""true""}",,
already_complete,Existing item_type metadata is correct.,sub_1S0kUOE2kujhweZxGN2JpOqp,cus_SwdjdqJXqVBO8W,active,si_SwdlbheuRFI8uy,prod_S2qigSJLyqaK77,Monthly billing for annual inspect fee,price_1R8l1SE2kujhweZxySQB0Ift,1300,cad,inspection_fee,inspection_fee,"{""item_type"": ""inspection_fee""}","{""item_type"": ""inspection_fee""}",{},,
already_complete,Existing item_type metadata is correct.,sub_1S0kCkE2kujhweZx3lKUOEIf,cus_SwdSVaNafAEyfZ,active,si_SwdTOuKglnTCKz,prod_S2qk49V2aWNDMh,Monthly fee for Geothermal Energy Service pursuant to the Residential Energy Service Agreement (DivFern Geothermal Limited Partnership HST#763596962RT0001),price_1TdNA1E2kujhweZxcnSjPXAR,15656,cad,monthly_service_fee,monthly_service_fee,"{""item_type"": ""monthly_service_fee""}","{""item_type"": ""monthly_service_fee""}","{""increaseable"": ""true""}",,
already_complete,Existing item_type metadata is correct.,sub_1S0kCkE2kujhweZx3lKUOEIf,cus_SwdSVaNafAEyfZ,active,si_SwdTUbp0mT68db,prod_S2qigSJLyqaK77,Monthly billing for annual inspect fee,price_1R8l1SE2kujhweZxySQB0Ift,1300,cad,inspection_fee,inspection_fee,"{""item_type"": ""inspection_fee""}","{""item_type"": ""inspection_fee""}",{},,
already_complete,Existing item_type metadata is correct.,sub_1S0jmOE2kujhweZx1si8sJn0,cus_SwcoaqfTWPAWxd,active,si_Swd2zkmUNjaly0,prod_S2qk49V2aWNDMh,Monthly fee for Geothermal Energy Service pursuant to the Residential Energy Service Agreement (DivFern Geothermal Limited Partnership HST#763596962RT0001),price_1TdNA3E2kujhweZxyqyRw7aU,15656,cad,monthly_service_fee,monthly_service_fee,"{""item_type"": ""monthly_service_fee""}","{""item_type"": ""monthly_service_fee""}","{""increaseable"": ""true""}",,
already_complete,Existing item_type metadata is correct.,sub_1S0jmOE2kujhweZx1si8sJn0,cus_SwcoaqfTWPAWxd,active,si_Swd2XVH5enDTfd,prod_S2qigSJLyqaK77,Monthly billing for annual inspect fee,price_1R8l1SE2kujhweZxySQB0Ift,1300,cad,inspection_fee,inspection_fee,"{""item_type"": ""inspection_fee""}","{""item_type"": ""inspection_fee""}",{},,
already_complete,Existing item_type metadata is correct.,sub_1S04t3E2kujhweZxw2RRdmPg,cus_QMPByU1mVALeJq,active,si_T8zfnGaqJVFJBL,prod_T3i4NxACBFJv8p,Monthly fee for Geothermal Energy Service pursuant to the Residential Energy Service Agreement (DivFern Geothermal Limited Partnership HST#763596962RT0001)252609,price_1TdNA4E2kujhweZxwJvyy7N3,9442,cad,monthly_service_fee,monthly_service_fee,"{""item_type"": ""monthly_service_fee""}","{""item_type"": ""monthly_service_fee""}","{""increaseable"": ""true""}",,
already_complete,Existing item_type metadata is correct.,sub_1RvHcEE2kujhweZxxRRBxB7I,cus_SqzavDGc88vsmD,active,si_SqzbiX79k4TaZJ,prod_S2qk49V2aWNDMh,Monthly fee for Geothermal Energy Service pursuant to the Residential Energy Service Agreement (DivFern Geothermal Limited Partnership HST#763596962RT0001),price_1TdNA6E2kujhweZxpU9vGcys,15656,cad,monthly_service_fee,monthly_service_fee,"{""item_type"": ""monthly_service_fee""}","{""item_type"": ""monthly_service_fee""}","{""increaseable"": ""true""}",,
already_complete,Existing item_type metadata is correct.,sub_1RvHcEE2kujhweZxxRRBxB7I,cus_SqzavDGc88vsmD,active,si_Sqzbqi78OLki1b,prod_S2qigSJLyqaK77,Monthly billing for annual inspect fee,price_1R8l1SE2kujhweZxySQB0Ift,1300,cad,inspection_fee,inspection_fee,"{""item_type"": ""inspection_fee""}","{""item_type"": ""inspection_fee""}",{},,
already_complete,Existing item_type metadata is correct.,sub_1RvHWbE2kujhweZxtIJSNvJ1,cus_SqzU3XxZiq79Qg,active,si_SqzVz7Kgn41QC8,prod_S2qk49V2aWNDMh,Monthly fee for Geothermal Energy Service pursuant to the Residential Energy Service Agreement (DivFern Geothermal Limited Partnership HST#763596962RT0001),price_1TdilGE2kujhweZx2Emuch1V,15656,cad,monthly_service_fee,monthly_service_fee,"{""item_type"": ""monthly_service_fee""}","{""item_type"": ""monthly_service_fee""}","{""increaseable"": ""true""}",,
already_complete,Existing item_type metadata is correct.,sub_1RvHWbE2kujhweZxtIJSNvJ1,cus_SqzU3XxZiq79Qg,active,si_SqzVtVV1mkQxBu,prod_S2qigSJLyqaK77,Monthly billing for annual inspect fee,price_1R8l1SE2kujhweZxySQB0Ift,1300,cad,inspection_fee,inspection_fee,"{""item_type"": ""inspection_fee""}","{""item_type"": ""inspection_fee""}",{},,
already_complete,Existing item_type metadata is correct.,sub_1RvHSbE2kujhweZxWhe1XR7r,cus_SqzOPJtLlPxjFq,active,si_SqzRiHRLriRJvh,prod_S2qk49V2aWNDMh,Monthly fee for Geothermal Energy Service pursuant to the Residential Energy Service Agreement (DivFern Geothermal Limited Partnership HST#763596962RT0001),price_1TdNA7E2kujhweZxpnaopyWf,15656,cad,monthly_service_fee,monthly_service_fee,"{""item_type"": ""monthly_service_fee""}","{""item_type"": ""monthly_service_fee""}","{""increaseable"": ""true""}",,
already_complete,Existing item_type metadata is correct.,sub_1RvHSbE2kujhweZxWhe1XR7r,cus_SqzOPJtLlPxjFq,active,si_SqzRZpcDQlZpaS,prod_S2qigSJLyqaK77,Monthly billing for annual inspect fee,price_1R8l1SE2kujhweZxySQB0Ift,1300,cad,inspection_fee,inspection_fee,"{""item_type"": ""inspection_fee""}","{""item_type"": ""inspection_fee""}",{},,
already_complete,Existing item_type metadata is correct.,sub_1RvHFEE2kujhweZxwLQUaGUk,cus_SqzCOH36HTTeXt,active,si_SqzDB2oNgHORJ9,prod_S2qk49V2aWNDMh,Monthly fee for Geothermal Energy Service pursuant to the Residential Energy Service Agreement (DivFern Geothermal Limited Partnership HST#763596962RT0001),price_1TdNA9E2kujhweZxqomyKVN1,15656,cad,monthly_service_fee,monthly_service_fee,"{""item_type"": ""monthly_service_fee""}","{""item_type"": ""monthly_service_fee""}","{""increaseable"": ""true""}",,
already_complete,Existing item_type metadata is correct.,sub_1RvHFEE2kujhweZxwLQUaGUk,cus_SqzCOH36HTTeXt,active,si_SqzD5miJRWBTmi,prod_S2qigSJLyqaK77,Monthly billing for annual inspect fee,price_1R8l1SE2kujhweZxySQB0Ift,1300,cad,inspection_fee,inspection_fee,"{""item_type"": ""inspection_fee""}","{""item_type"": ""inspection_fee""}",{},,
already_complete,Existing item_type metadata is correct.,sub_1RvH4aE2kujhweZx3Cty2CSR,cus_SqyyOT8ylaKNDv,active,si_Sqz2u3OruM8qAg,prod_S2qk49V2aWNDMh,Monthly fee for Geothermal Energy Service pursuant to the Residential Energy Service Agreement (DivFern Geothermal Limited Partnership HST#763596962RT0001),price_1TdNABE2kujhweZxwoRsc9S0,15656,cad,monthly_service_fee,monthly_service_fee,"{""item_type"": ""monthly_service_fee""}","{""item_type"": ""monthly_service_fee""}","{""increaseable"": ""true""}",,
already_complete,Existing item_type metadata is correct.,sub_1RvH4aE2kujhweZx3Cty2CSR,cus_SqyyOT8ylaKNDv,active,si_Sqz27QY0N9Z1E9,prod_S2qigSJLyqaK77,Monthly billing for annual inspect fee,price_1R8l1SE2kujhweZxySQB0Ift,1300,cad,inspection_fee,inspection_fee,"{""item_type"": ""inspection_fee""}","{""item_type"": ""inspection_fee""}",{},,
already_complete,Existing item_type metadata is correct.,sub_1Rr4dLE2kujhweZxN1jsuxFs,cus_SmdtpVVVGrIH4e,active,si_SmdvdVkV7Qya8W,prod_S2qigSJLyqaK77,Monthly billing for annual inspect fee,price_1R8l1SE2kujhweZxySQB0Ift,1300,cad,inspection_fee,inspection_fee,"{""item_type"": ""inspection_fee""}","{""item_type"": ""inspection_fee""}",{},,
already_complete,Existing item_type metadata is correct.,sub_1Rr4dLE2kujhweZxN1jsuxFs,cus_SmdtpVVVGrIH4e,active,si_Smdve4VRc0KJ4W,prod_S2qk49V2aWNDMh,Monthly fee for Geothermal Energy Service pursuant to the Residential Energy Service Agreement (DivFern Geothermal Limited Partnership HST#763596962RT0001),price_1TdNADE2kujhweZx8vZDgemn,15656,cad,monthly_service_fee,monthly_service_fee,"{""item_type"": ""monthly_service_fee""}","{""item_type"": ""monthly_service_fee""}","{""increaseable"": ""true""}",,
already_complete,Existing item_type metadata is correct.,sub_1Rr4ZyE2kujhweZx9zi5li3e,cus_SmdqE4QPmcFIbN,active,si_SmdrcIte29iJKK,prod_S2qigSJLyqaK77,Monthly billing for annual inspect fee,price_1R8l1SE2kujhweZxySQB0Ift,1300,cad,inspection_fee,inspection_fee,"{""item_type"": ""inspection_fee""}","{""item_type"": ""inspection_fee""}",{},,
already_complete,Existing item_type metadata is correct.,sub_1Rr4ZyE2kujhweZx9zi5li3e,cus_SmdqE4QPmcFIbN,active,si_SmdrO95hF9K38I,prod_S2qlETkPkX1w9J,Monthly fee for Geothermal Energy Service pursuant to the Residential Energy Service Agreement (DivFern Geothermal Limited Partnership HST#763596962RT0001),price_1TdNAEE2kujhweZxgRXvZnUb,9373,cad,monthly_service_fee,monthly_service_fee,"{""item_type"": ""monthly_service_fee""}","{""item_type"": ""monthly_service_fee""}","{""increaseable"": ""true""}",,
already_complete,Existing item_type metadata is correct.,sub_1Rr4WmE2kujhweZxySVRn5nL,cus_SmdnO8Hfv2FAgV,active,si_SmdoHiAyMIFkme,prod_S2qigSJLyqaK77,Monthly billing for annual inspect fee,price_1R8l1SE2kujhweZxySQB0Ift,1300,cad,inspection_fee,inspection_fee,"{""item_type"": ""inspection_fee""}","{""item_type"": ""inspection_fee""}",{},,
already_complete,Existing item_type metadata is correct.,sub_1Rr4WmE2kujhweZxySVRn5nL,cus_SmdnO8Hfv2FAgV,active,si_SmdoIKmhHQGsr2,prod_S2qlETkPkX1w9J,Monthly fee for Geothermal Energy Service pursuant to the Residential Energy Service Agreement (DivFern Geothermal Limited Partnership HST#763596962RT0001),price_1TdNAGE2kujhweZxogOCjnK8,9373,cad,monthly_service_fee,monthly_service_fee,"{""item_type"": ""monthly_service_fee""}","{""item_type"": ""monthly_service_fee""}","{""increaseable"": ""true""}",,
already_complete,Existing item_type metadata is correct.,sub_1Rr4W9E2kujhweZxBiPr51iJ,cus_SmdY7Rt66PgUGe,active,si_Smdn70sgppG4Z3,prod_S2qigSJLyqaK77,Monthly billing for annual inspect fee,price_1R8l1SE2kujhweZxySQB0Ift,1300,cad,inspection_fee,inspection_fee,"{""item_type"": ""inspection_fee""}","{""item_type"": ""inspection_fee""}",{},,
already_complete,Existing item_type metadata is correct.,sub_1Rr4W9E2kujhweZxBiPr51iJ,cus_SmdY7Rt66PgUGe,active,si_Smdng8VS0FR6os,prod_S2qlETkPkX1w9J,Monthly fee for Geothermal Energy Service pursuant to the Residential Energy Service Agreement (DivFern Geothermal Limited Partnership HST#763596962RT0001),price_1TdilIE2kujhweZx8m8IbqAE,9373,cad,monthly_service_fee,monthly_service_fee,"{""item_type"": ""monthly_service_fee""}","{""item_type"": ""monthly_service_fee""}","{""increaseable"": ""true""}",,
already_complete,Existing item_type metadata is correct.,sub_1RnkDOE2kujhweZxIlexgYi4,cus_SjCX8SbS85YeWj,active,si_SjCcsZ2E5J9zG3,prod_S2qk49V2aWNDMh,Monthly fee for Geothermal Energy Service pursuant to the Residential Energy Service Agreement (DivFern Geothermal Limited Partnership HST#763596962RT0001),price_1TdilJE2kujhweZxWtovANcw,15656,cad,monthly_service_fee,monthly_service_fee,"{""item_type"": ""monthly_service_fee""}","{""item_type"": ""monthly_service_fee""}","{""increaseable"": ""true""}",,
already_complete,Existing item_type metadata is correct.,sub_1RnkDOE2kujhweZxIlexgYi4,cus_SjCX8SbS85YeWj,active,si_SjCcaAFH3gwUDb,prod_S2qigSJLyqaK77,Monthly billing for annual inspect fee,price_1R8l1SE2kujhweZxySQB0Ift,1300,cad,inspection_fee,inspection_fee,"{""item_type"": ""inspection_fee""}","{""item_type"": ""inspection_fee""}",{},,
already_complete,Existing item_type metadata is correct.,sub_1RnjTIE2kujhweZxWYibiVtN,cus_SjBppcwIh1IoyY,active,si_SjBrWZ5f08rMvU,prod_S2qkTpFKH47tXd,Monthly fee for Geothermal Energy Service pursuant to the Residential Energy Service Agreement (DivFern Geothermal Limited Partnership HST#763596962RT0001),price_1TdNAJE2kujhweZxaKf4ERNs,14214,cad,monthly_service_fee,monthly_service_fee,"{""item_type"": ""monthly_service_fee""}","{""item_type"": ""monthly_service_fee""}","{""increaseable"": ""true""}",,
already_complete,Existing item_type metadata is correct.,sub_1RnjTIE2kujhweZxWYibiVtN,cus_SjBppcwIh1IoyY,active,si_SjBr8lxfBSOClJ,prod_S2qigSJLyqaK77,Monthly billing for annual inspect fee,price_1R8l1SE2kujhweZxySQB0Ift,1300,cad,inspection_fee,inspection_fee,"{""item_type"": ""inspection_fee""}","{""item_type"": ""inspection_fee""}",{},,
already_complete,Existing item_type metadata is correct.,sub_1RnjMDE2kujhweZxePCuxgj7,cus_SjBis97ZknYPNZ,active,si_SjBjghJpVGmEnF,prod_S2qkTpFKH47tXd,Monthly fee for Geothermal Energy Service pursuant to the Residential Energy Service Agreement (DivFern Geothermal Limited Partnership HST#763596962RT0001),price_1TdNAKE2kujhweZxQ7kI1ZHB,14214,cad,monthly_service_fee,monthly_service_fee,"{""item_type"": ""monthly_service_fee""}","{""item_type"": ""monthly_service_fee""}","{""increaseable"": ""true""}",,
already_complete,Existing item_type metadata is correct.,sub_1RnjMDE2kujhweZxePCuxgj7,cus_SjBis97ZknYPNZ,active,si_SjBjUyc9BEf3gt,prod_S2qigSJLyqaK77,Monthly billing for annual inspect fee,price_1R8l1SE2kujhweZxySQB0Ift,1300,cad,inspection_fee,inspection_fee,"{""item_type"": ""inspection_fee""}","{""item_type"": ""inspection_fee""}",{},,
already_complete,Existing item_type metadata is correct.,sub_1RnjE8E2kujhweZxoLaMuCMX,cus_SjBaKHN6ao91Pf,active,si_SjBbFlf4cw0dKF,prod_S2qlETkPkX1w9J,Monthly fee for Geothermal Energy Service pursuant to the Residential Energy Service Agreement (DivFern Geothermal Limited Partnership HST#763596962RT0001),price_1TdNAME2kujhweZxWBpqFWiq,9373,cad,monthly_service_fee,monthly_service_fee,"{""item_type"": ""monthly_service_fee""}","{""item_type"": ""monthly_service_fee""}","{""increaseable"": ""true""}",,
already_complete,Existing item_type metadata is correct.,sub_1RnjE8E2kujhweZxoLaMuCMX,cus_SjBaKHN6ao91Pf,active,si_SjBbbZzFoDi0q6,prod_S2qigSJLyqaK77,Monthly billing for annual inspect fee,price_1R8l1SE2kujhweZxySQB0Ift,1300,cad,inspection_fee,inspection_fee,"{""item_type"": ""inspection_fee""}","{""item_type"": ""inspection_fee""}",{},,
already_complete,Existing item_type metadata is correct.,sub_1Rnj3DE2kujhweZxurB4zzh8,cus_SjA4a3mTBCazoy,active,si_SjBQouP68NaPjl,prod_S2qk49V2aWNDMh,Monthly fee for Geothermal Energy Service pursuant to the Residential Energy Service Agreement (DivFern Geothermal Limited Partnership HST#763596962RT0001),price_1TdNANE2kujhweZxGbG0pQAE,15656,cad,monthly_service_fee,monthly_service_fee,"{""item_type"": ""monthly_service_fee""}","{""item_type"": ""monthly_service_fee""}","{""increaseable"": ""true""}",,
already_complete,Existing item_type metadata is correct.,sub_1Rnj3DE2kujhweZxurB4zzh8,cus_SjA4a3mTBCazoy,active,si_SjBQF8r2x5M5wR,prod_S2qigSJLyqaK77,Monthly billing for annual inspect fee,price_1R8l1SE2kujhweZxySQB0Ift,1300,cad,inspection_fee,inspection_fee,"{""item_type"": ""inspection_fee""}","{""item_type"": ""inspection_fee""}",{},,
already_complete,Existing item_type metadata is correct.,sub_1Rnj0cE2kujhweZxPpHx7nHF,cus_SjA2TkyG97lsls,active,si_SjBN6ZrWEhT4Zw,prod_S2qk49V2aWNDMh,Monthly fee for Geothermal Energy Service pursuant to the Residential Energy Service Agreement (DivFern Geothermal Limited Partnership HST#763596962RT0001),price_1TdNAPE2kujhweZxHO6caiKJ,15656,cad,monthly_service_fee,monthly_service_fee,"{""item_type"": ""monthly_service_fee""}","{""item_type"": ""monthly_service_fee""}","{""increaseable"": ""true""}",,
already_complete,Existing item_type metadata is correct.,sub_1Rnj0cE2kujhweZxPpHx7nHF,cus_SjA2TkyG97lsls,active,si_SjBNHwxQ36Cp39,prod_S2qigSJLyqaK77,Monthly billing for annual inspect fee,price_1R8l1SE2kujhweZxySQB0Ift,1300,cad,inspection_fee,inspection_fee,"{""item_type"": ""inspection_fee""}","{""item_type"": ""inspection_fee""}",{},,
already_complete,Existing item_type metadata is correct.,sub_1Rniy7E2kujhweZxh9PgHNEK,cus_SjA0KYSGZVsZbd,active,si_SjBKgxAnQd5KVj,prod_S2qk49V2aWNDMh,Monthly fee for Geothermal Energy Service pursuant to the Residential Energy Service Agreement (DivFern Geothermal Limited Partnership HST#763596962RT0001),price_1TdNARE2kujhweZxBHM35eT5,15656,cad,monthly_service_fee,monthly_service_fee,"{""item_type"": ""monthly_service_fee""}","{""item_type"": ""monthly_service_fee""}","{""increaseable"": ""true""}",,
already_complete,Existing item_type metadata is correct.,sub_1Rniy7E2kujhweZxh9PgHNEK,cus_SjA0KYSGZVsZbd,active,si_SjBKz80kGh7KU3,prod_S2qigSJLyqaK77,Monthly billing for annual inspect fee,price_1R8l1SE2kujhweZxySQB0Ift,1300,cad,inspection_fee,inspection_fee,"{""item_type"": ""inspection_fee""}","{""item_type"": ""inspection_fee""}",{},,
already_complete,Existing item_type metadata is correct.,sub_1RniskE2kujhweZxntQqz8a5,cus_Sj9ygp5ndRi9M0,active,si_SjBF3B0Y0T3cYm,prod_S2qk49V2aWNDMh,Monthly fee for Geothermal Energy Service pursuant to the Residential Energy Service Agreement (DivFern Geothermal Limited Partnership HST#763596962RT0001),price_1TdNATE2kujhweZxnQVzTvnN,15656,cad,monthly_service_fee,monthly_service_fee,"{""item_type"": ""monthly_service_fee""}","{""item_type"": ""monthly_service_fee""}","{""increaseable"": ""true""}",,
already_complete,Existing item_type metadata is correct.,sub_1RniskE2kujhweZxntQqz8a5,cus_Sj9ygp5ndRi9M0,active,si_SjBFfAU2fQrVFY,prod_S2qigSJLyqaK77,Monthly billing for annual inspect fee,price_1R8l1SE2kujhweZxySQB0Ift,1300,cad,inspection_fee,inspection_fee,"{""item_type"": ""inspection_fee""}","{""item_type"": ""inspection_fee""}",{},,
already_complete,Existing item_type metadata is correct.,sub_1RnidcE2kujhweZxg814RmO2,cus_Sj9vrh44SN8GSi,active,si_SjAzhV9GHMr6As,prod_S2qk49V2aWNDMh,Monthly fee for Geothermal Energy Service pursuant to the Residential Energy Service Agreement (DivFern Geothermal Limited Partnership HST#763596962RT0001),price_1TdNAUE2kujhweZxLcumc2QX,15656,cad,monthly_service_fee,monthly_service_fee,"{""item_type"": ""monthly_service_fee""}","{""item_type"": ""monthly_service_fee""}","{""increaseable"": ""true""}",,
already_complete,Existing item_type metadata is correct.,sub_1RnidcE2kujhweZxg814RmO2,cus_Sj9vrh44SN8GSi,active,si_SjAzTnDMPZxHV1,prod_S2qigSJLyqaK77,Monthly billing for annual inspect fee,price_1R8l1SE2kujhweZxySQB0Ift,1300,cad,inspection_fee,inspection_fee,"{""item_type"": ""inspection_fee""}","{""item_type"": ""inspection_fee""}",{},,
already_complete,Existing item_type metadata is correct.,sub_1RniXGE2kujhweZxrAa5LjW1,cus_Sj9u37rYwaGqAV,active,si_SjAt4ogmAPX6c3,prod_S2qk49V2aWNDMh,Monthly fee for Geothermal Energy Service pursuant to the Residential Energy Service Agreement (DivFern Geothermal Limited Partnership HST#763596962RT0001),price_1TdNAWE2kujhweZxWVIE094u,15656,cad,monthly_service_fee,monthly_service_fee,"{""item_type"": ""monthly_service_fee""}","{""item_type"": ""monthly_service_fee""}","{""increaseable"": ""true""}",,
already_complete,Existing item_type metadata is correct.,sub_1RniXGE2kujhweZxrAa5LjW1,cus_Sj9u37rYwaGqAV,active,si_SjAtq2ZLTLe2n6,prod_S2qigSJLyqaK77,Monthly billing for annual inspect fee,price_1R8l1SE2kujhweZxySQB0Ift,1300,cad,inspection_fee,inspection_fee,"{""item_type"": ""inspection_fee""}","{""item_type"": ""inspection_fee""}",{},,
already_complete,Existing item_type metadata is correct.,sub_1Rni3eE2kujhweZxrL8eIeXP,cus_Sj9s4iBq0XxWIM,active,si_SjAOE9EBn9PnG2,prod_S2qkTpFKH47tXd,Monthly fee for Geothermal Energy Service pursuant to the Residential Energy Service Agreement (DivFern Geothermal Limited Partnership HST#763596962RT0001),price_1TdNAYE2kujhweZxAc9J4psd,14214,cad,monthly_service_fee,monthly_service_fee,"{""item_type"": ""monthly_service_fee""}","{""item_type"": ""monthly_service_fee""}","{""increaseable"": ""true""}",,
already_complete,Existing item_type metadata is correct.,sub_1Rni3eE2kujhweZxrL8eIeXP,cus_Sj9s4iBq0XxWIM,active,si_SjAOU1JTKsLTb8,prod_S2qigSJLyqaK77,Monthly billing for annual inspect fee,price_1R8l1SE2kujhweZxySQB0Ift,1300,cad,inspection_fee,inspection_fee,"{""item_type"": ""inspection_fee""}","{""item_type"": ""inspection_fee""}",{},,
already_complete,Existing item_type metadata is correct.,sub_1RgHqwE2kujhweZx3T9AQcr2,cus_RKMOiLmIrjh1H2,active,si_SbUqAFa4lBREQP,prod_QRb4nqXhaz7pMn,Monthly billing for annual inspect fee,price_1PahsjE2kujhweZxZUnm9a53,1400,cad,inspection_fee,inspection_fee,"{""item_type"": ""inspection_fee""}","{""item_type"": ""inspection_fee""}",{},,
already_complete,Existing item_type metadata is correct.,sub_1RgHqwE2kujhweZx3T9AQcr2,cus_RKMOiLmIrjh1H2,active,si_T8zfhQ3voV2jbn,prod_T3i7mDxTaNyb3T,Monthly fee for Geothermal Energy Service pursuant to the Residential Energy Service Agreement (DivFern Geothermal Limited Partnership HST#763596962RT0001)2526010,price_1TdilLE2kujhweZxGEKOLqRf,9336,cad,monthly_service_fee,monthly_service_fee,"{""item_type"": ""monthly_service_fee""}","{""item_type"": ""monthly_service_fee""}","{""increaseable"": ""true""}",,
already_complete,Existing item_type metadata is correct.,sub_1RfioEE2kujhweZxNAnK7lAt,cus_SaubLFjsgYbIO4,active,si_SaudRXsvw0m5Bu,prod_S2qigSJLyqaK77,Monthly billing for annual inspect fee,price_1R8l1SE2kujhweZxySQB0Ift,1300,cad,inspection_fee,inspection_fee,"{""item_type"": ""inspection_fee""}","{""item_type"": ""inspection_fee""}",{},,
already_complete,Existing item_type metadata is correct.,sub_1RfioEE2kujhweZxNAnK7lAt,cus_SaubLFjsgYbIO4,active,si_SaudNOY047TQOB,prod_S2qkTpFKH47tXd,Monthly fee for Geothermal Energy Service pursuant to the Residential Energy Service Agreement (DivFern Geothermal Limited Partnership HST#763596962RT0001),price_1TdNAaE2kujhweZxe8Ovi2A1,14214,cad,monthly_service_fee,monthly_service_fee,"{""item_type"": ""monthly_service_fee""}","{""item_type"": ""monthly_service_fee""}","{""increaseable"": ""true""}",,
already_complete,Existing item_type metadata is correct.,sub_1Rfi6aE2kujhweZxJQ86E9k9,cus_SatqZhwmUX7zDi,active,si_SatusIgSRmcREm,prod_S2qkTpFKH47tXd,Monthly fee for Geothermal Energy Service pursuant to the Residential Energy Service Agreement (DivFern Geothermal Limited Partnership HST#763596962RT0001),price_1TdNAcE2kujhweZxylxF1YVr,14214,cad,monthly_service_fee,monthly_service_fee,"{""item_type"": ""monthly_service_fee""}","{""item_type"": ""monthly_service_fee""}","{""increaseable"": ""true""}",,
already_complete,Existing item_type metadata is correct.,sub_1Rfi6aE2kujhweZxJQ86E9k9,cus_SatqZhwmUX7zDi,active,si_Satusdssq2Qnhi,prod_S2qigSJLyqaK77,Monthly billing for annual inspect fee,price_1R8l1SE2kujhweZxySQB0Ift,1300,cad,inspection_fee,inspection_fee,"{""item_type"": ""inspection_fee""}","{""item_type"": ""inspection_fee""}",{},,
already_complete,Existing item_type metadata is correct.,sub_1RfCQGE2kujhweZx75EnQJv2,cus_R7VBBDawGXgFKK,active,si_SaNAuPdtzB5tG4,prod_QRb4nqXhaz7pMn,Monthly billing for annual inspect fee,price_1PahsjE2kujhweZxZUnm9a53,1400,cad,inspection_fee,inspection_fee,"{""item_type"": ""inspection_fee""}","{""item_type"": ""inspection_fee""}",{},,
already_complete,Existing item_type metadata is correct.,sub_1RfCQGE2kujhweZx75EnQJv2,cus_R7VBBDawGXgFKK,active,si_TJIVbPsvspTqRD,prod_T3i3NHpWUctpfs,Monthly fee for Geothermal Energy Service pursuant to the Residential Energy Service Agreement (DivFern Geothermal Limited Partnership HST#763596962RT0001)252608,price_1TdNAeE2kujhweZxPQmozXzv,9866,cad,monthly_service_fee,monthly_service_fee,"{""item_type"": ""monthly_service_fee""}","{""item_type"": ""monthly_service_fee""}","{""increaseable"": ""true""}",,
already_complete,Existing item_type metadata is correct.,sub_1Rc7XSE2kujhweZxPzhT2qrx,cus_RfG38rnPoBXJqj,active,si_SXBvK7bIVrqe7P,prod_QRb4nqXhaz7pMn,Monthly billing for annual inspect fee,price_1PahsjE2kujhweZxZUnm9a53,1400,cad,inspection_fee,inspection_fee,"{""item_type"": ""inspection_fee""}","{""item_type"": ""inspection_fee""}",{},,
already_complete,Existing item_type metadata is correct.,sub_1Rc7XSE2kujhweZxPzhT2qrx,cus_RfG38rnPoBXJqj,active,si_TER5Us749pltOb,prod_T3i7mDxTaNyb3T,Monthly fee for Geothermal Energy Service pursuant to the Residential Energy Service Agreement (DivFern Geothermal Limited Partnership HST#763596962RT0001)2526010,price_1TdNAgE2kujhweZxJqG3qXUg,9336,cad,monthly_service_fee,monthly_service_fee,"{""item_type"": ""monthly_service_fee""}","{""item_type"": ""monthly_service_fee""}","{""increaseable"": ""true""}",,
already_complete,Existing item_type metadata is correct.,sub_1Rbl6YE2kujhweZxAFqAa2pS,cus_SWoiM3S2vSdRi4,active,si_SWok1o1Unvn2u4,prod_S2qigSJLyqaK77,Monthly billing for annual inspect fee,price_1R8l1SE2kujhweZxySQB0Ift,1300,cad,inspection_fee,inspection_fee,"{""item_type"": ""inspection_fee""}","{""item_type"": ""inspection_fee""}",{},,
already_complete,Existing item_type metadata is correct.,sub_1Rbl6YE2kujhweZxAFqAa2pS,cus_SWoiM3S2vSdRi4,active,si_SWokBfFN43oauY,prod_S2qlETkPkX1w9J,Monthly fee for Geothermal Energy Service pursuant to the Residential Energy Service Agreement (DivFern Geothermal Limited Partnership HST#763596962RT0001),price_1TdNAhE2kujhweZxXxKqKjtD,9373,cad,monthly_service_fee,monthly_service_fee,"{""item_type"": ""monthly_service_fee""}","{""item_type"": ""monthly_service_fee""}","{""increaseable"": ""true""}",,
already_complete,Existing item_type metadata is correct.,sub_1Rbl0KE2kujhweZxjGHV3Uew,cus_SWocJD3Z2LbITp,active,si_SWoddbaZBHSiG1,prod_S2qigSJLyqaK77,Monthly billing for annual inspect fee,price_1R8l1SE2kujhweZxySQB0Ift,1300,cad,inspection_fee,inspection_fee,"{""item_type"": ""inspection_fee""}","{""item_type"": ""inspection_fee""}",{},,
already_complete,Existing item_type metadata is correct.,sub_1Rbl0KE2kujhweZxjGHV3Uew,cus_SWocJD3Z2LbITp,active,si_SWodxVUXdmxFuY,prod_S2qlETkPkX1w9J,Monthly fee for Geothermal Energy Service pursuant to the Residential Energy Service Agreement (DivFern Geothermal Limited Partnership HST#763596962RT0001),price_1TdNAjE2kujhweZxX1sh2YCd,9373,cad,monthly_service_fee,monthly_service_fee,"{""item_type"": ""monthly_service_fee""}","{""item_type"": ""monthly_service_fee""}","{""increaseable"": ""true""}",,
already_complete,Existing item_type metadata is correct.,sub_1RbkluE2kujhweZxYVOsIaQp,cus_SWoNDoLjIqi9qg,active,si_SWoO7c2tnxDMtp,prod_S2qigSJLyqaK77,Monthly billing for annual inspect fee,price_1R8l1SE2kujhweZxySQB0Ift,1300,cad,inspection_fee,inspection_fee,"{""item_type"": ""inspection_fee""}","{""item_type"": ""inspection_fee""}",{},,
already_complete,Existing item_type metadata is correct.,sub_1RbkluE2kujhweZxYVOsIaQp,cus_SWoNDoLjIqi9qg,active,si_SWoOI5nyIpIKJv,prod_S2qlETkPkX1w9J,Monthly fee for Geothermal Energy Service pursuant to the Residential Energy Service Agreement (DivFern Geothermal Limited Partnership HST#763596962RT0001),price_1TdNAlE2kujhweZxwP45kUiK,9373,cad,monthly_service_fee,monthly_service_fee,"{""item_type"": ""monthly_service_fee""}","{""item_type"": ""monthly_service_fee""}","{""increaseable"": ""true""}",,
already_complete,Existing item_type metadata is correct.,sub_1RbiXxE2kujhweZxc8XUg3Ti,cus_SWm3g2VvrVHlVB,active,si_SWm6hULZSDo3aB,prod_QEUM30uqmtf4uu,Monthly fee for Geothermal Energy Service pursuant to the Residential Energy Service Agreement (DivFern Geothermal Limited Partnership HST#763596962RT0001),price_1TdNAmE2kujhweZx4p29ROvq,9064,cad,monthly_service_fee,monthly_service_fee,"{""item_type"": ""monthly_service_fee""}","{""item_type"": ""monthly_service_fee""}","{""increaseable"": ""true""}",,
already_complete,Existing item_type metadata is correct.,sub_1RbiXxE2kujhweZxc8XUg3Ti,cus_SWm3g2VvrVHlVB,active,si_SWm6rZjTtt9H4f,prod_QRb4nqXhaz7pMn,Monthly billing for annual inspect fee,price_1PahsjE2kujhweZxZUnm9a53,1400,cad,inspection_fee,inspection_fee,"{""item_type"": ""inspection_fee""}","{""item_type"": ""inspection_fee""}",{},,
already_complete,Existing item_type metadata is correct.,sub_1RYq3sE2kujhweZx5BzhUeoz,cus_RvmfgsjJtn9Pem,active,si_STnfZQ6aM8SX0S,prod_QRb4nqXhaz7pMn,Monthly billing for annual inspect fee,price_1PahsjE2kujhweZxZUnm9a53,1400,cad,inspection_fee,inspection_fee,"{""item_type"": ""inspection_fee""}","{""item_type"": ""inspection_fee""}",{},,
already_complete,Existing item_type metadata is correct.,sub_1RYq3sE2kujhweZx5BzhUeoz,cus_RvmfgsjJtn9Pem,active,si_T90swvVAB3f3No,prod_T3i7mDxTaNyb3T,Monthly fee for Geothermal Energy Service pursuant to the Residential Energy Service Agreement (DivFern Geothermal Limited Partnership HST#763596962RT0001)2526010,price_1TdilNE2kujhweZxAiMzahFl,9336,cad,monthly_service_fee,monthly_service_fee,"{""item_type"": ""monthly_service_fee""}","{""item_type"": ""monthly_service_fee""}","{""increaseable"": ""true""}",,
already_complete,Existing item_type metadata is correct.,sub_1RYWOgE2kujhweZxg3EhUybL,cus_STTJGhQ5kaenVd,active,si_STTLv8s6l32exN,prod_S2qigSJLyqaK77,Monthly billing for annual inspect fee,price_1R8l1SE2kujhweZxySQB0Ift,1300,cad,inspection_fee,inspection_fee,"{""item_type"": ""inspection_fee""}","{""item_type"": ""inspection_fee""}",{},,
already_complete,Existing item_type metadata is correct.,sub_1RYWOgE2kujhweZxg3EhUybL,cus_STTJGhQ5kaenVd,active,si_STTLLJFwd8gWj5,prod_S2qlETkPkX1w9J,Monthly fee for Geothermal Energy Service pursuant to the Residential Energy Service Agreement (DivFern Geothermal Limited Partnership HST#763596962RT0001),price_1TdNAoE2kujhweZxB1ADw2LR,9373,cad,monthly_service_fee,monthly_service_fee,"{""item_type"": ""monthly_service_fee""}","{""item_type"": ""monthly_service_fee""}","{""increaseable"": ""true""}",,
already_complete,Existing item_type metadata is correct.,sub_1RTmHSE2kujhweZxzbP7bjQn,cus_SOZOVqt5osVM5l,active,si_SOZQt0eG1L9g4R,prod_S2qigSJLyqaK77,Monthly billing for annual inspect fee,price_1R8l1SE2kujhweZxySQB0Ift,1300,cad,inspection_fee,inspection_fee,"{""item_type"": ""inspection_fee""}","{""item_type"": ""inspection_fee""}",{},,
already_complete,Existing item_type metadata is correct.,sub_1RTmHSE2kujhweZxzbP7bjQn,cus_SOZOVqt5osVM5l,active,si_THIWfjvK0I5Nf0,prod_T3hwZee1aVVzp4,Monthly fee for Geothermal Energy Service pursuant to the Residential Energy Service Agreement (DivFern Geothermal Limited Partnership HST#763596962RT0001)252605,price_1TdNAqE2kujhweZxR0487UOe,16126,cad,monthly_service_fee,monthly_service_fee,"{""item_type"": ""monthly_service_fee""}","{""item_type"": ""monthly_service_fee""}","{""increaseable"": ""true""}",,
already_complete,Existing item_type metadata is correct.,sub_1RTmD6E2kujhweZxMQ2NQyJw,cus_SOZLzlz8VGYzaO,active,si_SOZL5MifaD47Eo,prod_S2qigSJLyqaK77,Monthly billing for annual inspect fee,price_1R8l1SE2kujhweZxySQB0Ift,1300,cad,inspection_fee,inspection_fee,"{""item_type"": ""inspection_fee""}","{""item_type"": ""inspection_fee""}",{},,
already_complete,Existing item_type metadata is correct.,sub_1RTmD6E2kujhweZxMQ2NQyJw,cus_SOZLzlz8VGYzaO,active,si_THIWboDmFEFztr,prod_T3hwZee1aVVzp4,Monthly fee for Geothermal Energy Service pursuant to the Residential Energy Service Agreement (DivFern Geothermal Limited Partnership HST#763596962RT0001)252605,price_1TdNAsE2kujhweZxAVhVH3Ev,16126,cad,monthly_service_fee,monthly_service_fee,"{""item_type"": ""monthly_service_fee""}","{""item_type"": ""monthly_service_fee""}","{""increaseable"": ""true""}",,
already_complete,Existing item_type metadata is correct.,sub_1RTm8WE2kujhweZxUePQcFf0,cus_SOZEbOUxM3ju4V,active,si_SOZH0NaSxHqwg0,prod_S2qigSJLyqaK77,Monthly billing for annual inspect fee,price_1R8l1SE2kujhweZxySQB0Ift,1300,cad,inspection_fee,inspection_fee,"{""item_type"": ""inspection_fee""}","{""item_type"": ""inspection_fee""}",{},,
already_complete,Existing item_type metadata is correct.,sub_1RTm8WE2kujhweZxUePQcFf0,cus_SOZEbOUxM3ju4V,active,si_THIZ843zmx2IE2,prod_T3huGYZEo3XWyg,Monthly fee for Geothermal Energy Service pursuant to the Residential Energy Service Agreement (DivFern Geothermal Limited Partnership HST#763596962RT0001)252604,price_1TdNAtE2kujhweZxSk4Cm0mg,14640,cad,monthly_service_fee,monthly_service_fee,"{""item_type"": ""monthly_service_fee""}","{""item_type"": ""monthly_service_fee""}","{""increaseable"": ""true""}",,
already_complete,Existing item_type metadata is correct.,sub_1RTm32E2kujhweZxP7BzUv2r,cus_SOZAH0jciu6zrG,active,si_SOZBBkAOEfH9kG,prod_S2qigSJLyqaK77,Monthly billing for annual inspect fee,price_1R8l1SE2kujhweZxySQB0Ift,1300,cad,inspection_fee,inspection_fee,"{""item_type"": ""inspection_fee""}","{""item_type"": ""inspection_fee""}",{},,
already_complete,Existing item_type metadata is correct.,sub_1RTm32E2kujhweZxP7BzUv2r,cus_SOZAH0jciu6zrG,active,si_TJIB59OlPU01Mb,prod_T3hr9TI1e2mbTn,Monthly fee for Geothermal Energy Service pursuant to the Residential Energy Service Agreement (DivFern Geothermal Limited Partnership HST#763596962RT0001)252603,price_1TdNAvE2kujhweZxfub7RGyV,9654,cad,monthly_service_fee,monthly_service_fee,"{""item_type"": ""monthly_service_fee""}","{""item_type"": ""monthly_service_fee""}","{""increaseable"": ""true""}",,
already_complete,Existing item_type metadata is correct.,sub_1RTly2E2kujhweZxHRXXsek7,cus_SOZ3bZaq639pHm,active,si_SOZ6beyYPwEPPL,prod_S2qigSJLyqaK77,Monthly billing for annual inspect fee,price_1R8l1SE2kujhweZxySQB0Ift,1300,cad,inspection_fee,inspection_fee,"{""item_type"": ""inspection_fee""}","{""item_type"": ""inspection_fee""}",{},,
already_complete,Existing item_type metadata is correct.,sub_1RTly2E2kujhweZxHRXXsek7,cus_SOZ3bZaq639pHm,active,si_TJICdpINjwZg9e,prod_T3hr9TI1e2mbTn,Monthly fee for Geothermal Energy Service pursuant to the Residential Energy Service Agreement (DivFern Geothermal Limited Partnership HST#763596962RT0001)252603,price_1TdNAxE2kujhweZx5sWvLBpf,9654,cad,monthly_service_fee,monthly_service_fee,"{""item_type"": ""monthly_service_fee""}","{""item_type"": ""monthly_service_fee""}","{""increaseable"": ""true""}",,
already_complete,Existing item_type metadata is correct.,sub_1RTlpzE2kujhweZxGjWp2xih,cus_SOYwEisBe9Rqqm,active,si_SOYx0gAjBCmAYk,prod_S2qigSJLyqaK77,Monthly billing for annual inspect fee,price_1R8l1SE2kujhweZxySQB0Ift,1300,cad,inspection_fee,inspection_fee,"{""item_type"": ""inspection_fee""}","{""item_type"": ""inspection_fee""}",{},,
already_complete,Existing item_type metadata is correct.,sub_1RTlpzE2kujhweZxGjWp2xih,cus_SOYwEisBe9Rqqm,active,si_TJICwWIYVswZL8,prod_T3hr9TI1e2mbTn,Monthly fee for Geothermal Energy Service pursuant to the Residential Energy Service Agreement (DivFern Geothermal Limited Partnership HST#763596962RT0001)252603,price_1TdNAyE2kujhweZxMQiy0QgC,9654,cad,monthly_service_fee,monthly_service_fee,"{""item_type"": ""monthly_service_fee""}","{""item_type"": ""monthly_service_fee""}","{""increaseable"": ""true""}",,
already_complete,Existing item_type metadata is correct.,sub_1RTlihE2kujhweZxv0ftRq9F,cus_SOYp2l4E8RwHwi,active,si_SOYqHMGk6ijG5u,prod_S2qigSJLyqaK77,Monthly billing for annual inspect fee,price_1R8l1SE2kujhweZxySQB0Ift,1300,cad,inspection_fee,inspection_fee,"{""item_type"": ""inspection_fee""}","{""item_type"": ""inspection_fee""}",{},,
already_complete,Existing item_type metadata is correct.,sub_1RTlihE2kujhweZxv0ftRq9F,cus_SOYp2l4E8RwHwi,active,si_TJICW8R7tA6KrD,prod_T3hr9TI1e2mbTn,Monthly fee for Geothermal Energy Service pursuant to the Residential Energy Service Agreement (DivFern Geothermal Limited Partnership HST#763596962RT0001)252603,price_1TdNB0E2kujhweZxTskp31Tp,9654,cad,monthly_service_fee,monthly_service_fee,"{""item_type"": ""monthly_service_fee""}","{""item_type"": ""monthly_service_fee""}","{""increaseable"": ""true""}",,
already_complete,Existing item_type metadata is correct.,sub_1RTldRE2kujhweZxI9euVxWE,cus_SOYjmZSUX2ZGtE,active,si_SOYkt2cMIZvGZM,prod_S2qigSJLyqaK77,Monthly billing for annual inspect fee,price_1R8l1SE2kujhweZxySQB0Ift,1300,cad,inspection_fee,inspection_fee,"{""item_type"": ""inspection_fee""}","{""item_type"": ""inspection_fee""}",{},,
already_complete,Existing item_type metadata is correct.,sub_1RTldRE2kujhweZxI9euVxWE,cus_SOYjmZSUX2ZGtE,active,si_TJIGg8rLRyMzjn,prod_T3hr9TI1e2mbTn,Monthly fee for Geothermal Energy Service pursuant to the Residential Energy Service Agreement (DivFern Geothermal Limited Partnership HST#763596962RT0001)252603,price_1TdNB2E2kujhweZxrnhs6BTr,9654,cad,monthly_service_fee,monthly_service_fee,"{""item_type"": ""monthly_service_fee""}","{""item_type"": ""monthly_service_fee""}","{""increaseable"": ""true""}",,
already_complete,Existing item_type metadata is correct.,sub_1RTlWjE2kujhweZx9fbBav6b,cus_SOYdY7Otsx3qVU,active,si_SOYegio8nZxfs8,prod_S2qigSJLyqaK77,Monthly billing for annual inspect fee,price_1R8l1SE2kujhweZxySQB0Ift,1300,cad,inspection_fee,inspection_fee,"{""item_type"": ""inspection_fee""}","{""item_type"": ""inspection_fee""}",{},,
already_complete,Existing item_type metadata is correct.,sub_1RTlWjE2kujhweZx9fbBav6b,cus_SOYdY7Otsx3qVU,active,si_TJIGX4jzSOOpmZ,prod_T3hr9TI1e2mbTn,Monthly fee for Geothermal Energy Service pursuant to the Residential Energy Service Agreement (DivFern Geothermal Limited Partnership HST#763596962RT0001)252603,price_1TdNB3E2kujhweZxwPAFPctC,9654,cad,monthly_service_fee,monthly_service_fee,"{""item_type"": ""monthly_service_fee""}","{""item_type"": ""monthly_service_fee""}","{""increaseable"": ""true""}",,
already_complete,Existing item_type metadata is correct.,sub_1RTlQiE2kujhweZxeRX0rthv,cus_SOYWi3BS6JXiHA,active,si_SOYXZkppZtl4P7,prod_S2qigSJLyqaK77,Monthly billing for annual inspect fee,price_1R8l1SE2kujhweZxySQB0Ift,1300,cad,inspection_fee,inspection_fee,"{""item_type"": ""inspection_fee""}","{""item_type"": ""inspection_fee""}",{},,
already_complete,Existing item_type metadata is correct.,sub_1RTlQiE2kujhweZxeRX0rthv,cus_SOYWi3BS6JXiHA,active,si_TJIGk2IvKZIzMQ,prod_T3hr9TI1e2mbTn,Monthly fee for Geothermal Energy Service pursuant to the Residential Energy Service Agreement (DivFern Geothermal Limited Partnership HST#763596962RT0001)252603,price_1TdNB5E2kujhweZxoikLjJup,9654,cad,monthly_service_fee,monthly_service_fee,"{""item_type"": ""monthly_service_fee""}","{""item_type"": ""monthly_service_fee""}","{""increaseable"": ""true""}",,
already_complete,Existing item_type metadata is correct.,sub_1RTlIuE2kujhweZxa2c9HR3g,cus_SOYPdKTfFeb76l,active,si_SOYPl2PJ0oXAIG,prod_S2qigSJLyqaK77,Monthly billing for annual inspect fee,price_1R8l1SE2kujhweZxySQB0Ift,1300,cad,inspection_fee,inspection_fee,"{""item_type"": ""inspection_fee""}","{""item_type"": ""inspection_fee""}",{},,
already_complete,Existing item_type metadata is correct.,sub_1RTlIuE2kujhweZxa2c9HR3g,cus_SOYPdKTfFeb76l,active,si_TJIGZWZ5golB4D,prod_T3hr9TI1e2mbTn,Monthly fee for Geothermal Energy Service pursuant to the Residential Energy Service Agreement (DivFern Geothermal Limited Partnership HST#763596962RT0001)252603,price_1TdNB6E2kujhweZxrsDdJwTv,9654,cad,monthly_service_fee,monthly_service_fee,"{""item_type"": ""monthly_service_fee""}","{""item_type"": ""monthly_service_fee""}","{""increaseable"": ""true""}",,
already_complete,Existing item_type metadata is correct.,sub_1RTlFKE2kujhweZxx3Vd7iCo,cus_SOYL36kxLcYFSS,active,si_SOYMj77OuNYEmr,prod_S2qigSJLyqaK77,Monthly billing for annual inspect fee,price_1R8l1SE2kujhweZxySQB0Ift,1300,cad,inspection_fee,inspection_fee,"{""item_type"": ""inspection_fee""}","{""item_type"": ""inspection_fee""}",{},,
already_complete,Existing item_type metadata is correct.,sub_1RTlFKE2kujhweZxx3Vd7iCo,cus_SOYL36kxLcYFSS,active,si_TJIKOh56VabVUR,prod_T3hr9TI1e2mbTn,Monthly fee for Geothermal Energy Service pursuant to the Residential Energy Service Agreement (DivFern Geothermal Limited Partnership HST#763596962RT0001)252603,price_1TdNB8E2kujhweZxkIAGIGpA,9654,cad,monthly_service_fee,monthly_service_fee,"{""item_type"": ""monthly_service_fee""}","{""item_type"": ""monthly_service_fee""}","{""increaseable"": ""true""}",,
already_complete,Existing item_type metadata is correct.,sub_1RTlCXE2kujhweZxzZND0aSu,cus_SOYIb1s3F0LrBk,active,si_SOYJFLtnPi1YMW,prod_S2qigSJLyqaK77,Monthly billing for annual inspect fee,price_1R8l1SE2kujhweZxySQB0Ift,1300,cad,inspection_fee,inspection_fee,"{""item_type"": ""inspection_fee""}","{""item_type"": ""inspection_fee""}",{},,
already_complete,Existing item_type metadata is correct.,sub_1RTlCXE2kujhweZxzZND0aSu,cus_SOYIb1s3F0LrBk,active,si_TJIL1UIdwogmRG,prod_T3hr9TI1e2mbTn,Monthly fee for Geothermal Energy Service pursuant to the Residential Energy Service Agreement (DivFern Geothermal Limited Partnership HST#763596962RT0001)252603,price_1TdNBAE2kujhweZxkxbtyoof,9654,cad,monthly_service_fee,monthly_service_fee,"{""item_type"": ""monthly_service_fee""}","{""item_type"": ""monthly_service_fee""}","{""increaseable"": ""true""}",,
already_complete,Existing item_type metadata is correct.,sub_1RTkOsE2kujhweZxCWk2XR3f,cus_SOXT0a5nn1zyxU,active,si_SOXT9Kneztqy8I,prod_S2qigSJLyqaK77,Monthly billing for annual inspect fee,price_1R8l1SE2kujhweZxySQB0Ift,1300,cad,inspection_fee,inspection_fee,"{""item_type"": ""inspection_fee""}","{""item_type"": ""inspection_fee""}",{},,
already_complete,Existing item_type metadata is correct.,sub_1RTkOsE2kujhweZxCWk2XR3f,cus_SOXT0a5nn1zyxU,active,si_THIoPbdW7Sh8nH,prod_T3hlL2YCvSvBJx,Monthly fee for Geothermal Energy Service pursuant to the Residential Energy Service Agreement (DivFern Geothermal Limited Partnership HST#763596962RT0001) Active252601,price_1TdNBBE2kujhweZxv69RTKxs,10185,cad,monthly_service_fee,monthly_service_fee,"{""item_type"": ""monthly_service_fee""}","{""item_type"": ""monthly_service_fee""}","{""increaseable"": ""true""}",,
already_complete,Existing item_type metadata is correct.,sub_1RTkMRE2kujhweZxGo4BC73a,cus_SOXQiwlmIyJbEQ,active,si_SOXRYhmzJ9Qh4u,prod_S2qigSJLyqaK77,Monthly billing for annual inspect fee,price_1R8l1SE2kujhweZxySQB0Ift,1300,cad,inspection_fee,inspection_fee,"{""item_type"": ""inspection_fee""}","{""item_type"": ""inspection_fee""}",{},,
already_complete,Existing item_type metadata is correct.,sub_1RTkMRE2kujhweZxGo4BC73a,cus_SOXQiwlmIyJbEQ,active,si_THIoiYPciTCQ2t,prod_T3hlL2YCvSvBJx,Monthly fee for Geothermal Energy Service pursuant to the Residential Energy Service Agreement (DivFern Geothermal Limited Partnership HST#763596962RT0001) Active252601,price_1TdNBDE2kujhweZxzN30JUmR,10185,cad,monthly_service_fee,monthly_service_fee,"{""item_type"": ""monthly_service_fee""}","{""item_type"": ""monthly_service_fee""}","{""increaseable"": ""true""}",,
already_complete,Existing item_type metadata is correct.,sub_1RTk6EE2kujhweZxuCBArFBX,cus_SOX9idj4XPxTwT,active,si_SOXAnsld1kkmcU,prod_QRb4nqXhaz7pMn,Monthly billing for annual inspect fee,price_1PahsjE2kujhweZxZUnm9a53,1400,cad,inspection_fee,inspection_fee,"{""item_type"": ""inspection_fee""}","{""item_type"": ""inspection_fee""}",{},,
already_complete,Existing item_type metadata is correct.,sub_1RTk6EE2kujhweZxuCBArFBX,cus_SOX9idj4XPxTwT,active,si_THIvlEH8gFoWtu,prod_T3i7mDxTaNyb3T,Monthly fee for Geothermal Energy Service pursuant to the Residential Energy Service Agreement (DivFern Geothermal Limited Partnership HST#763596962RT0001)2526010,price_1TdNBFE2kujhweZxXXmfro5Y,9336,cad,monthly_service_fee,monthly_service_fee,"{""item_type"": ""monthly_service_fee""}","{""item_type"": ""monthly_service_fee""}","{""increaseable"": ""true""}",,
already_complete,Existing item_type metadata is correct.,sub_1RRKNyE2kujhweZxUaGSX5wl,cus_SM2SbEiLWoJab9,active,si_SM2S90CZxYpemz,prod_S2qigSJLyqaK77,Monthly billing for annual inspect fee,price_1R8l1SE2kujhweZxySQB0Ift,1300,cad,inspection_fee,inspection_fee,"{""item_type"": ""inspection_fee""}","{""item_type"": ""inspection_fee""}",{},,
already_complete,Existing item_type metadata is correct.,sub_1RRKNyE2kujhweZxUaGSX5wl,cus_SM2SbEiLWoJab9,active,si_TEPraB2y8CkK4X,prod_T3hwZee1aVVzp4,Monthly fee for Geothermal Energy Service pursuant to the Residential Energy Service Agreement (DivFern Geothermal Limited Partnership HST#763596962RT0001)252605,price_1TdNBGE2kujhweZxEPxc42yK,16126,cad,monthly_service_fee,monthly_service_fee,"{""item_type"": ""monthly_service_fee""}","{""item_type"": ""monthly_service_fee""}","{""increaseable"": ""true""}",,
already_complete,Existing item_type metadata is correct.,sub_1RRKLtE2kujhweZxPMtTFtc5,cus_SM2QrgznGJq6Lg,active,si_SM2Qn2BUPPKSfa,prod_S2qigSJLyqaK77,Monthly billing for annual inspect fee,price_1R8l1SE2kujhweZxySQB0Ift,1300,cad,inspection_fee,inspection_fee,"{""item_type"": ""inspection_fee""}","{""item_type"": ""inspection_fee""}",{},,
already_complete,Existing item_type metadata is correct.,sub_1RRKLtE2kujhweZxPMtTFtc5,cus_SM2QrgznGJq6Lg,active,si_TEPrdi0jRVFdk4,prod_T3hwZee1aVVzp4,Monthly fee for Geothermal Energy Service pursuant to the Residential Energy Service Agreement (DivFern Geothermal Limited Partnership HST#763596962RT0001)252605,price_1TdNBIE2kujhweZxGcaasViC,16126,cad,monthly_service_fee,monthly_service_fee,"{""item_type"": ""monthly_service_fee""}","{""item_type"": ""monthly_service_fee""}","{""increaseable"": ""true""}",,
already_complete,Existing item_type metadata is correct.,sub_1RRKKEE2kujhweZxPjs4KBzb,cus_SM2OEljC2B4js1,active,si_SM2PiyAHlTkche,prod_S2qigSJLyqaK77,Monthly billing for annual inspect fee,price_1R8l1SE2kujhweZxySQB0Ift,1300,cad,inspection_fee,inspection_fee,"{""item_type"": ""inspection_fee""}","{""item_type"": ""inspection_fee""}",{},,
already_complete,Existing item_type metadata is correct.,sub_1RRKKEE2kujhweZxPjs4KBzb,cus_SM2OEljC2B4js1,active,si_TEPsCN1uIE5pyN,prod_T3hwZee1aVVzp4,Monthly fee for Geothermal Energy Service pursuant to the Residential Energy Service Agreement (DivFern Geothermal Limited Partnership HST#763596962RT0001)252605,price_1TdNBKE2kujhweZx53TVe8A4,16126,cad,monthly_service_fee,monthly_service_fee,"{""item_type"": ""monthly_service_fee""}","{""item_type"": ""monthly_service_fee""}","{""increaseable"": ""true""}",,
already_complete,Existing item_type metadata is correct.,sub_1RRKF0E2kujhweZxCehzdOdA,cus_SM2If1EevwP9fL,active,si_SM2J36TvocL9gw,prod_S2qigSJLyqaK77,Monthly billing for annual inspect fee,price_1R8l1SE2kujhweZxySQB0Ift,1300,cad,inspection_fee,inspection_fee,"{""item_type"": ""inspection_fee""}","{""item_type"": ""inspection_fee""}",{},,
already_complete,Existing item_type metadata is correct.,sub_1RRKF0E2kujhweZxCehzdOdA,cus_SM2If1EevwP9fL,active,si_TEPsZoscDv34LU,prod_T3hwZee1aVVzp4,Monthly fee for Geothermal Energy Service pursuant to the Residential Energy Service Agreement (DivFern Geothermal Limited Partnership HST#763596962RT0001)252605,price_1TdNBNE2kujhweZx43dLU6bK,16126,cad,monthly_service_fee,monthly_service_fee,"{""item_type"": ""monthly_service_fee""}","{""item_type"": ""monthly_service_fee""}","{""increaseable"": ""true""}",,
already_complete,Existing item_type metadata is correct.,sub_1RRKCOE2kujhweZxMDY1GZu8,cus_SM2GabIwmFJdTO,active,si_SM2GDJiAgs4DgD,prod_S2qigSJLyqaK77,Monthly billing for annual inspect fee,price_1R8l1SE2kujhweZxySQB0Ift,1300,cad,inspection_fee,inspection_fee,"{""item_type"": ""inspection_fee""}","{""item_type"": ""inspection_fee""}",{},,
already_complete,Existing item_type metadata is correct.,sub_1RRKCOE2kujhweZxMDY1GZu8,cus_SM2GabIwmFJdTO,active,si_TEPutVMZ5H89VX,prod_T3hwZee1aVVzp4,Monthly fee for Geothermal Energy Service pursuant to the Residential Energy Service Agreement (DivFern Geothermal Limited Partnership HST#763596962RT0001)252605,price_1TdNBPE2kujhweZxrEDKtJk8,16126,cad,monthly_service_fee,monthly_service_fee,"{""item_type"": ""monthly_service_fee""}","{""item_type"": ""monthly_service_fee""}","{""increaseable"": ""true""}",,
already_complete,Existing item_type metadata is correct.,sub_1RRKANE2kujhweZxUMx2yOG8,cus_SM2ECSZl6wOyb0,active,si_SM2EEecgBcJ39b,prod_S2qigSJLyqaK77,Monthly billing for annual inspect fee,price_1R8l1SE2kujhweZxySQB0Ift,1300,cad,inspection_fee,inspection_fee,"{""item_type"": ""inspection_fee""}","{""item_type"": ""inspection_fee""}",{},,
already_complete,Existing item_type metadata is correct.,sub_1RRKANE2kujhweZxUMx2yOG8,cus_SM2ECSZl6wOyb0,active,si_TEPveTkjlrAC60,prod_T3hwZee1aVVzp4,Monthly fee for Geothermal Energy Service pursuant to the Residential Energy Service Agreement (DivFern Geothermal Limited Partnership HST#763596962RT0001)252605,price_1TdNBQE2kujhweZxWUevoWim,16126,cad,monthly_service_fee,monthly_service_fee,"{""item_type"": ""monthly_service_fee""}","{""item_type"": ""monthly_service_fee""}","{""increaseable"": ""true""}",,
already_complete,Existing item_type metadata is correct.,sub_1RRK7zE2kujhweZxVmwJ0V0S,cus_SM2BPxmF5iMmAf,active,si_SM2Co7IUlzYk4p,prod_S2qigSJLyqaK77,Monthly billing for annual inspect fee,price_1R8l1SE2kujhweZxySQB0Ift,1300,cad,inspection_fee,inspection_fee,"{""item_type"": ""inspection_fee""}","{""item_type"": ""inspection_fee""}",{},,
already_complete,Existing item_type metadata is correct.,sub_1RRK7zE2kujhweZxVmwJ0V0S,cus_SM2BPxmF5iMmAf,active,si_TEPzgP6IUnz8ZW,prod_T3huGYZEo3XWyg,Monthly fee for Geothermal Energy Service pursuant to the Residential Energy Service Agreement (DivFern Geothermal Limited Partnership HST#763596962RT0001)252604,price_1TdNBSE2kujhweZx6OHi3iu0,14640,cad,monthly_service_fee,monthly_service_fee,"{""item_type"": ""monthly_service_fee""}","{""item_type"": ""monthly_service_fee""}","{""increaseable"": ""true""}",,
already_complete,Existing item_type metadata is correct.,sub_1RRK3CE2kujhweZxij1PuXiF,cus_SM262lpu603Dv1,active,si_SM27ISqq2vrdG0,prod_S2qigSJLyqaK77,Monthly billing for annual inspect fee,price_1R8l1SE2kujhweZxySQB0Ift,1300,cad,inspection_fee,inspection_fee,"{""item_type"": ""inspection_fee""}","{""item_type"": ""inspection_fee""}",{},,
already_complete,Existing item_type metadata is correct.,sub_1RRK3CE2kujhweZxij1PuXiF,cus_SM262lpu603Dv1,active,si_TEQ0siKW06SgdQ,prod_T3hr9TI1e2mbTn,Monthly fee for Geothermal Energy Service pursuant to the Residential Energy Service Agreement (DivFern Geothermal Limited Partnership HST#763596962RT0001)252603,price_1TdNBUE2kujhweZxDEw1PZ55,9654,cad,monthly_service_fee,monthly_service_fee,"{""item_type"": ""monthly_service_fee""}","{""item_type"": ""monthly_service_fee""}","{""increaseable"": ""true""}",,
already_complete,Existing item_type metadata is correct.,sub_1RRK0kE2kujhweZxAp4Dg88o,cus_SM24wvettITNvV,active,si_SM24AnyQFS8rSg,prod_S2qigSJLyqaK77,Monthly billing for annual inspect fee,price_1R8l1SE2kujhweZxySQB0Ift,1300,cad,inspection_fee,inspection_fee,"{""item_type"": ""inspection_fee""}","{""item_type"": ""inspection_fee""}",{},,
already_complete,Existing item_type metadata is correct.,sub_1RRK0kE2kujhweZxAp4Dg88o,cus_SM24wvettITNvV,active,si_TEPvRVG6ZN6cTZ,prod_T3hwZee1aVVzp4,Monthly fee for Geothermal Energy Service pursuant to the Residential Energy Service Agreement (DivFern Geothermal Limited Partnership HST#763596962RT0001)252605,price_1TdNBVE2kujhweZxhzY4yOPa,16126,cad,monthly_service_fee,monthly_service_fee,"{""item_type"": ""monthly_service_fee""}","{""item_type"": ""monthly_service_fee""}","{""increaseable"": ""true""}",,
already_complete,Existing item_type metadata is correct.,sub_1RRJyME2kujhweZxhniOU2lS,cus_SM21yQ5yOlpykw,active,si_SM22pKAAhBVeO3,prod_S2qigSJLyqaK77,Monthly billing for annual inspect fee,price_1R8l1SE2kujhweZxySQB0Ift,1300,cad,inspection_fee,inspection_fee,"{""item_type"": ""inspection_fee""}","{""item_type"": ""inspection_fee""}",{},,
already_complete,Existing item_type metadata is correct.,sub_1RRJyME2kujhweZxhniOU2lS,cus_SM21yQ5yOlpykw,active,si_TEQ0SLRCrqLvqF,prod_T3huGYZEo3XWyg,Monthly fee for Geothermal Energy Service pursuant to the Residential Energy Service Agreement (DivFern Geothermal Limited Partnership HST#763596962RT0001)252604,price_1TdNBXE2kujhweZxTgXkLS0e,14640,cad,monthly_service_fee,monthly_service_fee,"{""item_type"": ""monthly_service_fee""}","{""item_type"": ""monthly_service_fee""}","{""increaseable"": ""true""}",,
already_complete,Existing item_type metadata is correct.,sub_1RRJvpE2kujhweZxqP2TuXV6,cus_SM1zWCTFcIIicT,active,si_SM1zS802NaYICm,prod_S2qigSJLyqaK77,Monthly billing for annual inspect fee,price_1R8l1SE2kujhweZxySQB0Ift,1300,cad,inspection_fee,inspection_fee,"{""item_type"": ""inspection_fee""}","{""item_type"": ""inspection_fee""}",{},,
already_complete,Existing item_type metadata is correct.,sub_1RRJvpE2kujhweZxqP2TuXV6,cus_SM1zWCTFcIIicT,active,si_TEQ1Qf9M3M6jeY,prod_T3hr9TI1e2mbTn,Monthly fee for Geothermal Energy Service pursuant to the Residential Energy Service Agreement (DivFern Geothermal Limited Partnership HST#763596962RT0001)252603,price_1TdNBZE2kujhweZx6FcSV1If,9654,cad,monthly_service_fee,monthly_service_fee,"{""item_type"": ""monthly_service_fee""}","{""item_type"": ""monthly_service_fee""}","{""increaseable"": ""true""}",,
already_complete,Existing item_type metadata is correct.,sub_1RRJteE2kujhweZx26JDQsn2,cus_SM1wK6cpMxkOLW,active,si_SM1xce9Q4NH1lP,prod_S2qigSJLyqaK77,Monthly billing for annual inspect fee,price_1R8l1SE2kujhweZxySQB0Ift,1300,cad,inspection_fee,inspection_fee,"{""item_type"": ""inspection_fee""}","{""item_type"": ""inspection_fee""}",{},,
already_complete,Existing item_type metadata is correct.,sub_1RRJteE2kujhweZx26JDQsn2,cus_SM1wK6cpMxkOLW,active,si_TEQ1Asfa5HVPIU,prod_T3hr9TI1e2mbTn,Monthly fee for Geothermal Energy Service pursuant to the Residential Energy Service Agreement (DivFern Geothermal Limited Partnership HST#763596962RT0001)252603,price_1TdNBbE2kujhweZxBDL1I4PG,9654,cad,monthly_service_fee,monthly_service_fee,"{""item_type"": ""monthly_service_fee""}","{""item_type"": ""monthly_service_fee""}","{""increaseable"": ""true""}",,
already_complete,Existing item_type metadata is correct.,sub_1RQxfrE2kujhweZxbGuAouZB,cus_SLezbC54O572gW,active,si_SLez5jvFcEtNEv,prod_S2qigSJLyqaK77,Monthly billing for annual inspect fee,price_1R8l1SE2kujhweZxySQB0Ift,1300,cad,inspection_fee,inspection_fee,"{""item_type"": ""inspection_fee""}","{""item_type"": ""inspection_fee""}",{},,
already_complete,Existing item_type metadata is correct.,sub_1RQxfrE2kujhweZxbGuAouZB,cus_SLezbC54O572gW,active,si_TE3IvG2PzNTQh0,prod_T3hwZee1aVVzp4,Monthly fee for Geothermal Energy Service pursuant to the Residential Energy Service Agreement (DivFern Geothermal Limited Partnership HST#763596962RT0001)252605,price_1TdNBcE2kujhweZxydf7cDHF,16126,cad,monthly_service_fee,monthly_service_fee,"{""item_type"": ""monthly_service_fee""}","{""item_type"": ""monthly_service_fee""}","{""increaseable"": ""true""}",,
already_complete,Existing item_type metadata is correct.,sub_1RQxe1E2kujhweZxDyXlerfL,cus_SLexoMz8pyeRDQ,active,si_SLexvnFzCtVwfJ,prod_S2qigSJLyqaK77,Monthly billing for annual inspect fee,price_1R8l1SE2kujhweZxySQB0Ift,1300,cad,inspection_fee,inspection_fee,"{""item_type"": ""inspection_fee""}","{""item_type"": ""inspection_fee""}",{},,
already_complete,Existing item_type metadata is correct.,sub_1RQxe1E2kujhweZxDyXlerfL,cus_SLexoMz8pyeRDQ,active,si_TE3I0wqjzBgH3P,prod_T3hwZee1aVVzp4,Monthly fee for Geothermal Energy Service pursuant to the Residential Energy Service Agreement (DivFern Geothermal Limited Partnership HST#763596962RT0001)252605,price_1TdNBeE2kujhweZxfQZQr61f,16126,cad,monthly_service_fee,monthly_service_fee,"{""item_type"": ""monthly_service_fee""}","{""item_type"": ""monthly_service_fee""}","{""increaseable"": ""true""}",,
already_complete,Existing item_type metadata is correct.,sub_1RQxcEE2kujhweZxe3zfzyJC,cus_SLevfGqpvyHw0l,active,si_SLewJP3SWyuhSK,prod_S2qigSJLyqaK77,Monthly billing for annual inspect fee,price_1R8l1SE2kujhweZxySQB0Ift,1300,cad,inspection_fee,inspection_fee,"{""item_type"": ""inspection_fee""}","{""item_type"": ""inspection_fee""}",{},,
already_complete,Existing item_type metadata is correct.,sub_1RQxcEE2kujhweZxe3zfzyJC,cus_SLevfGqpvyHw0l,active,si_TE3JjID6MnFE0e,prod_T3hwZee1aVVzp4,Monthly fee for Geothermal Energy Service pursuant to the Residential Energy Service Agreement (DivFern Geothermal Limited Partnership HST#763596962RT0001)252605,price_1TdNBgE2kujhweZxnHy9OhuU,16126,cad,monthly_service_fee,monthly_service_fee,"{""item_type"": ""monthly_service_fee""}","{""item_type"": ""monthly_service_fee""}","{""increaseable"": ""true""}",,
already_complete,Existing item_type metadata is correct.,sub_1RQxXTE2kujhweZx0rEWDti8,cus_SLeqSATuQ9m9sC,active,si_SLerSYaqa5jCXB,prod_S2qigSJLyqaK77,Monthly billing for annual inspect fee,price_1R8l1SE2kujhweZxySQB0Ift,1300,cad,inspection_fee,inspection_fee,"{""item_type"": ""inspection_fee""}","{""item_type"": ""inspection_fee""}",{},,
already_complete,Existing item_type metadata is correct.,sub_1RQxXTE2kujhweZx0rEWDti8,cus_SLeqSATuQ9m9sC,active,si_TE3LHawBIMBASH,prod_T3hwZee1aVVzp4,Monthly fee for Geothermal Energy Service pursuant to the Residential Energy Service Agreement (DivFern Geothermal Limited Partnership HST#763596962RT0001)252605,price_1TdNBhE2kujhweZx2i5y8vBr,16126,cad,monthly_service_fee,monthly_service_fee,"{""item_type"": ""monthly_service_fee""}","{""item_type"": ""monthly_service_fee""}","{""increaseable"": ""true""}",,
already_complete,Existing item_type metadata is correct.,sub_1RQxV4E2kujhweZxcXiTbVJ5,cus_SLeog6MxeMOhAs,active,si_SLeoL5tgadWGLJ,prod_S2qigSJLyqaK77,Monthly billing for annual inspect fee,price_1R8l1SE2kujhweZxySQB0Ift,1300,cad,inspection_fee,inspection_fee,"{""item_type"": ""inspection_fee""}","{""item_type"": ""inspection_fee""}",{},,
already_complete,Existing item_type metadata is correct.,sub_1RQxV4E2kujhweZxcXiTbVJ5,cus_SLeog6MxeMOhAs,active,si_TE3LMC7FQUob0S,prod_T3hwZee1aVVzp4,Monthly fee for Geothermal Energy Service pursuant to the Residential Energy Service Agreement (DivFern Geothermal Limited Partnership HST#763596962RT0001)252605,price_1TdNBjE2kujhweZxpAUY0Mz4,16126,cad,monthly_service_fee,monthly_service_fee,"{""item_type"": ""monthly_service_fee""}","{""item_type"": ""monthly_service_fee""}","{""increaseable"": ""true""}",,
already_complete,Existing item_type metadata is correct.,sub_1RQxSuE2kujhweZxG5c1M6Vn,cus_SLeloraFuCY4oM,active,si_SLemScZcioZwIT,prod_S2qigSJLyqaK77,Monthly billing for annual inspect fee,price_1R8l1SE2kujhweZxySQB0Ift,1300,cad,inspection_fee,inspection_fee,"{""item_type"": ""inspection_fee""}","{""item_type"": ""inspection_fee""}",{},,
already_complete,Existing item_type metadata is correct.,sub_1RQxSuE2kujhweZxG5c1M6Vn,cus_SLeloraFuCY4oM,active,si_TE3LFYuIbmpaAG,prod_T3huGYZEo3XWyg,Monthly fee for Geothermal Energy Service pursuant to the Residential Energy Service Agreement (DivFern Geothermal Limited Partnership HST#763596962RT0001)252604,price_1TdNBlE2kujhweZxjO57HqGS,14640,cad,monthly_service_fee,monthly_service_fee,"{""item_type"": ""monthly_service_fee""}","{""item_type"": ""monthly_service_fee""}","{""increaseable"": ""true""}",,
already_complete,Existing item_type metadata is correct.,sub_1RQxQqE2kujhweZxoEGXrrXJ,cus_SLejx45FHySTYf,active,si_SLekSP33SOFnmu,prod_S2qigSJLyqaK77,Monthly billing for annual inspect fee,price_1R8l1SE2kujhweZxySQB0Ift,1300,cad,inspection_fee,inspection_fee,"{""item_type"": ""inspection_fee""}","{""item_type"": ""inspection_fee""}",{},,
already_complete,Existing item_type metadata is correct.,sub_1RQxQqE2kujhweZxoEGXrrXJ,cus_SLejx45FHySTYf,active,si_TE3MRGGrdPLNmJ,prod_T3huGYZEo3XWyg,Monthly fee for Geothermal Energy Service pursuant to the Residential Energy Service Agreement (DivFern Geothermal Limited Partnership HST#763596962RT0001)252604,price_1TdNBnE2kujhweZx1YP248eS,14640,cad,monthly_service_fee,monthly_service_fee,"{""item_type"": ""monthly_service_fee""}","{""item_type"": ""monthly_service_fee""}","{""increaseable"": ""true""}",,
already_complete,Existing item_type metadata is correct.,sub_1RQxLpE2kujhweZxGNa2ynlc,cus_SLeeyxtRDFjhuA,active,si_SLef2k7mZidIfe,prod_S2qigSJLyqaK77,Monthly billing for annual inspect fee,price_1R8l1SE2kujhweZxySQB0Ift,1300,cad,inspection_fee,inspection_fee,"{""item_type"": ""inspection_fee""}","{""item_type"": ""inspection_fee""}",{},,
already_complete,Existing item_type metadata is correct.,sub_1RQxLpE2kujhweZxGNa2ynlc,cus_SLeeyxtRDFjhuA,active,si_TE3OjDNLU5ZCRA,prod_T3huGYZEo3XWyg,Monthly fee for Geothermal Energy Service pursuant to the Residential Energy Service Agreement (DivFern Geothermal Limited Partnership HST#763596962RT0001)252604,price_1TdNBrE2kujhweZxmtLXvGMi,14640,cad,monthly_service_fee,monthly_service_fee,"{""item_type"": ""monthly_service_fee""}","{""item_type"": ""monthly_service_fee""}","{""increaseable"": ""true""}",,
already_complete,Existing item_type metadata is correct.,sub_1RQxIrE2kujhweZx5qvGeDrW,cus_SLebyyMBDGXKfl,active,si_SLecSLsy9QzSje,prod_S2qigSJLyqaK77,Monthly billing for annual inspect fee,price_1R8l1SE2kujhweZxySQB0Ift,1300,cad,inspection_fee,inspection_fee,"{""item_type"": ""inspection_fee""}","{""item_type"": ""inspection_fee""}",{},,
already_complete,Existing item_type metadata is correct.,sub_1RQxIrE2kujhweZx5qvGeDrW,cus_SLebyyMBDGXKfl,active,si_TE3On1eMROzuOS,prod_T3huGYZEo3XWyg,Monthly fee for Geothermal Energy Service pursuant to the Residential Energy Service Agreement (DivFern Geothermal Limited Partnership HST#763596962RT0001)252604,price_1TdNBsE2kujhweZxnt0ZAaGb,14640,cad,monthly_service_fee,monthly_service_fee,"{""item_type"": ""monthly_service_fee""}","{""item_type"": ""monthly_service_fee""}","{""increaseable"": ""true""}",,
already_complete,Existing item_type metadata is correct.,sub_1RQxGSE2kujhweZx1IoQMJEb,cus_SLeYPc7EfKWYXe,active,si_SLeZ6iEbL2Brq6,prod_S2qigSJLyqaK77,Monthly billing for annual inspect fee,price_1R8l1SE2kujhweZxySQB0Ift,1300,cad,inspection_fee,inspection_fee,"{""item_type"": ""inspection_fee""}","{""item_type"": ""inspection_fee""}",{},,
already_complete,Existing item_type metadata is correct.,sub_1RQxGSE2kujhweZx1IoQMJEb,cus_SLeYPc7EfKWYXe,active,si_TE3O4gEOvgGnzx,prod_T3huGYZEo3XWyg,Monthly fee for Geothermal Energy Service pursuant to the Residential Energy Service Agreement (DivFern Geothermal Limited Partnership HST#763596962RT0001)252604,price_1TdNBuE2kujhweZxc7F4mazj,14640,cad,monthly_service_fee,monthly_service_fee,"{""item_type"": ""monthly_service_fee""}","{""item_type"": ""monthly_service_fee""}","{""increaseable"": ""true""}",,
already_complete,Existing item_type metadata is correct.,sub_1RQxBmE2kujhweZxKy7CCSmW,cus_SLeU9NHlgXGfZa,active,si_SLeUdOv0m5oYL9,prod_S2qigSJLyqaK77,Monthly billing for annual inspect fee,price_1R8l1SE2kujhweZxySQB0Ift,1300,cad,inspection_fee,inspection_fee,"{""item_type"": ""inspection_fee""}","{""item_type"": ""inspection_fee""}",{},,
already_complete,Existing item_type metadata is correct.,sub_1RQxBmE2kujhweZxKy7CCSmW,cus_SLeU9NHlgXGfZa,active,si_TE3P9tPHu0VVJ5,prod_T3hr9TI1e2mbTn,Monthly fee for Geothermal Energy Service pursuant to the Residential Energy Service Agreement (DivFern Geothermal Limited Partnership HST#763596962RT0001)252603,price_1TdNBwE2kujhweZxsRH8qF9i,9654,cad,monthly_service_fee,monthly_service_fee,"{""item_type"": ""monthly_service_fee""}","{""item_type"": ""monthly_service_fee""}","{""increaseable"": ""true""}",,
already_complete,Existing item_type metadata is correct.,sub_1RQx9aE2kujhweZxvOO8cqnI,cus_SLeRJpxO77LniO,active,si_SLeS7MfYw92C36,prod_S2qigSJLyqaK77,Monthly billing for annual inspect fee,price_1R8l1SE2kujhweZxySQB0Ift,1300,cad,inspection_fee,inspection_fee,"{""item_type"": ""inspection_fee""}","{""item_type"": ""inspection_fee""}",{},,
already_complete,Existing item_type metadata is correct.,sub_1RQx9aE2kujhweZxvOO8cqnI,cus_SLeRJpxO77LniO,active,si_TE3R86DbOJEUz1,prod_T3hr9TI1e2mbTn,Monthly fee for Geothermal Energy Service pursuant to the Residential Energy Service Agreement (DivFern Geothermal Limited Partnership HST#763596962RT0001)252603,price_1TdNBxE2kujhweZxksFPfYTp,9654,cad,monthly_service_fee,monthly_service_fee,"{""item_type"": ""monthly_service_fee""}","{""item_type"": ""monthly_service_fee""}","{""increaseable"": ""true""}",,
already_complete,Existing item_type metadata is correct.,sub_1RQx73E2kujhweZxkBkLqjKP,cus_SLePYwHxHYPEJ3,active,si_SLePRK53rzJC0y,prod_S2qigSJLyqaK77,Monthly billing for annual inspect fee,price_1R8l1SE2kujhweZxySQB0Ift,1300,cad,inspection_fee,inspection_fee,"{""item_type"": ""inspection_fee""}","{""item_type"": ""inspection_fee""}",{},,
already_complete,Existing item_type metadata is correct.,sub_1RQx73E2kujhweZxkBkLqjKP,cus_SLePYwHxHYPEJ3,active,si_TE3REZXOdGWjKu,prod_T3hr9TI1e2mbTn,Monthly fee for Geothermal Energy Service pursuant to the Residential Energy Service Agreement (DivFern Geothermal Limited Partnership HST#763596962RT0001)252603,price_1TdNBzE2kujhweZxcpEmC04S,9654,cad,monthly_service_fee,monthly_service_fee,"{""item_type"": ""monthly_service_fee""}","{""item_type"": ""monthly_service_fee""}","{""increaseable"": ""true""}",,
already_complete,Existing item_type metadata is correct.,sub_1RQwxyE2kujhweZxuuC9mc61,cus_SLeE90jbUkblQm,active,si_SLeGM2zIUOpXIO,prod_S2qigSJLyqaK77,Monthly billing for annual inspect fee,price_1R8l1SE2kujhweZxySQB0Ift,1300,cad,inspection_fee,inspection_fee,"{""item_type"": ""inspection_fee""}","{""item_type"": ""inspection_fee""}",{},,
already_complete,Existing item_type metadata is correct.,sub_1RQwxyE2kujhweZxuuC9mc61,cus_SLeE90jbUkblQm,active,si_TE3ReTbP0UNbdS,prod_T3hr9TI1e2mbTn,Monthly fee for Geothermal Energy Service pursuant to the Residential Energy Service Agreement (DivFern Geothermal Limited Partnership HST#763596962RT0001)252603,price_1TdNC0E2kujhweZxcY1zmmGW,9654,cad,monthly_service_fee,monthly_service_fee,"{""item_type"": ""monthly_service_fee""}","{""item_type"": ""monthly_service_fee""}","{""increaseable"": ""true""}",,
already_complete,Existing item_type metadata is correct.,sub_1RQwu4E2kujhweZxKqtVZD7R,cus_SLeBBdOorsUJmY,active,si_SLeC4eAXL1pvFo,prod_S2qigSJLyqaK77,Monthly billing for annual inspect fee,price_1R8l1SE2kujhweZxySQB0Ift,1300,cad,inspection_fee,inspection_fee,"{""item_type"": ""inspection_fee""}","{""item_type"": ""inspection_fee""}",{},,
already_complete,Existing item_type metadata is correct.,sub_1RQwu4E2kujhweZxKqtVZD7R,cus_SLeBBdOorsUJmY,active,si_TE3FCzrECkbVfV,prod_T3hr9TI1e2mbTn,Monthly fee for Geothermal Energy Service pursuant to the Residential Energy Service Agreement (DivFern Geothermal Limited Partnership HST#763596962RT0001)252603,price_1TdNC2E2kujhweZx258xtemh,9654,cad,monthly_service_fee,monthly_service_fee,"{""item_type"": ""monthly_service_fee""}","{""item_type"": ""monthly_service_fee""}","{""increaseable"": ""true""}",,
already_complete,Existing item_type metadata is correct.,sub_1RQwrUE2kujhweZxtygp1OtH,cus_SLe8isAndNUHyX,active,si_SLe9txcKuzY5MN,prod_S2qigSJLyqaK77,Monthly billing for annual inspect fee,price_1R8l1SE2kujhweZxySQB0Ift,1300,cad,inspection_fee,inspection_fee,"{""item_type"": ""inspection_fee""}","{""item_type"": ""inspection_fee""}",{},,
already_complete,Existing item_type metadata is correct.,sub_1RQwrUE2kujhweZxtygp1OtH,cus_SLe8isAndNUHyX,active,si_TE3FNJCaRBY6v8,prod_T3hr9TI1e2mbTn,Monthly fee for Geothermal Energy Service pursuant to the Residential Energy Service Agreement (DivFern Geothermal Limited Partnership HST#763596962RT0001)252603,price_1TdNC4E2kujhweZxvOcqt860,9654,cad,monthly_service_fee,monthly_service_fee,"{""item_type"": ""monthly_service_fee""}","{""item_type"": ""monthly_service_fee""}","{""increaseable"": ""true""}",,
already_complete,Existing item_type metadata is correct.,sub_1RQwouE2kujhweZxTdPKdrSy,cus_SLe6tYF7ab8OWn,active,si_SLe7IdDhLdq92T,prod_QRb4nqXhaz7pMn,Monthly billing for annual inspect fee,price_1PahsjE2kujhweZxZUnm9a53,1400,cad,inspection_fee,inspection_fee,"{""item_type"": ""inspection_fee""}","{""item_type"": ""inspection_fee""}",{},,
already_complete,Existing item_type metadata is correct.,sub_1RQwouE2kujhweZxTdPKdrSy,cus_SLe6tYF7ab8OWn,active,si_TE3DJ19QaUIPix,prod_T3i7mDxTaNyb3T,Monthly fee for Geothermal Energy Service pursuant to the Residential Energy Service Agreement (DivFern Geothermal Limited Partnership HST#763596962RT0001)2526010,price_1TdNC6E2kujhweZxccgNIqRH,9336,cad,monthly_service_fee,monthly_service_fee,"{""item_type"": ""monthly_service_fee""}","{""item_type"": ""monthly_service_fee""}","{""increaseable"": ""true""}",,
already_complete,Existing item_type metadata is correct.,sub_1RQwmBE2kujhweZxX3iO1G3K,cus_SLe3XrcuWP4GG6,active,si_SLe44bFv129qGy,prod_S2qigSJLyqaK77,Monthly billing for annual inspect fee,price_1R8l1SE2kujhweZxySQB0Ift,1300,cad,inspection_fee,inspection_fee,"{""item_type"": ""inspection_fee""}","{""item_type"": ""inspection_fee""}",{},,
already_complete,Existing item_type metadata is correct.,sub_1RQwmBE2kujhweZxX3iO1G3K,cus_SLe3XrcuWP4GG6,active,si_TE3DoJPJRW2IwW,prod_T3hlL2YCvSvBJx,Monthly fee for Geothermal Energy Service pursuant to the Residential Energy Service Agreement (DivFern Geothermal Limited Partnership HST#763596962RT0001) Active252601,price_1TdNC8E2kujhweZxud87eIDL,10185,cad,monthly_service_fee,monthly_service_fee,"{""item_type"": ""monthly_service_fee""}","{""item_type"": ""monthly_service_fee""}","{""increaseable"": ""true""}",,
already_complete,Existing item_type metadata is correct.,sub_1RO3FoE2kujhweZxeydBAsGh,cus_SIeXjjBIw7Au8a,active,si_SIeYDP7j2TE6TF,prod_S2qigSJLyqaK77,Monthly billing for annual inspect fee,price_1R8l1SE2kujhweZxySQB0Ift,1300,cad,inspection_fee,inspection_fee,"{""item_type"": ""inspection_fee""}","{""item_type"": ""inspection_fee""}",{},,
already_complete,Existing item_type metadata is correct.,sub_1RO3FoE2kujhweZxeydBAsGh,cus_SIeXjjBIw7Au8a,active,si_T90veXcpXMZ6Yd,prod_T3hwZee1aVVzp4,Monthly fee for Geothermal Energy Service pursuant to the Residential Energy Service Agreement (DivFern Geothermal Limited Partnership HST#763596962RT0001)252605,price_1TdNCAE2kujhweZxQykqL7Xc,16126,cad,monthly_service_fee,monthly_service_fee,"{""item_type"": ""monthly_service_fee""}","{""item_type"": ""monthly_service_fee""}","{""increaseable"": ""true""}",,
already_complete,Existing item_type metadata is correct.,sub_1RO3CYE2kujhweZx3OOtn0M2,cus_SIeUrWMsLxhfcU,active,si_SIeVfwdl1MWzuS,prod_S2qigSJLyqaK77,Monthly billing for annual inspect fee,price_1R8l1SE2kujhweZxySQB0Ift,1300,cad,inspection_fee,inspection_fee,"{""item_type"": ""inspection_fee""}","{""item_type"": ""inspection_fee""}",{},,
already_complete,Existing item_type metadata is correct.,sub_1RO3CYE2kujhweZx3OOtn0M2,cus_SIeUrWMsLxhfcU,active,si_T90vRNtQyzloe0,prod_T3hwZee1aVVzp4,Monthly fee for Geothermal Energy Service pursuant to the Residential Energy Service Agreement (DivFern Geothermal Limited Partnership HST#763596962RT0001)252605,price_1TdNCCE2kujhweZxmhx3L8hi,16126,cad,monthly_service_fee,monthly_service_fee,"{""item_type"": ""monthly_service_fee""}","{""item_type"": ""monthly_service_fee""}","{""increaseable"": ""true""}",,
already_complete,Existing item_type metadata is correct.,sub_1RO379E2kujhweZxaYYiZ7tK,cus_SIePUTCojsv6BV,active,si_SIePQgbzmTS2Jb,prod_S2qigSJLyqaK77,Monthly billing for annual inspect fee,price_1R8l1SE2kujhweZxySQB0Ift,1300,cad,inspection_fee,inspection_fee,"{""item_type"": ""inspection_fee""}","{""item_type"": ""inspection_fee""}",{},,
already_complete,Existing item_type metadata is correct.,sub_1RO379E2kujhweZxaYYiZ7tK,cus_SIePUTCojsv6BV,active,si_T90wdLipkuQ4av,prod_T3huGYZEo3XWyg,Monthly fee for Geothermal Energy Service pursuant to the Residential Energy Service Agreement (DivFern Geothermal Limited Partnership HST#763596962RT0001)252604,price_1TdNCEE2kujhweZxD6MqKVWh,14640,cad,monthly_service_fee,monthly_service_fee,"{""item_type"": ""monthly_service_fee""}","{""item_type"": ""monthly_service_fee""}","{""increaseable"": ""true""}",,
already_complete,Existing item_type metadata is correct.,sub_1RO34aE2kujhweZx0KfOMoXX,cus_SIeMz0reDN5KXR,active,si_SIeNHwTqcOcv6o,prod_S2qigSJLyqaK77,Monthly billing for annual inspect fee,price_1R8l1SE2kujhweZxySQB0Ift,1300,cad,inspection_fee,inspection_fee,"{""item_type"": ""inspection_fee""}","{""item_type"": ""inspection_fee""}",{},,
already_complete,Existing item_type metadata is correct.,sub_1RO34aE2kujhweZx0KfOMoXX,cus_SIeMz0reDN5KXR,active,si_T90wEqsZms3oEe,prod_T3huGYZEo3XWyg,Monthly fee for Geothermal Energy Service pursuant to the Residential Energy Service Agreement (DivFern Geothermal Limited Partnership HST#763596962RT0001)252604,price_1TdNCFE2kujhweZx8LRWbvKn,14640,cad,monthly_service_fee,monthly_service_fee,"{""item_type"": ""monthly_service_fee""}","{""item_type"": ""monthly_service_fee""}","{""increaseable"": ""true""}",,
already_complete,Existing item_type metadata is correct.,sub_1RO31nE2kujhweZxFJxp5NOr,cus_SIeJdCobSH02va,active,si_SIeKagQ7e3QqLL,prod_S2qigSJLyqaK77,Monthly billing for annual inspect fee,price_1R8l1SE2kujhweZxySQB0Ift,1300,cad,inspection_fee,inspection_fee,"{""item_type"": ""inspection_fee""}","{""item_type"": ""inspection_fee""}",{},,
already_complete,Existing item_type metadata is correct.,sub_1RO31nE2kujhweZxFJxp5NOr,cus_SIeJdCobSH02va,active,si_T90wBHghwMStur,prod_T3huGYZEo3XWyg,Monthly fee for Geothermal Energy Service pursuant to the Residential Energy Service Agreement (DivFern Geothermal Limited Partnership HST#763596962RT0001)252604,price_1TdNCHE2kujhweZxGs3OIPqe,14640,cad,monthly_service_fee,monthly_service_fee,"{""item_type"": ""monthly_service_fee""}","{""item_type"": ""monthly_service_fee""}","{""increaseable"": ""true""}",,
already_complete,Existing item_type metadata is correct.,sub_1RO2ypE2kujhweZxMAWsFOrf,cus_SIeGy2dSssPWUF,active,si_SIeHY4XPlbvTrP,prod_S2qigSJLyqaK77,Monthly billing for annual inspect fee,price_1R8l1SE2kujhweZxySQB0Ift,1300,cad,inspection_fee,inspection_fee,"{""item_type"": ""inspection_fee""}","{""item_type"": ""inspection_fee""}",{},,
already_complete,Existing item_type metadata is correct.,sub_1RO2ypE2kujhweZxMAWsFOrf,cus_SIeGy2dSssPWUF,active,si_T90v6i3qAvhThm,prod_T3huGYZEo3XWyg,Monthly fee for Geothermal Energy Service pursuant to the Residential Energy Service Agreement (DivFern Geothermal Limited Partnership HST#763596962RT0001)252604,price_1TdNCIE2kujhweZxZHaJJFbv,14640,cad,monthly_service_fee,monthly_service_fee,"{""item_type"": ""monthly_service_fee""}","{""item_type"": ""monthly_service_fee""}","{""increaseable"": ""true""}",,
already_complete,Existing item_type metadata is correct.,sub_1RO2wQE2kujhweZxOmiGPsO1,cus_SIeDse2Mp0XF4e,active,si_SIeECMvVZpH0iA,prod_S2qigSJLyqaK77,Monthly billing for annual inspect fee,price_1R8l1SE2kujhweZxySQB0Ift,1300,cad,inspection_fee,inspection_fee,"{""item_type"": ""inspection_fee""}","{""item_type"": ""inspection_fee""}",{},,
already_complete,Existing item_type metadata is correct.,sub_1RO2wQE2kujhweZxOmiGPsO1,cus_SIeDse2Mp0XF4e,active,si_T90zSPdRByxgPf,prod_T3hr9TI1e2mbTn,Monthly fee for Geothermal Energy Service pursuant to the Residential Energy Service Agreement (DivFern Geothermal Limited Partnership HST#763596962RT0001)252603,price_1TdNCKE2kujhweZx7XNxkjye,9654,cad,monthly_service_fee,monthly_service_fee,"{""item_type"": ""monthly_service_fee""}","{""item_type"": ""monthly_service_fee""}","{""increaseable"": ""true""}",,
already_complete,Existing item_type metadata is correct.,sub_1RO2tOE2kujhweZxhZAfWEQI,cus_SIeAG7pgsGFERv,active,si_SIeBVLNZ9XpPJI,prod_QRb4nqXhaz7pMn,Monthly billing for annual inspect fee,price_1PahsjE2kujhweZxZUnm9a53,1400,cad,inspection_fee,inspection_fee,"{""item_type"": ""inspection_fee""}","{""item_type"": ""inspection_fee""}",{},,
already_complete,Existing item_type metadata is correct.,sub_1RO2tOE2kujhweZxhZAfWEQI,cus_SIeAG7pgsGFERv,active,si_T90z8iVfv06YDE,prod_T3i7mDxTaNyb3T,Monthly fee for Geothermal Energy Service pursuant to the Residential Energy Service Agreement (DivFern Geothermal Limited Partnership HST#763596962RT0001)2526010,price_1TdNCME2kujhweZxCIU2nntX,9336,cad,monthly_service_fee,monthly_service_fee,"{""item_type"": ""monthly_service_fee""}","{""item_type"": ""monthly_service_fee""}","{""increaseable"": ""true""}",,
already_complete,Existing item_type metadata is correct.,sub_1RO2qiE2kujhweZx889yjV9N,cus_SIe8nKgoSVYwKs,active,si_SIe9GFsXuptsWE,prod_QRb4nqXhaz7pMn,Monthly billing for annual inspect fee,price_1PahsjE2kujhweZxZUnm9a53,1400,cad,inspection_fee,inspection_fee,"{""item_type"": ""inspection_fee""}","{""item_type"": ""inspection_fee""}",{},,
already_complete,Existing item_type metadata is correct.,sub_1RO2qiE2kujhweZx889yjV9N,cus_SIe8nKgoSVYwKs,active,si_T90zKo3J5CvUco,prod_T3i7mDxTaNyb3T,Monthly fee for Geothermal Energy Service pursuant to the Residential Energy Service Agreement (DivFern Geothermal Limited Partnership HST#763596962RT0001)2526010,price_1TdNCNE2kujhweZxNamsnQK7,9336,cad,monthly_service_fee,monthly_service_fee,"{""item_type"": ""monthly_service_fee""}","{""item_type"": ""monthly_service_fee""}","{""increaseable"": ""true""}",,
already_complete,Existing item_type metadata is correct.,sub_1RO2niE2kujhweZxJmdoZYNK,cus_SIe4UpzHSpp77W,active,si_SIe5YT6YS51Iej,prod_S2qigSJLyqaK77,Monthly billing for annual inspect fee,price_1R8l1SE2kujhweZxySQB0Ift,1300,cad,inspection_fee,inspection_fee,"{""item_type"": ""inspection_fee""}","{""item_type"": ""inspection_fee""}",{},,
already_complete,Existing item_type metadata is correct.,sub_1RO2niE2kujhweZxJmdoZYNK,cus_SIe4UpzHSpp77W,active,si_T910OoxGd5wLly,prod_T3hlL2YCvSvBJx,Monthly fee for Geothermal Energy Service pursuant to the Residential Energy Service Agreement (DivFern Geothermal Limited Partnership HST#763596962RT0001) Active252601,price_1TdNCQE2kujhweZxjukvNms5,10185,cad,monthly_service_fee,monthly_service_fee,"{""item_type"": ""monthly_service_fee""}","{""item_type"": ""monthly_service_fee""}","{""increaseable"": ""true""}",,
already_complete,Existing item_type metadata is correct.,sub_1RO2kqE2kujhweZxTFSPjWva,cus_SIe2LRgnj6ylwg,active,si_SIe2k1CclRZxuM,prod_S2qigSJLyqaK77,Monthly billing for annual inspect fee,price_1R8l1SE2kujhweZxySQB0Ift,1300,cad,inspection_fee,inspection_fee,"{""item_type"": ""inspection_fee""}","{""item_type"": ""inspection_fee""}",{},,
already_complete,Existing item_type metadata is correct.,sub_1RO2kqE2kujhweZxTFSPjWva,cus_SIe2LRgnj6ylwg,active,si_T910oVtmmf61S3,prod_T3hlL2YCvSvBJx,Monthly fee for Geothermal Energy Service pursuant to the Residential Energy Service Agreement (DivFern Geothermal Limited Partnership HST#763596962RT0001) Active252601,price_1TdNCRE2kujhweZxw0HR25xJ,10185,cad,monthly_service_fee,monthly_service_fee,"{""item_type"": ""monthly_service_fee""}","{""item_type"": ""monthly_service_fee""}","{""increaseable"": ""true""}",,
already_complete,Existing item_type metadata is correct.,sub_1RO2h7E2kujhweZxlnzxICqU,cus_SIdyRAdOKKRJkY,active,si_SIdz9b88tjJn2c,prod_S2qigSJLyqaK77,Monthly billing for annual inspect fee,price_1R8l1SE2kujhweZxySQB0Ift,1300,cad,inspection_fee,inspection_fee,"{""item_type"": ""inspection_fee""}","{""item_type"": ""inspection_fee""}",{},,
already_complete,Existing item_type metadata is correct.,sub_1RO2h7E2kujhweZxlnzxICqU,cus_SIdyRAdOKKRJkY,active,si_T910VuUiXxrZVg,prod_T3hlL2YCvSvBJx,Monthly fee for Geothermal Energy Service pursuant to the Residential Energy Service Agreement (DivFern Geothermal Limited Partnership HST#763596962RT0001) Active252601,price_1TdNCTE2kujhweZxHf3OQ5GL,10185,cad,monthly_service_fee,monthly_service_fee,"{""item_type"": ""monthly_service_fee""}","{""item_type"": ""monthly_service_fee""}","{""increaseable"": ""true""}",,
already_complete,Existing item_type metadata is correct.,sub_1RO2e8E2kujhweZxaOZMci29,cus_SIduuDLVUnHSXT,active,si_SIdwG74bz8ljjD,prod_S2qigSJLyqaK77,Monthly billing for annual inspect fee,price_1R8l1SE2kujhweZxySQB0Ift,1300,cad,inspection_fee,inspection_fee,"{""item_type"": ""inspection_fee""}","{""item_type"": ""inspection_fee""}",{},,
already_complete,Existing item_type metadata is correct.,sub_1RO2e8E2kujhweZxaOZMci29,cus_SIduuDLVUnHSXT,active,si_T910nW5Iwsula6,prod_T3hlL2YCvSvBJx,Monthly fee for Geothermal Energy Service pursuant to the Residential Energy Service Agreement (DivFern Geothermal Limited Partnership HST#763596962RT0001) Active252601,price_1TdilQE2kujhweZxlLyp9qtZ,10185,cad,monthly_service_fee,monthly_service_fee,"{""item_type"": ""monthly_service_fee""}","{""item_type"": ""monthly_service_fee""}","{""increaseable"": ""true""}",,
already_complete,Existing item_type metadata is correct.,sub_1RNR3uE2kujhweZxlbOfPgTY,cus_QRatG4oH0Gl3Oa,active,si_SI16ZyQyAwxvfg,prod_QRb4nqXhaz7pMn,Monthly billing for annual inspect fee,price_1PahsjE2kujhweZxZUnm9a53,1400,cad,inspection_fee,inspection_fee,"{""item_type"": ""inspection_fee""}","{""item_type"": ""inspection_fee""}",{},,
already_complete,Existing item_type metadata is correct.,sub_1RNR3uE2kujhweZxlbOfPgTY,cus_QRatG4oH0Gl3Oa,active,si_T90scHhRLsy9nS,prod_T3i3NHpWUctpfs,Monthly fee for Geothermal Energy Service pursuant to the Residential Energy Service Agreement (DivFern Geothermal Limited Partnership HST#763596962RT0001)252608,price_1TdNCVE2kujhweZxuVeUZaDJ,9866,cad,monthly_service_fee,monthly_service_fee,"{""item_type"": ""monthly_service_fee""}","{""item_type"": ""monthly_service_fee""}","{""increaseable"": ""true""}",,
already_complete,Existing item_type metadata is correct.,sub_1RLoQLE2kujhweZxa6wfpYcP,cus_SGL6Nxma031OB1,active,si_SGL6FtmMtqdzNm,prod_S2qigSJLyqaK77,Monthly billing for annual inspect fee,price_1R8l1SE2kujhweZxySQB0Ift,1300,cad,inspection_fee,inspection_fee,"{""item_type"": ""inspection_fee""}","{""item_type"": ""inspection_fee""}",{},,
already_complete,Existing item_type metadata is correct.,sub_1RLoQLE2kujhweZxa6wfpYcP,cus_SGL6Nxma031OB1,active,si_T904mhmg3yPymt,prod_T3hoBF9CllOVDa,Monthly fee for Geothermal Energy Service pursuant to the Residential Energy Service Agreement (DivFern Geothermal Limited Partnership HST#763596962RT0001)252602,price_1TdNCXE2kujhweZx9rVh7Bvw,19627,cad,monthly_service_fee,monthly_service_fee,"{""item_type"": ""monthly_service_fee""}","{""item_type"": ""monthly_service_fee""}","{""increaseable"": ""true""}",,
already_complete,Existing item_type metadata is correct.,sub_1RLoMwE2kujhweZxpem5QqQc,cus_SGL2EUnYn4sUqV,active,si_SGL3MzHfDeOIlf,prod_S2qigSJLyqaK77,Monthly billing for annual inspect fee,price_1R8l1SE2kujhweZxySQB0Ift,1300,cad,inspection_fee,inspection_fee,"{""item_type"": ""inspection_fee""}","{""item_type"": ""inspection_fee""}",{},,
already_complete,Existing item_type metadata is correct.,sub_1RLoMwE2kujhweZxpem5QqQc,cus_SGL2EUnYn4sUqV,active,si_T906kbbUNFan2K,prod_T3hwZee1aVVzp4,Monthly fee for Geothermal Energy Service pursuant to the Residential Energy Service Agreement (DivFern Geothermal Limited Partnership HST#763596962RT0001)252605,price_1TdNCYE2kujhweZxeYGJ6kZ0,16126,cad,monthly_service_fee,monthly_service_fee,"{""item_type"": ""monthly_service_fee""}","{""item_type"": ""monthly_service_fee""}","{""increaseable"": ""true""}",,
already_complete,Existing item_type metadata is correct.,sub_1RLoJpE2kujhweZxWNivKCfM,cus_SGKzdIttemJUoB,active,si_SGKzJbWzhkkHCX,prod_S2qigSJLyqaK77,Monthly billing for annual inspect fee,price_1R8l1SE2kujhweZxySQB0Ift,1300,cad,inspection_fee,inspection_fee,"{""item_type"": ""inspection_fee""}","{""item_type"": ""inspection_fee""}",{},,
already_complete,Existing item_type metadata is correct.,sub_1RLoJpE2kujhweZxWNivKCfM,cus_SGKzdIttemJUoB,active,si_T906FpzvK39Psy,prod_T3hwZee1aVVzp4,Monthly fee for Geothermal Energy Service pursuant to the Residential Energy Service Agreement (DivFern Geothermal Limited Partnership HST#763596962RT0001)252605,price_1TdNCaE2kujhweZxmpVRJrA0,16126,cad,monthly_service_fee,monthly_service_fee,"{""item_type"": ""monthly_service_fee""}","{""item_type"": ""monthly_service_fee""}","{""increaseable"": ""true""}",,
already_complete,Existing item_type metadata is correct.,sub_1RLoHKE2kujhweZxCdzWrFR9,cus_SGKwXOtDRPc6zu,active,si_SGKxHyTGB0OYtd,prod_S2qigSJLyqaK77,Monthly billing for annual inspect fee,price_1R8l1SE2kujhweZxySQB0Ift,1300,cad,inspection_fee,inspection_fee,"{""item_type"": ""inspection_fee""}","{""item_type"": ""inspection_fee""}",{},,
already_complete,Existing item_type metadata is correct.,sub_1RLoHKE2kujhweZxCdzWrFR9,cus_SGKwXOtDRPc6zu,active,si_T906GYF4ZI6yFd,prod_T3hwZee1aVVzp4,Monthly fee for Geothermal Energy Service pursuant to the Residential Energy Service Agreement (DivFern Geothermal Limited Partnership HST#763596962RT0001)252605,price_1TdNCcE2kujhweZxdHQyRrWR,16126,cad,monthly_service_fee,monthly_service_fee,"{""item_type"": ""monthly_service_fee""}","{""item_type"": ""monthly_service_fee""}","{""increaseable"": ""true""}",,
already_complete,Existing item_type metadata is correct.,sub_1RLoESE2kujhweZxJkmnWHR8,cus_SGKtItvnDT5g3y,active,si_SGKuv8abEyrwhm,prod_S2qigSJLyqaK77,Monthly billing for annual inspect fee,price_1R8l1SE2kujhweZxySQB0Ift,1300,cad,inspection_fee,inspection_fee,"{""item_type"": ""inspection_fee""}","{""item_type"": ""inspection_fee""}",{},,
already_complete,Existing item_type metadata is correct.,sub_1RLoESE2kujhweZxJkmnWHR8,cus_SGKtItvnDT5g3y,active,si_T908j09bWXwD1K,prod_T3huGYZEo3XWyg,Monthly fee for Geothermal Energy Service pursuant to the Residential Energy Service Agreement (DivFern Geothermal Limited Partnership HST#763596962RT0001)252604,price_1TdNCdE2kujhweZxuKja3Y3c,14640,cad,monthly_service_fee,monthly_service_fee,"{""item_type"": ""monthly_service_fee""}","{""item_type"": ""monthly_service_fee""}","{""increaseable"": ""true""}",,
already_complete,Existing item_type metadata is correct.,sub_1RLoBDE2kujhweZx6DL7zazc,cus_SGKqmyaH2A3iTd,active,si_SGKqOxDycFI6yL,prod_S2qigSJLyqaK77,Monthly billing for annual inspect fee,price_1R8l1SE2kujhweZxySQB0Ift,1300,cad,inspection_fee,inspection_fee,"{""item_type"": ""inspection_fee""}","{""item_type"": ""inspection_fee""}",{},,
already_complete,Existing item_type metadata is correct.,sub_1RLoBDE2kujhweZx6DL7zazc,cus_SGKqmyaH2A3iTd,active,si_T908ZoLlyl8b7M,prod_T3huGYZEo3XWyg,Monthly fee for Geothermal Energy Service pursuant to the Residential Energy Service Agreement (DivFern Geothermal Limited Partnership HST#763596962RT0001)252604,price_1TdNCfE2kujhweZx7KxrQARp,14640,cad,monthly_service_fee,monthly_service_fee,"{""item_type"": ""monthly_service_fee""}","{""item_type"": ""monthly_service_fee""}","{""increaseable"": ""true""}",,
already_complete,Existing item_type metadata is correct.,sub_1RLo87E2kujhweZxmBEtx5QW,cus_SGKmI1r35ALPr7,active,si_SGKnVyuqr2gBH4,prod_S2qigSJLyqaK77,Monthly billing for annual inspect fee,price_1R8l1SE2kujhweZxySQB0Ift,1300,cad,inspection_fee,inspection_fee,"{""item_type"": ""inspection_fee""}","{""item_type"": ""inspection_fee""}",{},,
already_complete,Existing item_type metadata is correct.,sub_1RLo87E2kujhweZxmBEtx5QW,cus_SGKmI1r35ALPr7,active,si_T908g20QdmCnyv,prod_T3huGYZEo3XWyg,Monthly fee for Geothermal Energy Service pursuant to the Residential Energy Service Agreement (DivFern Geothermal Limited Partnership HST#763596962RT0001)252604,price_1TdNChE2kujhweZxx0c5spEe,14640,cad,monthly_service_fee,monthly_service_fee,"{""item_type"": ""monthly_service_fee""}","{""item_type"": ""monthly_service_fee""}","{""increaseable"": ""true""}",,
already_complete,Existing item_type metadata is correct.,sub_1RLo4SE2kujhweZxW6Yhqfxd,cus_SGKjTLA9OIleVX,active,si_SGKjPkcPtXdcV8,prod_S2qigSJLyqaK77,Monthly billing for annual inspect fee,price_1R8l1SE2kujhweZxySQB0Ift,1300,cad,inspection_fee,inspection_fee,"{""item_type"": ""inspection_fee""}","{""item_type"": ""inspection_fee""}",{},,
already_complete,Existing item_type metadata is correct.,sub_1RLo4SE2kujhweZxW6Yhqfxd,cus_SGKjTLA9OIleVX,active,si_T90BCLL8ttLAx0,prod_T3hr9TI1e2mbTn,Monthly fee for Geothermal Energy Service pursuant to the Residential Energy Service Agreement (DivFern Geothermal Limited Partnership HST#763596962RT0001)252603,price_1TdNCjE2kujhweZxr5TXe3lG,9654,cad,monthly_service_fee,monthly_service_fee,"{""item_type"": ""monthly_service_fee""}","{""item_type"": ""monthly_service_fee""}","{""increaseable"": ""true""}",,
already_complete,Existing item_type metadata is correct.,sub_1RLo1eE2kujhweZxLGPi5dwZ,cus_SGKgxH1Kzmrv4v,active,si_SGKhyiPlFm25ws,prod_S2qigSJLyqaK77,Monthly billing for annual inspect fee,price_1R8l1SE2kujhweZxySQB0Ift,1300,cad,inspection_fee,inspection_fee,"{""item_type"": ""inspection_fee""}","{""item_type"": ""inspection_fee""}",{},,
already_complete,Existing item_type metadata is correct.,sub_1RLo1eE2kujhweZxLGPi5dwZ,cus_SGKgxH1Kzmrv4v,active,si_T90BFmMpSu0Ljj,prod_T3hr9TI1e2mbTn,Monthly fee for Geothermal Energy Service pursuant to the Residential Energy Service Agreement (DivFern Geothermal Limited Partnership HST#763596962RT0001)252603,price_1TdNClE2kujhweZx3AFNVnu7,9654,cad,monthly_service_fee,monthly_service_fee,"{""item_type"": ""monthly_service_fee""}","{""item_type"": ""monthly_service_fee""}","{""increaseable"": ""true""}",,
already_complete,Existing item_type metadata is correct.,sub_1RLnymE2kujhweZxer18sGD6,cus_SGKdMGkgXJta65,active,si_SGKeQbbYrfd3Rr,prod_S2qigSJLyqaK77,Monthly billing for annual inspect fee,price_1R8l1SE2kujhweZxySQB0Ift,1300,cad,inspection_fee,inspection_fee,"{""item_type"": ""inspection_fee""}","{""item_type"": ""inspection_fee""}",{},,
already_complete,Existing item_type metadata is correct.,sub_1RLnymE2kujhweZxer18sGD6,cus_SGKdMGkgXJta65,active,si_T90B4BSL3Dy7n9,prod_T3hr9TI1e2mbTn,Monthly fee for Geothermal Energy Service pursuant to the Residential Energy Service Agreement (DivFern Geothermal Limited Partnership HST#763596962RT0001)252603,price_1TdNCmE2kujhweZxq7OKmH5p,9654,cad,monthly_service_fee,monthly_service_fee,"{""item_type"": ""monthly_service_fee""}","{""item_type"": ""monthly_service_fee""}","{""increaseable"": ""true""}",,
already_complete,Existing item_type metadata is correct.,sub_1RLnw2E2kujhweZxFKgZVkz9,cus_SGKaLEY0fjdKbd,active,si_SGKbMHfEX0CNW2,prod_S2qigSJLyqaK77,Monthly billing for annual inspect fee,price_1R8l1SE2kujhweZxySQB0Ift,1300,cad,inspection_fee,inspection_fee,"{""item_type"": ""inspection_fee""}","{""item_type"": ""inspection_fee""}",{},,
already_complete,Existing item_type metadata is correct.,sub_1RLnw2E2kujhweZxFKgZVkz9,cus_SGKaLEY0fjdKbd,active,si_T90A3eWtibeYoJ,prod_T3hr9TI1e2mbTn,Monthly fee for Geothermal Energy Service pursuant to the Residential Energy Service Agreement (DivFern Geothermal Limited Partnership HST#763596962RT0001)252603,price_1TdNCoE2kujhweZxRjqS6QTH,9654,cad,monthly_service_fee,monthly_service_fee,"{""item_type"": ""monthly_service_fee""}","{""item_type"": ""monthly_service_fee""}","{""increaseable"": ""true""}",,
already_complete,Existing item_type metadata is correct.,sub_1RLnsgE2kujhweZx3GmehS2I,cus_SGKX7PH73tlbxg,active,si_SGKXtpbiZ7pIr6,prod_QRb4nqXhaz7pMn,Monthly billing for annual inspect fee,price_1PahsjE2kujhweZxZUnm9a53,1400,cad,inspection_fee,inspection_fee,"{""item_type"": ""inspection_fee""}","{""item_type"": ""inspection_fee""}",{},,
already_complete,Existing item_type metadata is correct.,sub_1RLnsgE2kujhweZx3GmehS2I,cus_SGKX7PH73tlbxg,active,si_T90CaIpw1GqHQY,prod_T3i7mDxTaNyb3T,Monthly fee for Geothermal Energy Service pursuant to the Residential Energy Service Agreement (DivFern Geothermal Limited Partnership HST#763596962RT0001)2526010,price_1TdNCqE2kujhweZxWCKco9KB,9336,cad,monthly_service_fee,monthly_service_fee,"{""item_type"": ""monthly_service_fee""}","{""item_type"": ""monthly_service_fee""}","{""increaseable"": ""true""}",,
already_complete,Existing item_type metadata is correct.,sub_1RLnqDE2kujhweZxhM3iTczR,cus_SGKSqSGIn17Kt1,active,si_SGKVO0QUVBK9PL,prod_QRb4nqXhaz7pMn,Monthly billing for annual inspect fee,price_1PahsjE2kujhweZxZUnm9a53,1400,cad,inspection_fee,inspection_fee,"{""item_type"": ""inspection_fee""}","{""item_type"": ""inspection_fee""}",{},,
already_complete,Existing item_type metadata is correct.,sub_1RLnqDE2kujhweZxhM3iTczR,cus_SGKSqSGIn17Kt1,active,si_T90CqJFkj1Iimo,prod_T3i7mDxTaNyb3T,Monthly fee for Geothermal Energy Service pursuant to the Residential Energy Service Agreement (DivFern Geothermal Limited Partnership HST#763596962RT0001)2526010,price_1TdNCrE2kujhweZxTt9NcJ5d,9336,cad,monthly_service_fee,monthly_service_fee,"{""item_type"": ""monthly_service_fee""}","{""item_type"": ""monthly_service_fee""}","{""increaseable"": ""true""}",,
already_complete,Existing item_type metadata is correct.,sub_1RJHMpE2kujhweZxk0Lwm6fc,cus_SDinjhyoNw5VVg,active,si_SDioQ1I23Ipomy,prod_S2qigSJLyqaK77,Monthly billing for annual inspect fee,price_1R8l1SE2kujhweZxySQB0Ift,1300,cad,inspection_fee,inspection_fee,"{""item_type"": ""inspection_fee""}","{""item_type"": ""inspection_fee""}",{},,
already_complete,Existing item_type metadata is correct.,sub_1RJHMpE2kujhweZxk0Lwm6fc,cus_SDinjhyoNw5VVg,active,si_TJIRor6JMdnuh3,prod_T3hwZee1aVVzp4,Monthly fee for Geothermal Energy Service pursuant to the Residential Energy Service Agreement (DivFern Geothermal Limited Partnership HST#763596962RT0001)252605,price_1TdNCtE2kujhweZxWjM63Hvw,16126,cad,monthly_service_fee,monthly_service_fee,"{""item_type"": ""monthly_service_fee""}","{""item_type"": ""monthly_service_fee""}","{""increaseable"": ""true""}",,
already_complete,Existing item_type metadata is correct.,sub_1RJHK8E2kujhweZxjNElVyJx,cus_SDil4Zl5yBl1MJ,active,si_SDilu2adKtZT62,prod_S2qigSJLyqaK77,Monthly billing for annual inspect fee,price_1R8l1SE2kujhweZxySQB0Ift,1300,cad,inspection_fee,inspection_fee,"{""item_type"": ""inspection_fee""}","{""item_type"": ""inspection_fee""}",{},,
already_complete,Existing item_type metadata is correct.,sub_1RJHK8E2kujhweZxjNElVyJx,cus_SDil4Zl5yBl1MJ,active,si_TJISxS1PxZSAjW,prod_T3hwZee1aVVzp4,Monthly fee for Geothermal Energy Service pursuant to the Residential Energy Service Agreement (DivFern Geothermal Limited Partnership HST#763596962RT0001)252605,price_1TdNCuE2kujhweZxNcH7bsk4,16126,cad,monthly_service_fee,monthly_service_fee,"{""item_type"": ""monthly_service_fee""}","{""item_type"": ""monthly_service_fee""}","{""increaseable"": ""true""}",,
already_complete,Existing item_type metadata is correct.,sub_1RJHH1E2kujhweZxMABGPepm,cus_SDihSDkAgjzX0b,active,si_SDiiHOpCZduwEY,prod_S2qigSJLyqaK77,Monthly billing for annual inspect fee,price_1R8l1SE2kujhweZxySQB0Ift,1300,cad,inspection_fee,inspection_fee,"{""item_type"": ""inspection_fee""}","{""item_type"": ""inspection_fee""}",{},,
already_complete,Existing item_type metadata is correct.,sub_1RJHH1E2kujhweZxMABGPepm,cus_SDihSDkAgjzX0b,active,si_TJISGWmYPzqMLA,prod_T3hwZee1aVVzp4,Monthly fee for Geothermal Energy Service pursuant to the Residential Energy Service Agreement (DivFern Geothermal Limited Partnership HST#763596962RT0001)252605,price_1TdNCwE2kujhweZxm4qwDPEU,16126,cad,monthly_service_fee,monthly_service_fee,"{""item_type"": ""monthly_service_fee""}","{""item_type"": ""monthly_service_fee""}","{""increaseable"": ""true""}",,
already_complete,Existing item_type metadata is correct.,sub_1RJH9NE2kujhweZxyBc4pfkK,cus_SDiZ75XCcuhmih,active,si_SDiaaYeFM4izS6,prod_S2qigSJLyqaK77,Monthly billing for annual inspect fee,price_1R8l1SE2kujhweZxySQB0Ift,1300,cad,inspection_fee,inspection_fee,"{""item_type"": ""inspection_fee""}","{""item_type"": ""inspection_fee""}",{},,
already_complete,Existing item_type metadata is correct.,sub_1RJH9NE2kujhweZxyBc4pfkK,cus_SDiZ75XCcuhmih,active,si_TJISMUZ1zNRWIa,prod_T3hwZee1aVVzp4,Monthly fee for Geothermal Energy Service pursuant to the Residential Energy Service Agreement (DivFern Geothermal Limited Partnership HST#763596962RT0001)252605,price_1TdNCyE2kujhweZxOdIgdLKo,16126,cad,monthly_service_fee,monthly_service_fee,"{""item_type"": ""monthly_service_fee""}","{""item_type"": ""monthly_service_fee""}","{""increaseable"": ""true""}",,
already_complete,Existing item_type metadata is correct.,sub_1RJH6CE2kujhweZxECfGZbAj,cus_SDiWeRhYC1vzMu,active,si_SDiXEZlV47atcw,prod_S2qigSJLyqaK77,Monthly billing for annual inspect fee,price_1R8l1SE2kujhweZxySQB0Ift,1300,cad,inspection_fee,inspection_fee,"{""item_type"": ""inspection_fee""}","{""item_type"": ""inspection_fee""}",{},,
already_complete,Existing item_type metadata is correct.,sub_1RJH6CE2kujhweZxECfGZbAj,cus_SDiWeRhYC1vzMu,active,si_TJIT5NuZZHM28A,prod_T3hwZee1aVVzp4,Monthly fee for Geothermal Energy Service pursuant to the Residential Energy Service Agreement (DivFern Geothermal Limited Partnership HST#763596962RT0001)252605,price_1TdND0E2kujhweZxKm9JqFgj,16126,cad,monthly_service_fee,monthly_service_fee,"{""item_type"": ""monthly_service_fee""}","{""item_type"": ""monthly_service_fee""}","{""increaseable"": ""true""}",,
already_complete,Existing item_type metadata is correct.,sub_1RJH3KE2kujhweZxVCFSJr85,cus_SDiTrnW1eZ10kZ,active,si_SDiUGfqPw3SJ62,prod_S2qigSJLyqaK77,Monthly billing for annual inspect fee,price_1R8l1SE2kujhweZxySQB0Ift,1300,cad,inspection_fee,inspection_fee,"{""item_type"": ""inspection_fee""}","{""item_type"": ""inspection_fee""}",{},,
already_complete,Existing item_type metadata is correct.,sub_1RJH3KE2kujhweZxVCFSJr85,cus_SDiTrnW1eZ10kZ,active,si_TJIfEuFHEVBY9L,prod_T3huGYZEo3XWyg,Monthly fee for Geothermal Energy Service pursuant to the Residential Energy Service Agreement (DivFern Geothermal Limited Partnership HST#763596962RT0001)252604,price_1TdND1E2kujhweZxn5SpyfVa,14640,cad,monthly_service_fee,monthly_service_fee,"{""item_type"": ""monthly_service_fee""}","{""item_type"": ""monthly_service_fee""}","{""increaseable"": ""true""}",,
already_complete,Existing item_type metadata is correct.,sub_1RJGzeE2kujhweZx8ODxEACo,cus_SDiQerVYjUXHEs,active,si_SDiQluzRCadyNN,prod_S2qigSJLyqaK77,Monthly billing for annual inspect fee,price_1R8l1SE2kujhweZxySQB0Ift,1300,cad,inspection_fee,inspection_fee,"{""item_type"": ""inspection_fee""}","{""item_type"": ""inspection_fee""}",{},,
already_complete,Existing item_type metadata is correct.,sub_1RJGzeE2kujhweZx8ODxEACo,cus_SDiQerVYjUXHEs,active,si_TJIec4LPcm5L1t,prod_T3hr9TI1e2mbTn,Monthly fee for Geothermal Energy Service pursuant to the Residential Energy Service Agreement (DivFern Geothermal Limited Partnership HST#763596962RT0001)252603,price_1TdND3E2kujhweZxOCFWqlUl,9654,cad,monthly_service_fee,monthly_service_fee,"{""item_type"": ""monthly_service_fee""}","{""item_type"": ""monthly_service_fee""}","{""increaseable"": ""true""}",,
already_complete,Existing item_type metadata is correct.,sub_1RJGx5E2kujhweZx3xWXHCoH,cus_SDiNIfIlEzlUSj,active,si_SDiNLSTJ7CoxB3,prod_S2qigSJLyqaK77,Monthly billing for annual inspect fee,price_1R8l1SE2kujhweZxySQB0Ift,1300,cad,inspection_fee,inspection_fee,"{""item_type"": ""inspection_fee""}","{""item_type"": ""inspection_fee""}",{},,
already_complete,Existing item_type metadata is correct.,sub_1RJGx5E2kujhweZx3xWXHCoH,cus_SDiNIfIlEzlUSj,active,si_TJIeKnFISGSdAf,prod_T3hr9TI1e2mbTn,Monthly fee for Geothermal Energy Service pursuant to the Residential Energy Service Agreement (DivFern Geothermal Limited Partnership HST#763596962RT0001)252603,price_1TdND5E2kujhweZxjMsR5UIV,9654,cad,monthly_service_fee,monthly_service_fee,"{""item_type"": ""monthly_service_fee""}","{""item_type"": ""monthly_service_fee""}","{""increaseable"": ""true""}",,
already_complete,Existing item_type metadata is correct.,sub_1RJGuSE2kujhweZxUujnJJhr,cus_SDiK3JlNimfcAN,active,si_SDiL9Z6nOe0a3U,prod_S2qigSJLyqaK77,Monthly billing for annual inspect fee,price_1R8l1SE2kujhweZxySQB0Ift,1300,cad,inspection_fee,inspection_fee,"{""item_type"": ""inspection_fee""}","{""item_type"": ""inspection_fee""}",{},,
already_complete,Existing item_type metadata is correct.,sub_1RJGuSE2kujhweZxUujnJJhr,cus_SDiK3JlNimfcAN,active,si_TJIez0NNT0t5Gi,prod_T3hr9TI1e2mbTn,Monthly fee for Geothermal Energy Service pursuant to the Residential Energy Service Agreement (DivFern Geothermal Limited Partnership HST#763596962RT0001)252603,price_1TdND6E2kujhweZx2fRiH0qZ,9654,cad,monthly_service_fee,monthly_service_fee,"{""item_type"": ""monthly_service_fee""}","{""item_type"": ""monthly_service_fee""}","{""increaseable"": ""true""}",,
already_complete,Existing item_type metadata is correct.,sub_1RJGrVE2kujhweZxOoK3NdpQ,cus_SDiH9ycxVXoSkG,active,si_SDiIMDe9if5kvk,prod_S2qigSJLyqaK77,Monthly billing for annual inspect fee,price_1R8l1SE2kujhweZxySQB0Ift,1300,cad,inspection_fee,inspection_fee,"{""item_type"": ""inspection_fee""}","{""item_type"": ""inspection_fee""}",{},,
already_complete,Existing item_type metadata is correct.,sub_1RJGrVE2kujhweZxOoK3NdpQ,cus_SDiH9ycxVXoSkG,active,si_TJIcm62EokkE1B,prod_T3hr9TI1e2mbTn,Monthly fee for Geothermal Energy Service pursuant to the Residential Energy Service Agreement (DivFern Geothermal Limited Partnership HST#763596962RT0001)252603,price_1TdND8E2kujhweZxHmiAYn2z,9654,cad,monthly_service_fee,monthly_service_fee,"{""item_type"": ""monthly_service_fee""}","{""item_type"": ""monthly_service_fee""}","{""increaseable"": ""true""}",,
already_complete,Existing item_type metadata is correct.,sub_1RJGoUE2kujhweZxbtCSdspp,cus_SDiE0T60RScKAx,active,si_SDiEV32JFMRhvp,prod_S2qigSJLyqaK77,Monthly billing for annual inspect fee,price_1R8l1SE2kujhweZxySQB0Ift,1300,cad,inspection_fee,inspection_fee,"{""item_type"": ""inspection_fee""}","{""item_type"": ""inspection_fee""}",{},,
already_complete,Existing item_type metadata is correct.,sub_1RJGoUE2kujhweZxbtCSdspp,cus_SDiE0T60RScKAx,active,si_TJIcQfZBsDbHWd,prod_T3hr9TI1e2mbTn,Monthly fee for Geothermal Energy Service pursuant to the Residential Energy Service Agreement (DivFern Geothermal Limited Partnership HST#763596962RT0001)252603,price_1TdNDAE2kujhweZxVu3AcmqB,9654,cad,monthly_service_fee,monthly_service_fee,"{""item_type"": ""monthly_service_fee""}","{""item_type"": ""monthly_service_fee""}","{""increaseable"": ""true""}",,
already_complete,Existing item_type metadata is correct.,sub_1RJGlgE2kujhweZx4n02Nl4P,cus_SDiBHQZ6vQUJYU,active,si_SDiCEhmJd7qDT6,prod_QRb4nqXhaz7pMn,Monthly billing for annual inspect fee,price_1PahsjE2kujhweZxZUnm9a53,1400,cad,inspection_fee,inspection_fee,"{""item_type"": ""inspection_fee""}","{""item_type"": ""inspection_fee""}",{},,
already_complete,Existing item_type metadata is correct.,sub_1RJGlgE2kujhweZx4n02Nl4P,cus_SDiBHQZ6vQUJYU,active,si_TJIaScVj2atMLl,prod_T3i7mDxTaNyb3T,Monthly fee for Geothermal Energy Service pursuant to the Residential Energy Service Agreement (DivFern Geothermal Limited Partnership HST#763596962RT0001)2526010,price_1TdNDBE2kujhweZx5T9Xbs8u,9336,cad,monthly_service_fee,monthly_service_fee,"{""item_type"": ""monthly_service_fee""}","{""item_type"": ""monthly_service_fee""}","{""increaseable"": ""true""}",,
already_complete,Existing item_type metadata is correct.,sub_1RJGbHE2kujhweZxO3IR29C7,cus_SDi0IChrSidJ9a,active,si_SDi10C1ka1e4T8,prod_QRb4nqXhaz7pMn,Monthly billing for annual inspect fee,price_1PahsjE2kujhweZxZUnm9a53,1400,cad,inspection_fee,inspection_fee,"{""item_type"": ""inspection_fee""}","{""item_type"": ""inspection_fee""}",{},,
already_complete,Existing item_type metadata is correct.,sub_1RJGbHE2kujhweZxO3IR29C7,cus_SDi0IChrSidJ9a,active,si_TJIaIlAhar1mMm,prod_T3i7mDxTaNyb3T,Monthly fee for Geothermal Energy Service pursuant to the Residential Energy Service Agreement (DivFern Geothermal Limited Partnership HST#763596962RT0001)2526010,price_1TdikwE2kujhweZxju8FhIY0,9336,cad,monthly_service_fee,monthly_service_fee,"{""item_type"": ""monthly_service_fee""}","{""item_type"": ""monthly_service_fee""}","{""increaseable"": ""true""}",,
already_complete,Existing item_type metadata is correct.,sub_1RGPnQE2kujhweZx99RAHZdF,cus_SAlJFxD1iBMeoK,active,si_SAlKItL9q5sIaZ,prod_S2qigSJLyqaK77,Monthly billing for annual inspect fee,price_1R8l1SE2kujhweZxySQB0Ift,1300,cad,inspection_fee,inspection_fee,"{""item_type"": ""inspection_fee""}","{""item_type"": ""inspection_fee""}",{},,
already_complete,Existing item_type metadata is correct.,sub_1RGPnQE2kujhweZx99RAHZdF,cus_SAlJFxD1iBMeoK,active,si_TEPvoCSyKkfC2Y,prod_T3hwZee1aVVzp4,Monthly fee for Geothermal Energy Service pursuant to the Residential Energy Service Agreement (DivFern Geothermal Limited Partnership HST#763596962RT0001)252605,price_1TdNDDE2kujhweZxqFgNe9Ko,16126,cad,monthly_service_fee,monthly_service_fee,"{""item_type"": ""monthly_service_fee""}","{""item_type"": ""monthly_service_fee""}","{""increaseable"": ""true""}",,
already_complete,Existing item_type metadata is correct.,sub_1RGPktE2kujhweZxvga30cmK,cus_SAlHeBw53z2PfS,active,si_SAlHTFeN949o0F,prod_S2qigSJLyqaK77,Monthly billing for annual inspect fee,price_1R8l1SE2kujhweZxySQB0Ift,1300,cad,inspection_fee,inspection_fee,"{""item_type"": ""inspection_fee""}","{""item_type"": ""inspection_fee""}",{},,
already_complete,Existing item_type metadata is correct.,sub_1RGPktE2kujhweZxvga30cmK,cus_SAlHeBw53z2PfS,active,si_TEPvjuRZIctM1t,prod_T3hwZee1aVVzp4,Monthly fee for Geothermal Energy Service pursuant to the Residential Energy Service Agreement (DivFern Geothermal Limited Partnership HST#763596962RT0001)252605,price_1TdNDFE2kujhweZxLylF3yqG,16126,cad,monthly_service_fee,monthly_service_fee,"{""item_type"": ""monthly_service_fee""}","{""item_type"": ""monthly_service_fee""}","{""increaseable"": ""true""}",,
already_complete,Existing item_type metadata is correct.,sub_1RGPgPE2kujhweZxzL2RnoHl,cus_SAlCO4vFDhpyVc,active,si_SAlCbMM3goQPxE,prod_S2qigSJLyqaK77,Monthly billing for annual inspect fee,price_1R8l1SE2kujhweZxySQB0Ift,1300,cad,inspection_fee,inspection_fee,"{""item_type"": ""inspection_fee""}","{""item_type"": ""inspection_fee""}",{},,
already_complete,Existing item_type metadata is correct.,sub_1RGPgPE2kujhweZxzL2RnoHl,cus_SAlCO4vFDhpyVc,active,si_TEQ7kJIsYlWjwW,prod_T3hr9TI1e2mbTn,Monthly fee for Geothermal Energy Service pursuant to the Residential Energy Service Agreement (DivFern Geothermal Limited Partnership HST#763596962RT0001)252603,price_1TdNDHE2kujhweZxbxlBJuQa,9654,cad,monthly_service_fee,monthly_service_fee,"{""item_type"": ""monthly_service_fee""}","{""item_type"": ""monthly_service_fee""}","{""increaseable"": ""true""}",,
already_complete,Existing item_type metadata is correct.,sub_1RGPWnE2kujhweZxkdxAnIng,cus_SAl2qC1xp3wsXj,active,si_SAl28eTRcDqFIL,prod_S2qigSJLyqaK77,Monthly billing for annual inspect fee,price_1R8l1SE2kujhweZxySQB0Ift,1300,cad,inspection_fee,inspection_fee,"{""item_type"": ""inspection_fee""}","{""item_type"": ""inspection_fee""}",{},,
already_complete,Existing item_type metadata is correct.,sub_1RGPWnE2kujhweZxkdxAnIng,cus_SAl2qC1xp3wsXj,active,si_TEQAkAYOJMLUPj,prod_T3hr9TI1e2mbTn,Monthly fee for Geothermal Energy Service pursuant to the Residential Energy Service Agreement (DivFern Geothermal Limited Partnership HST#763596962RT0001)252603,price_1TdNDLE2kujhweZxeUq4ChQU,9654,cad,monthly_service_fee,monthly_service_fee,"{""item_type"": ""monthly_service_fee""}","{""item_type"": ""monthly_service_fee""}","{""increaseable"": ""true""}",,
already_complete,Existing item_type metadata is correct.,sub_1RGPRtE2kujhweZxDREaJGQH,cus_SAkwGuSFYRR5gH,active,si_SAkxfy9iyii71A,prod_QRb4nqXhaz7pMn,Monthly billing for annual inspect fee,price_1PahsjE2kujhweZxZUnm9a53,1400,cad,inspection_fee,inspection_fee,"{""item_type"": ""inspection_fee""}","{""item_type"": ""inspection_fee""}",{},,
already_complete,Existing item_type metadata is correct.,sub_1RGPRtE2kujhweZxDREaJGQH,cus_SAkwGuSFYRR5gH,active,si_TEQBWcTuVQyKBn,prod_T3i7mDxTaNyb3T,Monthly fee for Geothermal Energy Service pursuant to the Residential Energy Service Agreement (DivFern Geothermal Limited Partnership HST#763596962RT0001)2526010,price_1TdNDNE2kujhweZxQpjVdnaj,9336,cad,monthly_service_fee,monthly_service_fee,"{""item_type"": ""monthly_service_fee""}","{""item_type"": ""monthly_service_fee""}","{""increaseable"": ""true""}",,
already_complete,Existing item_type metadata is correct.,sub_1REWAiE2kujhweZxeWnolh3F,cus_S8nlgH6DJlK1TL,active,si_S8nmZTbIgEgXMc,prod_S2qigSJLyqaK77,Monthly billing for annual inspect fee,price_1R8l1SE2kujhweZxySQB0Ift,1300,cad,inspection_fee,inspection_fee,"{""item_type"": ""inspection_fee""}","{""item_type"": ""inspection_fee""}",{},,
already_complete,Existing item_type metadata is correct.,sub_1REWAiE2kujhweZxeWnolh3F,cus_S8nlgH6DJlK1TL,active,si_TDrpnEe61k63ny,prod_T3hwZee1aVVzp4,Monthly fee for Geothermal Energy Service pursuant to the Residential Energy Service Agreement (DivFern Geothermal Limited Partnership HST#763596962RT0001)252605,price_1TdNDPE2kujhweZxVOotLGd6,16126,cad,monthly_service_fee,monthly_service_fee,"{""item_type"": ""monthly_service_fee""}","{""item_type"": ""monthly_service_fee""}","{""increaseable"": ""true""}",,
already_complete,Existing item_type metadata is correct.,sub_1REW8AE2kujhweZxLR2No9n4,cus_S8njIoOJEs5rjV,active,si_S8njNFzm0p8dnW,prod_S2qigSJLyqaK77,Monthly billing for annual inspect fee,price_1R8l1SE2kujhweZxySQB0Ift,1300,cad,inspection_fee,inspection_fee,"{""item_type"": ""inspection_fee""}","{""item_type"": ""inspection_fee""}",{},,
already_complete,Existing item_type metadata is correct.,sub_1REW8AE2kujhweZxLR2No9n4,cus_S8njIoOJEs5rjV,active,si_TDrpEDwxcFUlqj,prod_T3hwZee1aVVzp4,Monthly fee for Geothermal Energy Service pursuant to the Residential Energy Service Agreement (DivFern Geothermal Limited Partnership HST#763596962RT0001)252605,price_1TdNDRE2kujhweZxocNzoXVF,16126,cad,monthly_service_fee,monthly_service_fee,"{""item_type"": ""monthly_service_fee""}","{""item_type"": ""monthly_service_fee""}","{""increaseable"": ""true""}",,
already_complete,Existing item_type metadata is correct.,sub_1REW5WE2kujhweZxwjbnr0RV,cus_S8ngNXLe1pfSST,active,si_S8ngL2GcLu6WZB,prod_S2qigSJLyqaK77,Monthly billing for annual inspect fee,price_1R8l1SE2kujhweZxySQB0Ift,1300,cad,inspection_fee,inspection_fee,"{""item_type"": ""inspection_fee""}","{""item_type"": ""inspection_fee""}",{},,
already_complete,Existing item_type metadata is correct.,sub_1REW5WE2kujhweZxwjbnr0RV,cus_S8ngNXLe1pfSST,active,si_TDrrtbJVMS1rIH,prod_T3huGYZEo3XWyg,Monthly fee for Geothermal Energy Service pursuant to the Residential Energy Service Agreement (DivFern Geothermal Limited Partnership HST#763596962RT0001)252604,price_1TdNDTE2kujhweZxfedZTFOh,14640,cad,monthly_service_fee,monthly_service_fee,"{""item_type"": ""monthly_service_fee""}","{""item_type"": ""monthly_service_fee""}","{""increaseable"": ""true""}",,
already_complete,Existing item_type metadata is correct.,sub_1REW27E2kujhweZxprU6GBP1,cus_S8nceR7pIQdSYe,active,si_S8ndtul5BByxXT,prod_S2qigSJLyqaK77,Monthly billing for annual inspect fee,price_1R8l1SE2kujhweZxySQB0Ift,1300,cad,inspection_fee,inspection_fee,"{""item_type"": ""inspection_fee""}","{""item_type"": ""inspection_fee""}",{},,
already_complete,Existing item_type metadata is correct.,sub_1REW27E2kujhweZxprU6GBP1,cus_S8nceR7pIQdSYe,active,si_TDrtdhpfIwgrnw,prod_T3hr9TI1e2mbTn,Monthly fee for Geothermal Energy Service pursuant to the Residential Energy Service Agreement (DivFern Geothermal Limited Partnership HST#763596962RT0001)252603,price_1TdNDUE2kujhweZxE15qyHFY,9654,cad,monthly_service_fee,monthly_service_fee,"{""item_type"": ""monthly_service_fee""}","{""item_type"": ""monthly_service_fee""}","{""increaseable"": ""true""}",,
already_complete,Existing item_type metadata is correct.,sub_1REVynE2kujhweZxFIUQHVa2,cus_S8nZloU6G8S5gq,active,si_S8nZ4Hgb8B47V3,prod_S2qigSJLyqaK77,Monthly billing for annual inspect fee,price_1R8l1SE2kujhweZxySQB0Ift,1300,cad,inspection_fee,inspection_fee,"{""item_type"": ""inspection_fee""}","{""item_type"": ""inspection_fee""}",{},,
already_complete,Existing item_type metadata is correct.,sub_1REVynE2kujhweZxFIUQHVa2,cus_S8nZloU6G8S5gq,active,si_TAh9DXvBMhMWTL,prod_T3hr9TI1e2mbTn,Monthly fee for Geothermal Energy Service pursuant to the Residential Energy Service Agreement (DivFern Geothermal Limited Partnership HST#763596962RT0001)252603,price_1TdNDWE2kujhweZx0DSgZAGj,9654,cad,monthly_service_fee,monthly_service_fee,"{""item_type"": ""monthly_service_fee""}","{""item_type"": ""monthly_service_fee""}","{""increaseable"": ""true""}",,
already_complete,Existing item_type metadata is correct.,sub_1REVvME2kujhweZxiRUJSRjj,cus_S8nVsPXD1LtYgG,active,si_S8nWBqU3BVPx8o,prod_S2qigSJLyqaK77,Monthly billing for annual inspect fee,price_1R8l1SE2kujhweZxySQB0Ift,1300,cad,inspection_fee,inspection_fee,"{""item_type"": ""inspection_fee""}","{""item_type"": ""inspection_fee""}",{},,
already_complete,Existing item_type metadata is correct.,sub_1REVvME2kujhweZxiRUJSRjj,cus_S8nVsPXD1LtYgG,active,si_TAhAYfbkgHqry0,prod_T3hr9TI1e2mbTn,Monthly fee for Geothermal Energy Service pursuant to the Residential Energy Service Agreement (DivFern Geothermal Limited Partnership HST#763596962RT0001)252603,price_1TdNDZE2kujhweZxhgP9yLs1,9654,cad,monthly_service_fee,monthly_service_fee,"{""item_type"": ""monthly_service_fee""}","{""item_type"": ""monthly_service_fee""}","{""increaseable"": ""true""}",,
already_complete,Existing item_type metadata is correct.,sub_1REVrvE2kujhweZx3jwihk8h,cus_S8nSoDTzyOLSfU,active,si_S8nS0Gx0DYDcMi,prod_S2qigSJLyqaK77,Monthly billing for annual inspect fee,price_1R8l1SE2kujhweZxySQB0Ift,1300,cad,inspection_fee,inspection_fee,"{""item_type"": ""inspection_fee""}","{""item_type"": ""inspection_fee""}",{},,
already_complete,Existing item_type metadata is correct.,sub_1REVrvE2kujhweZx3jwihk8h,cus_S8nSoDTzyOLSfU,active,si_TDrxfZMAPO9uvG,prod_T3hr9TI1e2mbTn,Monthly fee for Geothermal Energy Service pursuant to the Residential Energy Service Agreement (DivFern Geothermal Limited Partnership HST#763596962RT0001)252603,price_1TdNDbE2kujhweZxwTWkJIXO,9654,cad,monthly_service_fee,monthly_service_fee,"{""item_type"": ""monthly_service_fee""}","{""item_type"": ""monthly_service_fee""}","{""increaseable"": ""true""}",,
already_complete,Existing item_type metadata is correct.,sub_1REHETE2kujhweZx4iIIx6Ug,cus_S8YIV6vW31hxgm,active,si_S8YLCijbmVbRWC,prod_QRb4nqXhaz7pMn,Monthly billing for annual inspect fee,price_1PahsjE2kujhweZxZUnm9a53,1400,cad,inspection_fee,inspection_fee,"{""item_type"": ""inspection_fee""}","{""item_type"": ""inspection_fee""}",{},,
already_complete,Existing item_type metadata is correct.,sub_1REHETE2kujhweZx4iIIx6Ug,cus_S8YIV6vW31hxgm,active,si_T91D22Q3i24dH7,prod_T3i7mDxTaNyb3T,Monthly fee for Geothermal Energy Service pursuant to the Residential Energy Service Agreement (DivFern Geothermal Limited Partnership HST#763596962RT0001)2526010,price_1TdNDdE2kujhweZxwPuG7wGx,9336,cad,monthly_service_fee,monthly_service_fee,"{""item_type"": ""monthly_service_fee""}","{""item_type"": ""monthly_service_fee""}","{""increaseable"": ""true""}",,
already_complete,Existing item_type metadata is correct.,sub_1REH9IE2kujhweZxNsb0396s,cus_S8YFP6Xn4g453i,active,si_S8YF8ENLsXViEe,prod_QRb4nqXhaz7pMn,Monthly billing for annual inspect fee,price_1PahsjE2kujhweZxZUnm9a53,1400,cad,inspection_fee,inspection_fee,"{""item_type"": ""inspection_fee""}","{""item_type"": ""inspection_fee""}",{},,
already_complete,Existing item_type metadata is correct.,sub_1REH9IE2kujhweZxNsb0396s,cus_S8YFP6Xn4g453i,active,si_T91Em4bCnuUH8w,prod_T3i7mDxTaNyb3T,Monthly fee for Geothermal Energy Service pursuant to the Residential Energy Service Agreement (DivFern Geothermal Limited Partnership HST#763596962RT0001)2526010,price_1TdNDeE2kujhweZxyeRnoHFr,9336,cad,monthly_service_fee,monthly_service_fee,"{""item_type"": ""monthly_service_fee""}","{""item_type"": ""monthly_service_fee""}","{""increaseable"": ""true""}",,
already_complete,Existing item_type metadata is correct.,sub_1REH6QE2kujhweZxbl6Qnhma,cus_S8YCVeztEed5RM,active,si_S8YCiwn6XUcFaF,prod_QRb4nqXhaz7pMn,Monthly billing for annual inspect fee,price_1PahsjE2kujhweZxZUnm9a53,1400,cad,inspection_fee,inspection_fee,"{""item_type"": ""inspection_fee""}","{""item_type"": ""inspection_fee""}",{},,
already_complete,Existing item_type metadata is correct.,sub_1REH6QE2kujhweZxbl6Qnhma,cus_S8YCVeztEed5RM,active,si_T91DzDGZmNybhm,prod_T3i3NHpWUctpfs,Monthly fee for Geothermal Energy Service pursuant to the Residential Energy Service Agreement (DivFern Geothermal Limited Partnership HST#763596962RT0001)252608,price_1TdNDgE2kujhweZxlBkYfw1b,9866,cad,monthly_service_fee,monthly_service_fee,"{""item_type"": ""monthly_service_fee""}","{""item_type"": ""monthly_service_fee""}","{""increaseable"": ""true""}",,
already_complete,Existing item_type metadata is correct.,sub_1REH2HE2kujhweZxKsKhmutj,cus_S8Y7X9IzxAiTro,active,si_S8Y8xkR2GPxAZO,prod_QRb4nqXhaz7pMn,Monthly billing for annual inspect fee,price_1PahsjE2kujhweZxZUnm9a53,1400,cad,inspection_fee,inspection_fee,"{""item_type"": ""inspection_fee""}","{""item_type"": ""inspection_fee""}",{},,
already_complete,Existing item_type metadata is correct.,sub_1REH2HE2kujhweZxKsKhmutj,cus_S8Y7X9IzxAiTro,active,si_T91ENqipK7F69D,prod_T3i7mDxTaNyb3T,Monthly fee for Geothermal Energy Service pursuant to the Residential Energy Service Agreement (DivFern Geothermal Limited Partnership HST#763596962RT0001)2526010,price_1TdNDiE2kujhweZxeiDOEjhD,9336,cad,monthly_service_fee,monthly_service_fee,"{""item_type"": ""monthly_service_fee""}","{""item_type"": ""monthly_service_fee""}","{""increaseable"": ""true""}",,
already_complete,Existing item_type metadata is correct.,sub_1RDrmuE2kujhweZxNHdyLPNt,cus_Ryo4kcvMa7pbjC,active,si_S883HhkJvUHmsz,prod_QRb4nqXhaz7pMn,Monthly billing for annual inspect fee,price_1PahsjE2kujhweZxZUnm9a53,1400,cad,inspection_fee,inspection_fee,"{""item_type"": ""inspection_fee""}","{""item_type"": ""inspection_fee""}",{},,
already_complete,Existing item_type metadata is correct.,sub_1RDrmuE2kujhweZxNHdyLPNt,cus_Ryo4kcvMa7pbjC,active,si_T918NUtEX4hYbC,prod_T3i7mDxTaNyb3T,Monthly fee for Geothermal Energy Service pursuant to the Residential Energy Service Agreement (DivFern Geothermal Limited Partnership HST#763596962RT0001)2526010,price_1TdNDkE2kujhweZxvzbiR24B,9336,cad,monthly_service_fee,monthly_service_fee,"{""item_type"": ""monthly_service_fee""}","{""item_type"": ""monthly_service_fee""}","{""increaseable"": ""true""}",,
already_complete,Existing item_type metadata is correct.,sub_1RBzdFE2kujhweZxP1FW6d8h,cus_S6C0i9pNKzyKS7,active,si_S6C1kqLGBLDBb7,prod_S2qigSJLyqaK77,Monthly billing for annual inspect fee,price_1R8l1SE2kujhweZxySQB0Ift,1300,cad,inspection_fee,inspection_fee,"{""item_type"": ""inspection_fee""}","{""item_type"": ""inspection_fee""}",{},,
already_complete,Existing item_type metadata is correct.,sub_1RBzdFE2kujhweZxP1FW6d8h,cus_S6C0i9pNKzyKS7,active,si_T90UMl0bDiv2d1,prod_T3huGYZEo3XWyg,Monthly fee for Geothermal Energy Service pursuant to the Residential Energy Service Agreement (DivFern Geothermal Limited Partnership HST#763596962RT0001)252604,price_1TdNDlE2kujhweZxDUwTaUHV,14640,cad,monthly_service_fee,monthly_service_fee,"{""item_type"": ""monthly_service_fee""}","{""item_type"": ""monthly_service_fee""}","{""increaseable"": ""true""}",,
already_complete,Existing item_type metadata is correct.,sub_1RBcxGE2kujhweZx5WpmXBLZ,cus_S5oZFGmm1qddsC,active,si_S5oace72IE9Ol3,prod_QRb4nqXhaz7pMn,Monthly billing for annual inspect fee,price_1PahsjE2kujhweZxZUnm9a53,1400,cad,inspection_fee,inspection_fee,"{""item_type"": ""inspection_fee""}","{""item_type"": ""inspection_fee""}",{},,
already_complete,Existing item_type metadata is correct.,sub_1RBcxGE2kujhweZx5WpmXBLZ,cus_S5oZFGmm1qddsC,active,si_T90MUn7RcqJuUZ,prod_T3i7mDxTaNyb3T,Monthly fee for Geothermal Energy Service pursuant to the Residential Energy Service Agreement (DivFern Geothermal Limited Partnership HST#763596962RT0001)2526010,price_1TdNDnE2kujhweZxAXCiR4GX,9336,cad,monthly_service_fee,monthly_service_fee,"{""item_type"": ""monthly_service_fee""}","{""item_type"": ""monthly_service_fee""}","{""increaseable"": ""true""}",,
already_complete,Existing item_type metadata is correct.,sub_1RBcujE2kujhweZxEfhm9aMi,cus_S5oXX0gSxAofg4,active,si_S5oXeUq4ZBFIdq,prod_S2qigSJLyqaK77,Monthly billing for annual inspect fee,price_1R8l1SE2kujhweZxySQB0Ift,1300,cad,inspection_fee,inspection_fee,"{""item_type"": ""inspection_fee""}","{""item_type"": ""inspection_fee""}",{},,
already_complete,Existing item_type metadata is correct.,sub_1RBcujE2kujhweZxEfhm9aMi,cus_S5oXX0gSxAofg4,active,si_T90NNMuWOfrKxt,prod_T3hwZee1aVVzp4,Monthly fee for Geothermal Energy Service pursuant to the Residential Energy Service Agreement (DivFern Geothermal Limited Partnership HST#763596962RT0001)252605,price_1TdNDpE2kujhweZxmn1S8MjW,16126,cad,monthly_service_fee,monthly_service_fee,"{""item_type"": ""monthly_service_fee""}","{""item_type"": ""monthly_service_fee""}","{""increaseable"": ""true""}",,
already_complete,Existing item_type metadata is correct.,sub_1RBcrtE2kujhweZxJssvpZER,cus_S5oSDAjdpkIO39,active,si_S5oUCZeJASdBDC,prod_S2qigSJLyqaK77,Monthly billing for annual inspect fee,price_1R8l1SE2kujhweZxySQB0Ift,1300,cad,inspection_fee,inspection_fee,"{""item_type"": ""inspection_fee""}","{""item_type"": ""inspection_fee""}",{},,
already_complete,Existing item_type metadata is correct.,sub_1RBcrtE2kujhweZxJssvpZER,cus_S5oSDAjdpkIO39,active,si_T90NXVNmfkhusT,prod_T3hwZee1aVVzp4,Monthly fee for Geothermal Energy Service pursuant to the Residential Energy Service Agreement (DivFern Geothermal Limited Partnership HST#763596962RT0001)252605,price_1TdNDrE2kujhweZxPKuEmDkg,16126,cad,monthly_service_fee,monthly_service_fee,"{""item_type"": ""monthly_service_fee""}","{""item_type"": ""monthly_service_fee""}","{""increaseable"": ""true""}",,
already_complete,Existing item_type metadata is correct.,sub_1RBcncE2kujhweZx9qA4PQZH,cus_S5oPhCirWxuDVm,active,si_S5oQhAsZbIRe2f,prod_S2qigSJLyqaK77,Monthly billing for annual inspect fee,price_1R8l1SE2kujhweZxySQB0Ift,1300,cad,inspection_fee,inspection_fee,"{""item_type"": ""inspection_fee""}","{""item_type"": ""inspection_fee""}",{},,
already_complete,Existing item_type metadata is correct.,sub_1RBcncE2kujhweZx9qA4PQZH,cus_S5oPhCirWxuDVm,active,si_T90NsaWmLinRRO,prod_T3hwZee1aVVzp4,Monthly fee for Geothermal Energy Service pursuant to the Residential Energy Service Agreement (DivFern Geothermal Limited Partnership HST#763596962RT0001)252605,price_1TdNDtE2kujhweZx9XHUW3fU,16126,cad,monthly_service_fee,monthly_service_fee,"{""item_type"": ""monthly_service_fee""}","{""item_type"": ""monthly_service_fee""}","{""increaseable"": ""true""}",,
already_complete,Existing item_type metadata is correct.,sub_1RBckkE2kujhweZxQfZ68fL2,cus_S5oMRRhSidpKSy,active,si_S5oNksncGbTD3T,prod_S2qigSJLyqaK77,Monthly billing for annual inspect fee,price_1R8l1SE2kujhweZxySQB0Ift,1300,cad,inspection_fee,inspection_fee,"{""item_type"": ""inspection_fee""}","{""item_type"": ""inspection_fee""}",{},,
already_complete,Existing item_type metadata is correct.,sub_1RBckkE2kujhweZxQfZ68fL2,cus_S5oMRRhSidpKSy,active,si_T90MlRfD90Cnzl,prod_T3hwZee1aVVzp4,Monthly fee for Geothermal Energy Service pursuant to the Residential Energy Service Agreement (DivFern Geothermal Limited Partnership HST#763596962RT0001)252605,price_1TdNDuE2kujhweZxyFRaGoJe,16126,cad,monthly_service_fee,monthly_service_fee,"{""item_type"": ""monthly_service_fee""}","{""item_type"": ""monthly_service_fee""}","{""increaseable"": ""true""}",,
already_complete,Existing item_type metadata is correct.,sub_1RBNAiE2kujhweZxFo5qa9Zx,cus_S5YGJLi2HhI9vF,active,si_S5YHnlidiC4qh2,prod_S2qigSJLyqaK77,Monthly billing for annual inspect fee,price_1R8l1SE2kujhweZxySQB0Ift,1300,cad,inspection_fee,inspection_fee,"{""item_type"": ""inspection_fee""}","{""item_type"": ""inspection_fee""}",{},,
already_complete,Existing item_type metadata is correct.,sub_1RBNAiE2kujhweZxFo5qa9Zx,cus_S5YGJLi2HhI9vF,active,si_T8zyqQlCRD9TpX,prod_T3hwZee1aVVzp4,Monthly fee for Geothermal Energy Service pursuant to the Residential Energy Service Agreement (DivFern Geothermal Limited Partnership HST#763596962RT0001)252605,price_1TdNDwE2kujhweZxAtFSkCmy,16126,cad,monthly_service_fee,monthly_service_fee,"{""item_type"": ""monthly_service_fee""}","{""item_type"": ""monthly_service_fee""}","{""increaseable"": ""true""}",,
already_complete,Existing item_type metadata is correct.,sub_1RBN7CE2kujhweZxjNMDCkmE,cus_S5YCvVLYG5MxH7,active,si_S5YDVe5nnyTNvn,prod_S2qigSJLyqaK77,Monthly billing for annual inspect fee,price_1R8l1SE2kujhweZxySQB0Ift,1300,cad,inspection_fee,inspection_fee,"{""item_type"": ""inspection_fee""}","{""item_type"": ""inspection_fee""}",{},,
already_complete,Existing item_type metadata is correct.,sub_1RBN7CE2kujhweZxjNMDCkmE,cus_S5YCvVLYG5MxH7,active,si_T8zyBAwZZIwJaA,prod_T3huGYZEo3XWyg,Monthly fee for Geothermal Energy Service pursuant to the Residential Energy Service Agreement (DivFern Geothermal Limited Partnership HST#763596962RT0001)252604,price_1TdNDyE2kujhweZx3hQrnxS5,14640,cad,monthly_service_fee,monthly_service_fee,"{""item_type"": ""monthly_service_fee""}","{""item_type"": ""monthly_service_fee""}","{""increaseable"": ""true""}",,
already_complete,Existing item_type metadata is correct.,sub_1RBMzXE2kujhweZxlfo6JibW,cus_S5Y5tK2I83bXgP,active,si_S5Y5U6XbqeRzZR,prod_S2qigSJLyqaK77,Monthly billing for annual inspect fee,price_1R8l1SE2kujhweZxySQB0Ift,1300,cad,inspection_fee,inspection_fee,"{""item_type"": ""inspection_fee""}","{""item_type"": ""inspection_fee""}",{},,
already_complete,Existing item_type metadata is correct.,sub_1RBMzXE2kujhweZxlfo6JibW,cus_S5Y5tK2I83bXgP,active,si_T902ui5WKQgEgZ,prod_T3hr9TI1e2mbTn,Monthly fee for Geothermal Energy Service pursuant to the Residential Energy Service Agreement (DivFern Geothermal Limited Partnership HST#763596962RT0001)252603,price_1TdNDzE2kujhweZxu8fc3MJm,9654,cad,monthly_service_fee,monthly_service_fee,"{""item_type"": ""monthly_service_fee""}","{""item_type"": ""monthly_service_fee""}","{""increaseable"": ""true""}",,
already_complete,Existing item_type metadata is correct.,sub_1RBMvXE2kujhweZx0ANY9IE8,cus_S5Y0NQND9wOgqq,active,si_S5Y1YeXnlkapn2,prod_S2qigSJLyqaK77,Monthly billing for annual inspect fee,price_1R8l1SE2kujhweZxySQB0Ift,1300,cad,inspection_fee,inspection_fee,"{""item_type"": ""inspection_fee""}","{""item_type"": ""inspection_fee""}",{},,
already_complete,Existing item_type metadata is correct.,sub_1RBMvXE2kujhweZx0ANY9IE8,cus_S5Y0NQND9wOgqq,active,si_T902AL6J7QEbzt,prod_T3hr9TI1e2mbTn,Monthly fee for Geothermal Energy Service pursuant to the Residential Energy Service Agreement (DivFern Geothermal Limited Partnership HST#763596962RT0001)252603,price_1TdNE1E2kujhweZxoslOBukh,9654,cad,monthly_service_fee,monthly_service_fee,"{""item_type"": ""monthly_service_fee""}","{""item_type"": ""monthly_service_fee""}","{""increaseable"": ""true""}",,
already_complete,Existing item_type metadata is correct.,sub_1R8mKiE2kujhweZxGjDOS1EW,cus_S2s4PuiOXNeIzi,active,si_S2s48OALc5lFTx,prod_QRb4nqXhaz7pMn,Monthly billing for annual inspect fee,price_1PahsjE2kujhweZxZUnm9a53,1400,cad,inspection_fee,inspection_fee,"{""item_type"": ""inspection_fee""}","{""item_type"": ""inspection_fee""}",{},,
already_complete,Existing item_type metadata is correct.,sub_1R8mKiE2kujhweZxGjDOS1EW,cus_S2s4PuiOXNeIzi,active,si_TJIqJlvvVo4VDN,prod_T3i7mDxTaNyb3T,Monthly fee for Geothermal Energy Service pursuant to the Residential Energy Service Agreement (DivFern Geothermal Limited Partnership HST#763596962RT0001)2526010,price_1TdNE2E2kujhweZx1MWCs0o1,9336,cad,monthly_service_fee,monthly_service_fee,"{""item_type"": ""monthly_service_fee""}","{""item_type"": ""monthly_service_fee""}","{""increaseable"": ""true""}",,
already_complete,Existing item_type metadata is correct.,sub_1R8mEhE2kujhweZxHtDF5L2Y,cus_S2rx00SWmqtTs2,active,si_S2ryXEEQQuTSK0,prod_QRb4nqXhaz7pMn,Monthly billing for annual inspect fee,price_1PahsjE2kujhweZxZUnm9a53,1400,cad,inspection_fee,inspection_fee,"{""item_type"": ""inspection_fee""}","{""item_type"": ""inspection_fee""}",{},,
already_complete,Existing item_type metadata is correct.,sub_1R8mEhE2kujhweZxHtDF5L2Y,cus_S2rx00SWmqtTs2,active,si_TJIqyXBEiT0LTp,prod_T3i7mDxTaNyb3T,Monthly fee for Geothermal Energy Service pursuant to the Residential Energy Service Agreement (DivFern Geothermal Limited Partnership HST#763596962RT0001)2526010,price_1TdNE4E2kujhweZxZVE8KkJR,9336,cad,monthly_service_fee,monthly_service_fee,"{""item_type"": ""monthly_service_fee""}","{""item_type"": ""monthly_service_fee""}","{""increaseable"": ""true""}",,
already_complete,Existing item_type metadata is correct.,sub_1R8mBdE2kujhweZx9Mc5qULW,cus_S2ruwbd1w7q7NX,active,si_S2rvLdZNLkEpJH,prod_S2qigSJLyqaK77,Monthly billing for annual inspect fee,price_1R8l1SE2kujhweZxySQB0Ift,1300,cad,inspection_fee,inspection_fee,"{""item_type"": ""inspection_fee""}","{""item_type"": ""inspection_fee""}",{},,
already_complete,Existing item_type metadata is correct.,sub_1R8mBdE2kujhweZx9Mc5qULW,cus_S2ruwbd1w7q7NX,active,si_TJIpLq8qE3ZaMn,prod_T3hwZee1aVVzp4,Monthly fee for Geothermal Energy Service pursuant to the Residential Energy Service Agreement (DivFern Geothermal Limited Partnership HST#763596962RT0001)252605,price_1TdNE6E2kujhweZxAceROeRu,16126,cad,monthly_service_fee,monthly_service_fee,"{""item_type"": ""monthly_service_fee""}","{""item_type"": ""monthly_service_fee""}","{""increaseable"": ""true""}",,
already_complete,Existing item_type metadata is correct.,sub_1R8m96E2kujhweZxNbnDuETr,cus_S2rrFZW0Ujed9x,active,si_S2rsmXk5TXeQK6,prod_S2qigSJLyqaK77,Monthly billing for annual inspect fee,price_1R8l1SE2kujhweZxySQB0Ift,1300,cad,inspection_fee,inspection_fee,"{""item_type"": ""inspection_fee""}","{""item_type"": ""inspection_fee""}",{},,
already_complete,Existing item_type metadata is correct.,sub_1R8m96E2kujhweZxNbnDuETr,cus_S2rrFZW0Ujed9x,active,si_TJIo80LUZ0H7qI,prod_T3hwZee1aVVzp4,Monthly fee for Geothermal Energy Service pursuant to the Residential Energy Service Agreement (DivFern Geothermal Limited Partnership HST#763596962RT0001)252605,price_1TdNE8E2kujhweZx0yLkDi5s,16126,cad,monthly_service_fee,monthly_service_fee,"{""item_type"": ""monthly_service_fee""}","{""item_type"": ""monthly_service_fee""}","{""increaseable"": ""true""}",,
already_complete,Existing item_type metadata is correct.,sub_1R8m4qE2kujhweZx80a1YcBg,cus_S2rnlbDly8gSJd,active,si_S2roEckI7G6wKZ,prod_S2qigSJLyqaK77,Monthly billing for annual inspect fee,price_1R8l1SE2kujhweZxySQB0Ift,1300,cad,inspection_fee,inspection_fee,"{""item_type"": ""inspection_fee""}","{""item_type"": ""inspection_fee""}",{},,
already_complete,Existing item_type metadata is correct.,sub_1R8m4qE2kujhweZx80a1YcBg,cus_S2rnlbDly8gSJd,active,si_TJIohKf6ZtwqfY,prod_T3hwZee1aVVzp4,Monthly fee for Geothermal Energy Service pursuant to the Residential Energy Service Agreement (DivFern Geothermal Limited Partnership HST#763596962RT0001)252605,price_1TdNEAE2kujhweZx11ywsTGf,16126,cad,monthly_service_fee,monthly_service_fee,"{""item_type"": ""monthly_service_fee""}","{""item_type"": ""monthly_service_fee""}","{""increaseable"": ""true""}",,
already_complete,Existing item_type metadata is correct.,sub_1R8m1uE2kujhweZxu6SPfZrw,cus_S2rkOUULyOkqxs,active,si_S2rlJoltswzMfK,prod_S2qigSJLyqaK77,Monthly billing for annual inspect fee,price_1R8l1SE2kujhweZxySQB0Ift,1300,cad,inspection_fee,inspection_fee,"{""item_type"": ""inspection_fee""}","{""item_type"": ""inspection_fee""}",{},,
already_complete,Existing item_type metadata is correct.,sub_1R8m1uE2kujhweZxu6SPfZrw,cus_S2rkOUULyOkqxs,active,si_TJIo1eNmYlVn5X,prod_T3hwZee1aVVzp4,Monthly fee for Geothermal Energy Service pursuant to the Residential Energy Service Agreement (DivFern Geothermal Limited Partnership HST#763596962RT0001)252605,price_1TdNEBE2kujhweZxLnQeFGys,16126,cad,monthly_service_fee,monthly_service_fee,"{""item_type"": ""monthly_service_fee""}","{""item_type"": ""monthly_service_fee""}","{""increaseable"": ""true""}",,
already_complete,Existing item_type metadata is correct.,sub_1R8lvqE2kujhweZxLpVuHjuR,cus_S2reSWgJBiwoa1,active,si_S2rf0TsZDANulD,prod_S2qigSJLyqaK77,Monthly billing for annual inspect fee,price_1R8l1SE2kujhweZxySQB0Ift,1300,cad,inspection_fee,inspection_fee,"{""item_type"": ""inspection_fee""}","{""item_type"": ""inspection_fee""}",{},,
already_complete,Existing item_type metadata is correct.,sub_1R8lvqE2kujhweZxLpVuHjuR,cus_S2reSWgJBiwoa1,active,si_TJImAKfQxraGpv,prod_T3hwZee1aVVzp4,Monthly fee for Geothermal Energy Service pursuant to the Residential Energy Service Agreement (DivFern Geothermal Limited Partnership HST#763596962RT0001)252605,price_1TdNEDE2kujhweZxAX9TKrCr,16126,cad,monthly_service_fee,monthly_service_fee,"{""item_type"": ""monthly_service_fee""}","{""item_type"": ""monthly_service_fee""}","{""increaseable"": ""true""}",,
already_complete,Existing item_type metadata is correct.,sub_1R8lrkE2kujhweZxWKVqRcbW,cus_S2ra0jGVMCYfg5,active,si_S2raJSQou1Rpbk,prod_S2qigSJLyqaK77,Monthly billing for annual inspect fee,price_1R8l1SE2kujhweZxySQB0Ift,1300,cad,inspection_fee,inspection_fee,"{""item_type"": ""inspection_fee""}","{""item_type"": ""inspection_fee""}",{},,
already_complete,Existing item_type metadata is correct.,sub_1R8lrkE2kujhweZxWKVqRcbW,cus_S2ra0jGVMCYfg5,active,si_TJIlVnc0CkEhT2,prod_T3hwZee1aVVzp4,Monthly fee for Geothermal Energy Service pursuant to the Residential Energy Service Agreement (DivFern Geothermal Limited Partnership HST#763596962RT0001)252605,price_1TdNEFE2kujhweZxD7IzjD91,16126,cad,monthly_service_fee,monthly_service_fee,"{""item_type"": ""monthly_service_fee""}","{""item_type"": ""monthly_service_fee""}","{""increaseable"": ""true""}",,
already_complete,Existing item_type metadata is correct.,sub_1R8lDtE2kujhweZxpuBfYFvo,cus_S2quONVCPoCHOR,active,si_S2qvpDPL1YePFS,prod_S2qigSJLyqaK77,Monthly billing for annual inspect fee,price_1R8l1SE2kujhweZxySQB0Ift,1300,cad,inspection_fee,inspection_fee,"{""item_type"": ""inspection_fee""}","{""item_type"": ""inspection_fee""}",{},,
already_complete,Existing item_type metadata is correct.,sub_1R8lDtE2kujhweZxpuBfYFvo,cus_S2quONVCPoCHOR,active,si_TJIkNNRSViEgvJ,prod_T3huGYZEo3XWyg,Monthly fee for Geothermal Energy Service pursuant to the Residential Energy Service Agreement (DivFern Geothermal Limited Partnership HST#763596962RT0001)252604,price_1TdNEHE2kujhweZxj2UgEGq7,14640,cad,monthly_service_fee,monthly_service_fee,"{""item_type"": ""monthly_service_fee""}","{""item_type"": ""monthly_service_fee""}","{""increaseable"": ""true""}",,
already_complete,Existing item_type metadata is correct.,sub_1R8lAIE2kujhweZxmMNlg0yt,cus_S2qryQbNodvaZu,active,si_S2qs4jLNhcn4F6,prod_S2qigSJLyqaK77,Monthly billing for annual inspect fee,price_1R8l1SE2kujhweZxySQB0Ift,1300,cad,inspection_fee,inspection_fee,"{""item_type"": ""inspection_fee""}","{""item_type"": ""inspection_fee""}",{},,
already_complete,Existing item_type metadata is correct.,sub_1R8lAIE2kujhweZxmMNlg0yt,cus_S2qryQbNodvaZu,active,si_TJIiZyUM8g25FP,prod_T3hr9TI1e2mbTn,Monthly fee for Geothermal Energy Service pursuant to the Residential Energy Service Agreement (DivFern Geothermal Limited Partnership HST#763596962RT0001)252603,price_1TdNEJE2kujhweZxW6lxkdxb,9654,cad,monthly_service_fee,monthly_service_fee,"{""item_type"": ""monthly_service_fee""}","{""item_type"": ""monthly_service_fee""}","{""increaseable"": ""true""}",,
already_complete,Existing item_type metadata is correct.,sub_1R8l7KE2kujhweZxSYzZ4QYG,cus_S2qnucwdXVAl6O,active,si_S2qomE5cgZqGnz,prod_S2qigSJLyqaK77,Monthly billing for annual inspect fee,price_1R8l1SE2kujhweZxySQB0Ift,1300,cad,inspection_fee,inspection_fee,"{""item_type"": ""inspection_fee""}","{""item_type"": ""inspection_fee""}",{},,
already_complete,Existing item_type metadata is correct.,sub_1R8l7KE2kujhweZxSYzZ4QYG,cus_S2qnucwdXVAl6O,active,si_TJIirzU61fVd77,prod_T3hr9TI1e2mbTn,Monthly fee for Geothermal Energy Service pursuant to the Residential Energy Service Agreement (DivFern Geothermal Limited Partnership HST#763596962RT0001)252603,price_1TdNEKE2kujhweZx4wOPQJMv,9654,cad,monthly_service_fee,monthly_service_fee,"{""item_type"": ""monthly_service_fee""}","{""item_type"": ""monthly_service_fee""}","{""increaseable"": ""true""}",,
already_complete,Existing item_type metadata is correct.,sub_1R6ESKE2kujhweZxFvKEawZJ,cus_S0EvBxQOn0GTWu,active,si_S0EwUvl3WeZX4B,prod_QRb4nqXhaz7pMn,Monthly billing for annual inspect fee,price_1PahsjE2kujhweZxZUnm9a53,1400,cad,inspection_fee,inspection_fee,"{""item_type"": ""inspection_fee""}","{""item_type"": ""inspection_fee""}",{},,
already_complete,Existing item_type metadata is correct.,sub_1R6ESKE2kujhweZxFvKEawZJ,cus_S0EvBxQOn0GTWu,active,si_TEQj1UNfogMNeS,prod_T3i7mDxTaNyb3T,Monthly fee for Geothermal Energy Service pursuant to the Residential Energy Service Agreement (DivFern Geothermal Limited Partnership HST#763596962RT0001)2526010,price_1TdNEME2kujhweZxDwHpaJBv,9336,cad,monthly_service_fee,monthly_service_fee,"{""item_type"": ""monthly_service_fee""}","{""item_type"": ""monthly_service_fee""}","{""increaseable"": ""true""}",,
already_complete,Existing item_type metadata is correct.,sub_1R6EONE2kujhweZxQrmLfzBf,cus_S0EquNKHrGQ3uB,active,si_S0Es1QTk92NQEg,prod_QRb4nqXhaz7pMn,Monthly billing for annual inspect fee,price_1PahsjE2kujhweZxZUnm9a53,1400,cad,inspection_fee,inspection_fee,"{""item_type"": ""inspection_fee""}","{""item_type"": ""inspection_fee""}",{},,
already_complete,Existing item_type metadata is correct.,sub_1R6EONE2kujhweZxQrmLfzBf,cus_S0EquNKHrGQ3uB,active,si_TEQjD73adxGsI2,prod_T3i7mDxTaNyb3T,Monthly fee for Geothermal Energy Service pursuant to the Residential Energy Service Agreement (DivFern Geothermal Limited Partnership HST#763596962RT0001)2526010,price_1TdNEOE2kujhweZxzU8pkRnE,9336,cad,monthly_service_fee,monthly_service_fee,"{""item_type"": ""monthly_service_fee""}","{""item_type"": ""monthly_service_fee""}","{""increaseable"": ""true""}",,
already_complete,Existing item_type metadata is correct.,sub_1R6EKdE2kujhweZx2g7aA7JM,cus_S0EmH4zi5ogmEz,active,si_S0EoNmVz4SPllm,prod_QRb4nqXhaz7pMn,Monthly billing for annual inspect fee,price_1PahsjE2kujhweZxZUnm9a53,1400,cad,inspection_fee,inspection_fee,"{""item_type"": ""inspection_fee""}","{""item_type"": ""inspection_fee""}",{},,
already_complete,Existing item_type metadata is correct.,sub_1R6EKdE2kujhweZx2g7aA7JM,cus_S0EmH4zi5ogmEz,active,si_TEQk2e0eQEYJcE,prod_T3i7mDxTaNyb3T,Monthly fee for Geothermal Energy Service pursuant to the Residential Energy Service Agreement (DivFern Geothermal Limited Partnership HST#763596962RT0001)2526010,price_1TdNEQE2kujhweZxBLcfgIfU,9336,cad,monthly_service_fee,monthly_service_fee,"{""item_type"": ""monthly_service_fee""}","{""item_type"": ""monthly_service_fee""}","{""increaseable"": ""true""}",,
already_complete,Existing item_type metadata is correct.,sub_1R4qUfE2kujhweZxupHgSE6m,cus_Ryo6C3gWUQBNHj,active,si_Ryo6dV06VOMWot,prod_QRb4nqXhaz7pMn,Monthly billing for annual inspect fee,price_1PahsjE2kujhweZxZUnm9a53,1400,cad,inspection_fee,inspection_fee,"{""item_type"": ""inspection_fee""}","{""item_type"": ""inspection_fee""}",{},,
already_complete,Existing item_type metadata is correct.,sub_1R4qUfE2kujhweZxupHgSE6m,cus_Ryo6C3gWUQBNHj,active,si_TE3IXta686ef7E,prod_T3i7mDxTaNyb3T,Monthly fee for Geothermal Energy Service pursuant to the Residential Energy Service Agreement (DivFern Geothermal Limited Partnership HST#763596962RT0001)2526010,price_1TdilSE2kujhweZx4N3ud4cT,9336,cad,monthly_service_fee,monthly_service_fee,"{""item_type"": ""monthly_service_fee""}","{""item_type"": ""monthly_service_fee""}","{""increaseable"": ""true""}",,
already_complete,Existing item_type metadata is correct.,sub_1R1vCtE2kujhweZxLvMUy6IU,cus_Rvmlb2Thsnpz7h,active,si_RvmmETbdB4AfRX,prod_QRb4nqXhaz7pMn,Monthly billing for annual inspect fee,price_1PahsjE2kujhweZxZUnm9a53,1400,cad,inspection_fee,inspection_fee,"{""item_type"": ""inspection_fee""}","{""item_type"": ""inspection_fee""}",{},,
already_complete,Existing item_type metadata is correct.,sub_1R1vCtE2kujhweZxLvMUy6IU,cus_Rvmlb2Thsnpz7h,active,si_T913YgMssJHCLp,prod_T3i2UsrBI3HC7J,Monthly fee for Geothermal Energy Service pursuant to the Residential Energy Service Agreement (DivFern Geothermal Limited Partnership HST#763596962RT0001)252607,price_1TdNESE2kujhweZxXDvhkkjM,15701,cad,monthly_service_fee,monthly_service_fee,"{""item_type"": ""monthly_service_fee""}","{""item_type"": ""monthly_service_fee""}","{""increaseable"": ""true""}",,
already_complete,Existing item_type metadata is correct.,sub_1R1v9NE2kujhweZxL8Ekxdy9,cus_RvmiKrNEGaLAHP,active,si_Rvmit1szy9VFp9,prod_QRb4nqXhaz7pMn,Monthly billing for annual inspect fee,price_1PahsjE2kujhweZxZUnm9a53,1400,cad,inspection_fee,inspection_fee,"{""item_type"": ""inspection_fee""}","{""item_type"": ""inspection_fee""}",{},,
already_complete,Existing item_type metadata is correct.,sub_1R1v9NE2kujhweZxL8Ekxdy9,cus_RvmiKrNEGaLAHP,active,si_T913tMMoPfrKO7,prod_T3hzttpyjpESOb,Monthly fee for Geothermal Energy Service pursuant to the Residential Energy Service Agreement (DivFern Geothermal Limited Partnership HST#763596962RT0001)252606,price_1TdNEUE2kujhweZxCJDAtirp,14216,cad,monthly_service_fee,monthly_service_fee,"{""item_type"": ""monthly_service_fee""}","{""item_type"": ""monthly_service_fee""}","{""increaseable"": ""true""}",,
already_complete,Existing item_type metadata is correct.,sub_1R1v4QE2kujhweZxbErdR0Nd,cus_RvmdA729uzRi5a,active,si_RvmdcbVWFePT0r,prod_QRb4nqXhaz7pMn,Monthly billing for annual inspect fee,price_1PahsjE2kujhweZxZUnm9a53,1400,cad,inspection_fee,inspection_fee,"{""item_type"": ""inspection_fee""}","{""item_type"": ""inspection_fee""}",{},,
already_complete,Existing item_type metadata is correct.,sub_1R1v4QE2kujhweZxbErdR0Nd,cus_RvmdA729uzRi5a,active,si_T913dQZHePmpV9,prod_T3i7mDxTaNyb3T,Monthly fee for Geothermal Energy Service pursuant to the Residential Energy Service Agreement (DivFern Geothermal Limited Partnership HST#763596962RT0001)2526010,price_1TdNEVE2kujhweZx63ykzBLf,9336,cad,monthly_service_fee,monthly_service_fee,"{""item_type"": ""monthly_service_fee""}","{""item_type"": ""monthly_service_fee""}","{""increaseable"": ""true""}",,
already_complete,Existing item_type metadata is correct.,sub_1R1v1kE2kujhweZxnpuYv2t0,cus_RvmZVgaxotK57i,active,si_RvmaLOLudGuGok,prod_QRb4nqXhaz7pMn,Monthly billing for annual inspect fee,price_1PahsjE2kujhweZxZUnm9a53,1400,cad,inspection_fee,inspection_fee,"{""item_type"": ""inspection_fee""}","{""item_type"": ""inspection_fee""}",{},,
already_complete,Existing item_type metadata is correct.,sub_1R1v1kE2kujhweZxnpuYv2t0,cus_RvmZVgaxotK57i,active,si_T913ogKitDXukj,prod_T3i3NHpWUctpfs,Monthly fee for Geothermal Energy Service pursuant to the Residential Energy Service Agreement (DivFern Geothermal Limited Partnership HST#763596962RT0001)252608,price_1TdNEZE2kujhweZxKmnC2o9c,9866,cad,monthly_service_fee,monthly_service_fee,"{""item_type"": ""monthly_service_fee""}","{""item_type"": ""monthly_service_fee""}","{""increaseable"": ""true""}",,
already_complete,Existing item_type metadata is correct.,sub_1R1uyRE2kujhweZx0k1WE7U8,cus_RvmWDT3iA7ThET,active,si_RvmXjlAUx64aHn,prod_QRb4nqXhaz7pMn,Monthly billing for annual inspect fee,price_1PahsjE2kujhweZxZUnm9a53,1400,cad,inspection_fee,inspection_fee,"{""item_type"": ""inspection_fee""}","{""item_type"": ""inspection_fee""}",{},,
already_complete,Existing item_type metadata is correct.,sub_1R1uyRE2kujhweZx0k1WE7U8,cus_RvmWDT3iA7ThET,active,si_T914Hb47cbkOfe,prod_T3i3NHpWUctpfs,Monthly fee for Geothermal Energy Service pursuant to the Residential Energy Service Agreement (DivFern Geothermal Limited Partnership HST#763596962RT0001)252608,price_1TdNEbE2kujhweZxM8IFRLJz,9866,cad,monthly_service_fee,monthly_service_fee,"{""item_type"": ""monthly_service_fee""}","{""item_type"": ""monthly_service_fee""}","{""increaseable"": ""true""}",,
already_complete,Existing item_type metadata is correct.,sub_1QyhCiE2kujhweZxXs6HDZDQ,cus_RsS69mlpqa72Sq,active,si_RsS6aKvSyIQ72x,prod_QRb4nqXhaz7pMn,Monthly billing for annual inspect fee,price_1PahsjE2kujhweZxZUnm9a53,1400,cad,inspection_fee,inspection_fee,"{""item_type"": ""inspection_fee""}","{""item_type"": ""inspection_fee""}",{},,
already_complete,Existing item_type metadata is correct.,sub_1QyhCiE2kujhweZxXs6HDZDQ,cus_RsS69mlpqa72Sq,active,si_T8zj1mWUnrqa3B,prod_T3i3NHpWUctpfs,Monthly fee for Geothermal Energy Service pursuant to the Residential Energy Service Agreement (DivFern Geothermal Limited Partnership HST#763596962RT0001)252608,price_1TdNEdE2kujhweZxyFDuTI0M,9866,cad,monthly_service_fee,monthly_service_fee,"{""item_type"": ""monthly_service_fee""}","{""item_type"": ""monthly_service_fee""}","{""increaseable"": ""true""}",,
already_complete,Existing item_type metadata is correct.,sub_1QyhAFE2kujhweZxM3Mu1zhP,cus_RsS39DK43gfl5T,active,si_RsS4ELWcdnB1Tr,prod_QRb4nqXhaz7pMn,Monthly billing for annual inspect fee,price_1PahsjE2kujhweZxZUnm9a53,1400,cad,inspection_fee,inspection_fee,"{""item_type"": ""inspection_fee""}","{""item_type"": ""inspection_fee""}",{},,
already_complete,Existing item_type metadata is correct.,sub_1QyhAFE2kujhweZxM3Mu1zhP,cus_RsS39DK43gfl5T,active,si_T8zkNJOo1vPUrz,prod_T3i3NHpWUctpfs,Monthly fee for Geothermal Energy Service pursuant to the Residential Energy Service Agreement (DivFern Geothermal Limited Partnership HST#763596962RT0001)252608,price_1TdNEeE2kujhweZx51pBnoRk,9866,cad,monthly_service_fee,monthly_service_fee,"{""item_type"": ""monthly_service_fee""}","{""item_type"": ""monthly_service_fee""}","{""increaseable"": ""true""}",,
already_complete,Existing item_type metadata is correct.,sub_1Qyh6wE2kujhweZxCqvi0BF4,cus_RsS0ssrDvoZmJ0,active,si_RsS0vbHISBR6uw,prod_QRb4nqXhaz7pMn,Monthly billing for annual inspect fee,price_1PahsjE2kujhweZxZUnm9a53,1400,cad,inspection_fee,inspection_fee,"{""item_type"": ""inspection_fee""}","{""item_type"": ""inspection_fee""}",{},,
already_complete,Existing item_type metadata is correct.,sub_1Qyh6wE2kujhweZxCqvi0BF4,cus_RsS0ssrDvoZmJ0,active,si_T8zkaJCt60NVX2,prod_T3i7mDxTaNyb3T,Monthly fee for Geothermal Energy Service pursuant to the Residential Energy Service Agreement (DivFern Geothermal Limited Partnership HST#763596962RT0001)2526010,price_1TdNEgE2kujhweZxHUVM8hTN,9336,cad,monthly_service_fee,monthly_service_fee,"{""item_type"": ""monthly_service_fee""}","{""item_type"": ""monthly_service_fee""}","{""increaseable"": ""true""}",,
already_complete,Existing item_type metadata is correct.,sub_1Qyh4LE2kujhweZxslGXgQdM,cus_RsRxT8hDzWcAkr,active,si_RsRyoVGphRsGog,prod_QRb4nqXhaz7pMn,Monthly billing for annual inspect fee,price_1PahsjE2kujhweZxZUnm9a53,1400,cad,inspection_fee,inspection_fee,"{""item_type"": ""inspection_fee""}","{""item_type"": ""inspection_fee""}",{},,
already_complete,Existing item_type metadata is correct.,sub_1Qyh4LE2kujhweZxslGXgQdM,cus_RsRxT8hDzWcAkr,active,si_T8zkTQ7KUXQJs3,prod_T3i7mDxTaNyb3T,Monthly fee for Geothermal Energy Service pursuant to the Residential Energy Service Agreement (DivFern Geothermal Limited Partnership HST#763596962RT0001)2526010,price_1TdNEiE2kujhweZxDAn8VfBi,9336,cad,monthly_service_fee,monthly_service_fee,"{""item_type"": ""monthly_service_fee""}","{""item_type"": ""monthly_service_fee""}","{""increaseable"": ""true""}",,
already_complete,Existing item_type metadata is correct.,sub_1Qyh1QE2kujhweZxqU2tPFHK,cus_RsRuGvEOgmscaX,active,si_RsRvEJ6YtBxrvf,prod_QRb4nqXhaz7pMn,Monthly billing for annual inspect fee,price_1PahsjE2kujhweZxZUnm9a53,1400,cad,inspection_fee,inspection_fee,"{""item_type"": ""inspection_fee""}","{""item_type"": ""inspection_fee""}",{},,
already_complete,Existing item_type metadata is correct.,sub_1Qyh1QE2kujhweZxqU2tPFHK,cus_RsRuGvEOgmscaX,active,si_T8zlHiIuExAqah,prod_T3i7mDxTaNyb3T,Monthly fee for Geothermal Energy Service pursuant to the Residential Energy Service Agreement (DivFern Geothermal Limited Partnership HST#763596962RT0001)2526010,price_1TdNElE2kujhweZxglnT4Rcd,9336,cad,monthly_service_fee,monthly_service_fee,"{""item_type"": ""monthly_service_fee""}","{""item_type"": ""monthly_service_fee""}","{""increaseable"": ""true""}",,
already_complete,Existing item_type metadata is correct.,sub_1QygyRE2kujhweZxjrOOG8Np,cus_RsRrsCcqfod4RO,active,si_RsRs8ptmOtB8Ap,prod_QRb4nqXhaz7pMn,Monthly billing for annual inspect fee,price_1PahsjE2kujhweZxZUnm9a53,1400,cad,inspection_fee,inspection_fee,"{""item_type"": ""inspection_fee""}","{""item_type"": ""inspection_fee""}",{},,
already_complete,Existing item_type metadata is correct.,sub_1QygyRE2kujhweZxjrOOG8Np,cus_RsRrsCcqfod4RO,active,si_T8zlO6NDMIMSyI,prod_T3i7mDxTaNyb3T,Monthly fee for Geothermal Energy Service pursuant to the Residential Energy Service Agreement (DivFern Geothermal Limited Partnership HST#763596962RT0001)2526010,price_1TdNEnE2kujhweZxwF1GSJmj,9336,cad,monthly_service_fee,monthly_service_fee,"{""item_type"": ""monthly_service_fee""}","{""item_type"": ""monthly_service_fee""}","{""increaseable"": ""true""}",,
already_complete,Existing item_type metadata is correct.,sub_1QygwCE2kujhweZxDS37Ld7Y,cus_RsRpr1957gKFYe,active,si_RsRplK0gJmUjnq,prod_QRb4nqXhaz7pMn,Monthly billing for annual inspect fee,price_1PahsjE2kujhweZxZUnm9a53,1400,cad,inspection_fee,inspection_fee,"{""item_type"": ""inspection_fee""}","{""item_type"": ""inspection_fee""}",{},,
already_complete,Existing item_type metadata is correct.,sub_1QygwCE2kujhweZxDS37Ld7Y,cus_RsRpr1957gKFYe,active,si_T8zljtyZ3Qwhnq,prod_T3i7mDxTaNyb3T,Monthly fee for Geothermal Energy Service pursuant to the Residential Energy Service Agreement (DivFern Geothermal Limited Partnership HST#763596962RT0001)2526010,price_1TdNEpE2kujhweZxNCzdoBfs,9336,cad,monthly_service_fee,monthly_service_fee,"{""item_type"": ""monthly_service_fee""}","{""item_type"": ""monthly_service_fee""}","{""increaseable"": ""true""}",,
already_complete,Existing item_type metadata is correct.,sub_1Qw9LHE2kujhweZxDl86neMA,cus_RpoyVKPjQrHtdv,active,si_RpozmG12i9CQ9E,prod_QRb4nqXhaz7pMn,Monthly billing for annual inspect fee,price_1PahsjE2kujhweZxZUnm9a53,1400,cad,inspection_fee,inspection_fee,"{""item_type"": ""inspection_fee""}","{""item_type"": ""inspection_fee""}",{},,
already_complete,Existing item_type metadata is correct.,sub_1Qw9LHE2kujhweZxDl86neMA,cus_RpoyVKPjQrHtdv,active,si_TEQgvf95ExntwI,prod_T3i7mDxTaNyb3T,Monthly fee for Geothermal Energy Service pursuant to the Residential Energy Service Agreement (DivFern Geothermal Limited Partnership HST#763596962RT0001)2526010,price_1TdNErE2kujhweZxBG2YWiA0,9336,cad,monthly_service_fee,monthly_service_fee,"{""item_type"": ""monthly_service_fee""}","{""item_type"": ""monthly_service_fee""}","{""increaseable"": ""true""}",,
already_complete,Existing item_type metadata is correct.,sub_1Qw9IbE2kujhweZxKyNwngGe,cus_RpovMKdUT8YNqi,active,si_RpowA0usDSJyS4,prod_QRb4nqXhaz7pMn,Monthly billing for annual inspect fee,price_1PahsjE2kujhweZxZUnm9a53,1400,cad,inspection_fee,inspection_fee,"{""item_type"": ""inspection_fee""}","{""item_type"": ""inspection_fee""}",{},,
already_complete,Existing item_type metadata is correct.,sub_1Qw9IbE2kujhweZxKyNwngGe,cus_RpovMKdUT8YNqi,active,si_TEQgMnCov6K7WJ,prod_T3i7mDxTaNyb3T,Monthly fee for Geothermal Energy Service pursuant to the Residential Energy Service Agreement (DivFern Geothermal Limited Partnership HST#763596962RT0001)2526010,price_1TdNEsE2kujhweZxfmVzsM7r,9336,cad,monthly_service_fee,monthly_service_fee,"{""item_type"": ""monthly_service_fee""}","{""item_type"": ""monthly_service_fee""}","{""increaseable"": ""true""}",,
already_complete,Existing item_type metadata is correct.,sub_1Qw9FzE2kujhweZx5O1gu2iS,cus_RposQ8qEeO3uFe,active,si_Rpot2egcuTJb5P,prod_QRb4nqXhaz7pMn,Monthly billing for annual inspect fee,price_1PahsjE2kujhweZxZUnm9a53,1400,cad,inspection_fee,inspection_fee,"{""item_type"": ""inspection_fee""}","{""item_type"": ""inspection_fee""}",{},,
already_complete,Existing item_type metadata is correct.,sub_1Qw9FzE2kujhweZx5O1gu2iS,cus_RposQ8qEeO3uFe,active,si_TEQl4vFg2ckkCN,prod_T3i2UsrBI3HC7J,Monthly fee for Geothermal Energy Service pursuant to the Residential Energy Service Agreement (DivFern Geothermal Limited Partnership HST#763596962RT0001)252607,price_1TdNEuE2kujhweZx3kw6yt9P,15701,cad,monthly_service_fee,monthly_service_fee,"{""item_type"": ""monthly_service_fee""}","{""item_type"": ""monthly_service_fee""}","{""increaseable"": ""true""}",,
already_complete,Existing item_type metadata is correct.,sub_1Qw9DRE2kujhweZx6vDvfp90,cus_RpoqmmYoGCu7UJ,active,si_RporceRLJC89It,prod_QRb4nqXhaz7pMn,Monthly billing for annual inspect fee,price_1PahsjE2kujhweZxZUnm9a53,1400,cad,inspection_fee,inspection_fee,"{""item_type"": ""inspection_fee""}","{""item_type"": ""inspection_fee""}",{},,
already_complete,Existing item_type metadata is correct.,sub_1Qw9DRE2kujhweZx6vDvfp90,cus_RpoqmmYoGCu7UJ,active,si_TEQgPZNErpsN0O,prod_T3i7mDxTaNyb3T,Monthly fee for Geothermal Energy Service pursuant to the Residential Energy Service Agreement (DivFern Geothermal Limited Partnership HST#763596962RT0001)2526010,price_1TdNEwE2kujhweZxGA1Av7i7,9336,cad,monthly_service_fee,monthly_service_fee,"{""item_type"": ""monthly_service_fee""}","{""item_type"": ""monthly_service_fee""}","{""increaseable"": ""true""}",,
already_complete,Existing item_type metadata is correct.,sub_1Qw99qE2kujhweZxxRPFwTQn,cus_RpomGLHiXkAuEj,active,si_Rponozqx3iayr7,prod_QRb4nqXhaz7pMn,Monthly billing for annual inspect fee,price_1PahsjE2kujhweZxZUnm9a53,1400,cad,inspection_fee,inspection_fee,"{""item_type"": ""inspection_fee""}","{""item_type"": ""inspection_fee""}",{},,
already_complete,Existing item_type metadata is correct.,sub_1Qw99qE2kujhweZxxRPFwTQn,cus_RpomGLHiXkAuEj,active,si_TEQj43vrDseDDq,prod_T3i7mDxTaNyb3T,Monthly fee for Geothermal Energy Service pursuant to the Residential Energy Service Agreement (DivFern Geothermal Limited Partnership HST#763596962RT0001)2526010,price_1TdNEyE2kujhweZxq0Uych2Y,9336,cad,monthly_service_fee,monthly_service_fee,"{""item_type"": ""monthly_service_fee""}","{""item_type"": ""monthly_service_fee""}","{""increaseable"": ""true""}",,
already_complete,Existing item_type metadata is correct.,sub_1Qw973E2kujhweZxzUiDpCrQ,cus_RpojynOnzTbPxF,active,si_RpokTrJ1qwp6rD,prod_QRb4nqXhaz7pMn,Monthly billing for annual inspect fee,price_1PahsjE2kujhweZxZUnm9a53,1400,cad,inspection_fee,inspection_fee,"{""item_type"": ""inspection_fee""}","{""item_type"": ""inspection_fee""}",{},,
already_complete,Existing item_type metadata is correct.,sub_1Qw973E2kujhweZxzUiDpCrQ,cus_RpojynOnzTbPxF,active,si_TEQmfRJDYOlngU,prod_T3i3NHpWUctpfs,Monthly fee for Geothermal Energy Service pursuant to the Residential Energy Service Agreement (DivFern Geothermal Limited Partnership HST#763596962RT0001)252608,price_1TdNEzE2kujhweZxcWOQflTt,9866,cad,monthly_service_fee,monthly_service_fee,"{""item_type"": ""monthly_service_fee""}","{""item_type"": ""monthly_service_fee""}","{""increaseable"": ""true""}",,
already_complete,Existing item_type metadata is correct.,sub_1Qw94fE2kujhweZxdeGNsiGX,cus_RpohKXnbQDFTjp,active,si_Rpoim6yledNFvs,prod_QRb4nqXhaz7pMn,Monthly billing for annual inspect fee,price_1PahsjE2kujhweZxZUnm9a53,1400,cad,inspection_fee,inspection_fee,"{""item_type"": ""inspection_fee""}","{""item_type"": ""inspection_fee""}",{},,
already_complete,Existing item_type metadata is correct.,sub_1Qw94fE2kujhweZxdeGNsiGX,cus_RpohKXnbQDFTjp,active,si_TEQmADiyNuIxwU,prod_T3i3NHpWUctpfs,Monthly fee for Geothermal Energy Service pursuant to the Residential Energy Service Agreement (DivFern Geothermal Limited Partnership HST#763596962RT0001)252608,price_1TdNF1E2kujhweZxZXN2PbIO,9866,cad,monthly_service_fee,monthly_service_fee,"{""item_type"": ""monthly_service_fee""}","{""item_type"": ""monthly_service_fee""}","{""increaseable"": ""true""}",,
already_complete,Existing item_type metadata is correct.,sub_1Qv1o8E2kujhweZx5lfikOHT,cus_Rof7fd071bv3u2,active,si_Rof8c3lANGH66P,prod_QRb4nqXhaz7pMn,Monthly billing for annual inspect fee,price_1PahsjE2kujhweZxZUnm9a53,1400,cad,inspection_fee,inspection_fee,"{""item_type"": ""inspection_fee""}","{""item_type"": ""inspection_fee""}",{},,
already_complete,Existing item_type metadata is correct.,sub_1Qv1o8E2kujhweZx5lfikOHT,cus_Rof7fd071bv3u2,active,si_TEQ4WF3COywOVT,prod_T3i7mDxTaNyb3T,Monthly fee for Geothermal Energy Service pursuant to the Residential Energy Service Agreement (DivFern Geothermal Limited Partnership HST#763596962RT0001)2526010,price_1TdNF3E2kujhweZxutkTKDdC,9336,cad,monthly_service_fee,monthly_service_fee,"{""item_type"": ""monthly_service_fee""}","{""item_type"": ""monthly_service_fee""}","{""increaseable"": ""true""}",,
already_complete,Existing item_type metadata is correct.,sub_1Qv1kxE2kujhweZxfgx35B8L,cus_Rof3I6h4sYTcvZ,active,si_Rof5c2INJGA3q2,prod_QRb4nqXhaz7pMn,Monthly billing for annual inspect fee,price_1PahsjE2kujhweZxZUnm9a53,1400,cad,inspection_fee,inspection_fee,"{""item_type"": ""inspection_fee""}","{""item_type"": ""inspection_fee""}",{},,
already_complete,Existing item_type metadata is correct.,sub_1Qv1kxE2kujhweZxfgx35B8L,cus_Rof3I6h4sYTcvZ,active,si_TEQ4udfsyM3Cmb,prod_T3i7mDxTaNyb3T,Monthly fee for Geothermal Energy Service pursuant to the Residential Energy Service Agreement (DivFern Geothermal Limited Partnership HST#763596962RT0001)2526010,price_1TdNF5E2kujhweZxvQiOMXuR,9336,cad,monthly_service_fee,monthly_service_fee,"{""item_type"": ""monthly_service_fee""}","{""item_type"": ""monthly_service_fee""}","{""increaseable"": ""true""}",,
already_complete,Existing item_type metadata is correct.,sub_1Qv1eHE2kujhweZxB0uYzvB4,cus_RoevZ0zmrg7Qa4,active,si_Roey5gmhjn6tZF,prod_QRb4nqXhaz7pMn,Monthly billing for annual inspect fee,price_1PahsjE2kujhweZxZUnm9a53,1400,cad,inspection_fee,inspection_fee,"{""item_type"": ""inspection_fee""}","{""item_type"": ""inspection_fee""}",{},,
already_complete,Existing item_type metadata is correct.,sub_1Qv1eHE2kujhweZxB0uYzvB4,cus_RoevZ0zmrg7Qa4,active,si_TEQ43kx6F0QIXc,prod_T3i7mDxTaNyb3T,Monthly fee for Geothermal Energy Service pursuant to the Residential Energy Service Agreement (DivFern Geothermal Limited Partnership HST#763596962RT0001)2526010,price_1TdNF7E2kujhweZxsSN8Icxm,9336,cad,monthly_service_fee,monthly_service_fee,"{""item_type"": ""monthly_service_fee""}","{""item_type"": ""monthly_service_fee""}","{""increaseable"": ""true""}",,
already_complete,Existing item_type metadata is correct.,sub_1Qv1YlE2kujhweZxrDTwK8BY,cus_RoeqJsUt0VXI6l,active,si_RoesZb0NrGyfcu,prod_QRb4nqXhaz7pMn,Monthly billing for annual inspect fee,price_1PahsjE2kujhweZxZUnm9a53,1400,cad,inspection_fee,inspection_fee,"{""item_type"": ""inspection_fee""}","{""item_type"": ""inspection_fee""}",{},,
already_complete,Existing item_type metadata is correct.,sub_1Qv1YlE2kujhweZxrDTwK8BY,cus_RoeqJsUt0VXI6l,active,si_TEQ8FVyc2S4fjO,prod_T3hzttpyjpESOb,Monthly fee for Geothermal Energy Service pursuant to the Residential Energy Service Agreement (DivFern Geothermal Limited Partnership HST#763596962RT0001)252606,price_1TdNF9E2kujhweZxvtCdA9vi,14216,cad,monthly_service_fee,monthly_service_fee,"{""item_type"": ""monthly_service_fee""}","{""item_type"": ""monthly_service_fee""}","{""increaseable"": ""true""}",,
already_complete,Existing item_type metadata is correct.,sub_1Qv1NIE2kujhweZxLMBoq2jX,cus_RoegA5aaIP2gB6,active,si_RoegpI0bI55EPS,prod_QRb4nqXhaz7pMn,Monthly billing for annual inspect fee,price_1PahsjE2kujhweZxZUnm9a53,1400,cad,inspection_fee,inspection_fee,"{""item_type"": ""inspection_fee""}","{""item_type"": ""inspection_fee""}",{},,
already_complete,Existing item_type metadata is correct.,sub_1Qv1NIE2kujhweZxLMBoq2jX,cus_RoegA5aaIP2gB6,active,si_TEQA3Od0ZK9qqB,prod_T3i7mDxTaNyb3T,Monthly fee for Geothermal Energy Service pursuant to the Residential Energy Service Agreement (DivFern Geothermal Limited Partnership HST#763596962RT0001)2526010,price_1TdNFAE2kujhweZxIYrreKT3,9336,cad,monthly_service_fee,monthly_service_fee,"{""item_type"": ""monthly_service_fee""}","{""item_type"": ""monthly_service_fee""}","{""increaseable"": ""true""}",,
already_complete,Existing item_type metadata is correct.,sub_1Qv1LAE2kujhweZxLREp7Yxr,cus_Roedqt0lhiZ6wo,active,si_RoeeTgQx95vIr2,prod_QRb4nqXhaz7pMn,Monthly billing for annual inspect fee,price_1PahsjE2kujhweZxZUnm9a53,1400,cad,inspection_fee,inspection_fee,"{""item_type"": ""inspection_fee""}","{""item_type"": ""inspection_fee""}",{},,
already_complete,Existing item_type metadata is correct.,sub_1Qv1LAE2kujhweZxLREp7Yxr,cus_Roedqt0lhiZ6wo,active,si_TEQAAOzbLgi7tf,prod_T3i7mDxTaNyb3T,Monthly fee for Geothermal Energy Service pursuant to the Residential Energy Service Agreement (DivFern Geothermal Limited Partnership HST#763596962RT0001)2526010,price_1TdNFCE2kujhweZxxk6emYmD,9336,cad,monthly_service_fee,monthly_service_fee,"{""item_type"": ""monthly_service_fee""}","{""item_type"": ""monthly_service_fee""}","{""increaseable"": ""true""}",,
already_complete,Existing item_type metadata is correct.,sub_1Qv1IgE2kujhweZx6QuvIm78,cus_RoebUP7ORiaBqa,active,si_Roebdkq78qCUaC,prod_QRb4nqXhaz7pMn,Monthly billing for annual inspect fee,price_1PahsjE2kujhweZxZUnm9a53,1400,cad,inspection_fee,inspection_fee,"{""item_type"": ""inspection_fee""}","{""item_type"": ""inspection_fee""}",{},,
already_complete,Existing item_type metadata is correct.,sub_1Qv1IgE2kujhweZx6QuvIm78,cus_RoebUP7ORiaBqa,active,si_TEQ9pzHUelTC0r,prod_T3i7mDxTaNyb3T,Monthly fee for Geothermal Energy Service pursuant to the Residential Energy Service Agreement (DivFern Geothermal Limited Partnership HST#763596962RT0001)2526010,price_1TdNFEE2kujhweZxfrRnGlLh,9336,cad,monthly_service_fee,monthly_service_fee,"{""item_type"": ""monthly_service_fee""}","{""item_type"": ""monthly_service_fee""}","{""increaseable"": ""true""}",,
already_complete,Existing item_type metadata is correct.,sub_1QrhjHE2kujhweZx8dCOMFB3,cus_QkGgCrEeROCQW4,active,si_RlEBC4MEr9rVv0,prod_QRb4nqXhaz7pMn,Monthly billing for annual inspect fee,price_1PahsjE2kujhweZxZUnm9a53,1400,cad,inspection_fee,inspection_fee,"{""item_type"": ""inspection_fee""}","{""item_type"": ""inspection_fee""}",{},,
already_complete,Existing item_type metadata is correct.,sub_1QrhjHE2kujhweZx8dCOMFB3,cus_QkGgCrEeROCQW4,active,si_T914aautc1KCCU,prod_T3i7mDxTaNyb3T,Monthly fee for Geothermal Energy Service pursuant to the Residential Energy Service Agreement (DivFern Geothermal Limited Partnership HST#763596962RT0001)2526010,price_1TdNFGE2kujhweZx37zqxLLS,9336,cad,monthly_service_fee,monthly_service_fee,"{""item_type"": ""monthly_service_fee""}","{""item_type"": ""monthly_service_fee""}","{""increaseable"": ""true""}",,
already_complete,Existing item_type metadata is correct.,sub_1QrLcsE2kujhweZxAbqa9zoT,cus_RkrJbgBKKqR9E9,active,si_RkrLMiwlSDznL6,prod_QRb4nqXhaz7pMn,Monthly billing for annual inspect fee,price_1PahsjE2kujhweZxZUnm9a53,1400,cad,inspection_fee,inspection_fee,"{""item_type"": ""inspection_fee""}","{""item_type"": ""inspection_fee""}",{},,
already_complete,Existing item_type metadata is correct.,sub_1QrLcsE2kujhweZxAbqa9zoT,cus_RkrJbgBKKqR9E9,active,si_T90rKCceDZzdHz,prod_T3i7mDxTaNyb3T,Monthly fee for Geothermal Energy Service pursuant to the Residential Energy Service Agreement (DivFern Geothermal Limited Partnership HST#763596962RT0001)2526010,price_1TdNFIE2kujhweZxClJOmln3,9336,cad,monthly_service_fee,monthly_service_fee,"{""item_type"": ""monthly_service_fee""}","{""item_type"": ""monthly_service_fee""}","{""increaseable"": ""true""}",,
already_complete,Existing item_type metadata is correct.,sub_1QoVEaE2kujhweZxefltrNGD,cus_Rhv34dkw59MYyH,active,si_Rhv4jCRoiAnaJp,prod_QRb4nqXhaz7pMn,Monthly billing for annual inspect fee,price_1PahsjE2kujhweZxZUnm9a53,1400,cad,inspection_fee,inspection_fee,"{""item_type"": ""inspection_fee""}","{""item_type"": ""inspection_fee""}",{},,
already_complete,Existing item_type metadata is correct.,sub_1QoVEaE2kujhweZxefltrNGD,cus_Rhv34dkw59MYyH,active,si_T8zmyRQcAIFSAD,prod_T3i7mDxTaNyb3T,Monthly fee for Geothermal Energy Service pursuant to the Residential Energy Service Agreement (DivFern Geothermal Limited Partnership HST#763596962RT0001)2526010,price_1TdNFJE2kujhweZxygrG6kC0,9336,cad,monthly_service_fee,monthly_service_fee,"{""item_type"": ""monthly_service_fee""}","{""item_type"": ""monthly_service_fee""}","{""increaseable"": ""true""}",,
already_complete,Existing item_type metadata is correct.,sub_1QoVBRE2kujhweZxoFedNGUm,cus_Rhv0axP5sBCJiv,active,si_Rhv1mlP0HI5YK8,prod_QRb4nqXhaz7pMn,Monthly billing for annual inspect fee,price_1PahsjE2kujhweZxZUnm9a53,1400,cad,inspection_fee,inspection_fee,"{""item_type"": ""inspection_fee""}","{""item_type"": ""inspection_fee""}",{},,
already_complete,Existing item_type metadata is correct.,sub_1QoVBRE2kujhweZxoFedNGUm,cus_Rhv0axP5sBCJiv,active,si_T8zmpTGXX8Lu0y,prod_T3i7mDxTaNyb3T,Monthly fee for Geothermal Energy Service pursuant to the Residential Energy Service Agreement (DivFern Geothermal Limited Partnership HST#763596962RT0001)2526010,price_1TdNFME2kujhweZxNW2syJoM,9336,cad,monthly_service_fee,monthly_service_fee,"{""item_type"": ""monthly_service_fee""}","{""item_type"": ""monthly_service_fee""}","{""increaseable"": ""true""}",,
already_complete,Existing item_type metadata is correct.,sub_1QoUtyE2kujhweZxIJLcdC0W,cus_Rhuh14UYeSWJg5,active,si_RhujrAniubVVSp,prod_QRb4nqXhaz7pMn,Monthly billing for annual inspect fee,price_1PahsjE2kujhweZxZUnm9a53,1400,cad,inspection_fee,inspection_fee,"{""item_type"": ""inspection_fee""}","{""item_type"": ""inspection_fee""}",{},,
already_complete,Existing item_type metadata is correct.,sub_1QoUtyE2kujhweZxIJLcdC0W,cus_Rhuh14UYeSWJg5,active,si_T8zmOBPTL5qYBJ,prod_T3i7mDxTaNyb3T,Monthly fee for Geothermal Energy Service pursuant to the Residential Energy Service Agreement (DivFern Geothermal Limited Partnership HST#763596962RT0001)2526010,price_1TdNFOE2kujhweZxxqAx0ynu,9336,cad,monthly_service_fee,monthly_service_fee,"{""item_type"": ""monthly_service_fee""}","{""item_type"": ""monthly_service_fee""}","{""increaseable"": ""true""}",,
already_complete,Existing item_type metadata is correct.,sub_1QoUq2E2kujhweZxeDlCgTCR,cus_Rhue1BlKTDZkKN,active,si_RhufEYrG8AKKMN,prod_QRb4nqXhaz7pMn,Monthly billing for annual inspect fee,price_1PahsjE2kujhweZxZUnm9a53,1400,cad,inspection_fee,inspection_fee,"{""item_type"": ""inspection_fee""}","{""item_type"": ""inspection_fee""}",{},,
already_complete,Existing item_type metadata is correct.,sub_1QoUq2E2kujhweZxeDlCgTCR,cus_Rhue1BlKTDZkKN,active,si_T8zmnMVFxUFtoL,prod_T3i7mDxTaNyb3T,Monthly fee for Geothermal Energy Service pursuant to the Residential Energy Service Agreement (DivFern Geothermal Limited Partnership HST#763596962RT0001)2526010,price_1TdNFPE2kujhweZxTYaB1BJ8,9336,cad,monthly_service_fee,monthly_service_fee,"{""item_type"": ""monthly_service_fee""}","{""item_type"": ""monthly_service_fee""}","{""increaseable"": ""true""}",,
already_complete,Existing item_type metadata is correct.,sub_1Qlve7E2kujhweZxNdbJwPHB,cus_RfG9qhkrwXydPQ,active,si_RfGAZgPhrTpqOX,prod_QRb4nqXhaz7pMn,Monthly billing for annual inspect fee,price_1PahsjE2kujhweZxZUnm9a53,1400,cad,inspection_fee,inspection_fee,"{""item_type"": ""inspection_fee""}","{""item_type"": ""inspection_fee""}",{},,
already_complete,Existing item_type metadata is correct.,sub_1Qlve7E2kujhweZxNdbJwPHB,cus_RfG9qhkrwXydPQ,active,si_TER8MkZutryiN3,prod_T3hzttpyjpESOb,Monthly fee for Geothermal Energy Service pursuant to the Residential Energy Service Agreement (DivFern Geothermal Limited Partnership HST#763596962RT0001)252606,price_1TdNFRE2kujhweZxiNATQHOU,14216,cad,monthly_service_fee,monthly_service_fee,"{""item_type"": ""monthly_service_fee""}","{""item_type"": ""monthly_service_fee""}","{""increaseable"": ""true""}",,
already_complete,Existing item_type metadata is correct.,sub_1QlvaxE2kujhweZxmrEbIngd,cus_RfG6PjLBz8n2L3,active,si_RfG78KxZXwVlb4,prod_QRb4nqXhaz7pMn,Monthly billing for annual inspect fee,price_1PahsjE2kujhweZxZUnm9a53,1400,cad,inspection_fee,inspection_fee,"{""item_type"": ""inspection_fee""}","{""item_type"": ""inspection_fee""}",{},,
already_complete,Existing item_type metadata is correct.,sub_1QlvaxE2kujhweZxmrEbIngd,cus_RfG6PjLBz8n2L3,active,si_TER8Z2Nmrc3p6T,prod_T3i7mDxTaNyb3T,Monthly fee for Geothermal Energy Service pursuant to the Residential Energy Service Agreement (DivFern Geothermal Limited Partnership HST#763596962RT0001)2526010,price_1TdNFTE2kujhweZx6YicvjVN,9336,cad,monthly_service_fee,monthly_service_fee,"{""item_type"": ""monthly_service_fee""}","{""item_type"": ""monthly_service_fee""}","{""increaseable"": ""true""}",,
already_complete,Existing item_type metadata is correct.,sub_1QlvUcE2kujhweZxOzInMeXn,cus_RfG0if01m1oJ1n,active,si_RfG0C0Ono2HMvv,prod_QRb4nqXhaz7pMn,Monthly billing for annual inspect fee,price_1PahsjE2kujhweZxZUnm9a53,1400,cad,inspection_fee,inspection_fee,"{""item_type"": ""inspection_fee""}","{""item_type"": ""inspection_fee""}",{},,
already_complete,Existing item_type metadata is correct.,sub_1QlvUcE2kujhweZxOzInMeXn,cus_RfG0if01m1oJ1n,active,si_TER9ZCPz9zavfd,prod_T3i7mDxTaNyb3T,Monthly fee for Geothermal Energy Service pursuant to the Residential Energy Service Agreement (DivFern Geothermal Limited Partnership HST#763596962RT0001)2526010,price_1TdNFVE2kujhweZxfXskCwmJ,9336,cad,monthly_service_fee,monthly_service_fee,"{""item_type"": ""monthly_service_fee""}","{""item_type"": ""monthly_service_fee""}","{""increaseable"": ""true""}",,
already_complete,Existing item_type metadata is correct.,sub_1QjSvBE2kujhweZxQOtj5PwW,cus_RKMUSwyESXRk1e,active,si_RciLcSKOYYmeK3,prod_QRb4nqXhaz7pMn,Monthly billing for annual inspect fee,price_1PahsjE2kujhweZxZUnm9a53,1400,cad,inspection_fee,inspection_fee,"{""item_type"": ""inspection_fee""}","{""item_type"": ""inspection_fee""}",{},,
already_complete,Existing item_type metadata is correct.,sub_1QjSvBE2kujhweZxQOtj5PwW,cus_RKMUSwyESXRk1e,active,si_TE3HqcDomMXoSB,prod_T3i7mDxTaNyb3T,Monthly fee for Geothermal Energy Service pursuant to the Residential Energy Service Agreement (DivFern Geothermal Limited Partnership HST#763596962RT0001)2526010,price_1TdNFWE2kujhweZxKi0yRCTI,9336,cad,monthly_service_fee,monthly_service_fee,"{""item_type"": ""monthly_service_fee""}","{""item_type"": ""monthly_service_fee""}","{""increaseable"": ""true""}",,
already_complete,Existing item_type metadata is correct.,sub_1QjRo2E2kujhweZxj8H3cImc,cus_RchCjdxQdtx7xH,active,si_RchCX82MCF8iyE,prod_QRb4nqXhaz7pMn,Monthly billing for annual inspect fee,price_1PahsjE2kujhweZxZUnm9a53,1400,cad,inspection_fee,inspection_fee,"{""item_type"": ""inspection_fee""}","{""item_type"": ""inspection_fee""}",{},,
already_complete,Existing item_type metadata is correct.,sub_1QjRo2E2kujhweZxj8H3cImc,cus_RchCjdxQdtx7xH,active,si_TE3RjmnFaZa3EX,prod_T3i7mDxTaNyb3T,Monthly fee for Geothermal Energy Service pursuant to the Residential Energy Service Agreement (DivFern Geothermal Limited Partnership HST#763596962RT0001)2526010,price_1TdNFYE2kujhweZxRHYa9u5d,9336,cad,monthly_service_fee,monthly_service_fee,"{""item_type"": ""monthly_service_fee""}","{""item_type"": ""monthly_service_fee""}","{""increaseable"": ""true""}",,
already_complete,Existing item_type metadata is correct.,sub_1QjRloE2kujhweZxX6SPmI1a,cus_Rch9jgkC1D0UwJ,active,si_RchAUmBXSjgTNv,prod_QRb4nqXhaz7pMn,Monthly billing for annual inspect fee,price_1PahsjE2kujhweZxZUnm9a53,1400,cad,inspection_fee,inspection_fee,"{""item_type"": ""inspection_fee""}","{""item_type"": ""inspection_fee""}",{},,
already_complete,Existing item_type metadata is correct.,sub_1QjRloE2kujhweZxX6SPmI1a,cus_Rch9jgkC1D0UwJ,active,si_TE3SZB7DnpGudA,prod_T3i2UsrBI3HC7J,Monthly fee for Geothermal Energy Service pursuant to the Residential Energy Service Agreement (DivFern Geothermal Limited Partnership HST#763596962RT0001)252607,price_1TdNFaE2kujhweZxRVRulzsi,15701,cad,monthly_service_fee,monthly_service_fee,"{""item_type"": ""monthly_service_fee""}","{""item_type"": ""monthly_service_fee""}","{""increaseable"": ""true""}",,
already_complete,Existing item_type metadata is correct.,sub_1QjRiQE2kujhweZxM0b8KuXg,cus_Rch5q1NzNUnO6b,active,si_Rch6N5WcGNZHwU,prod_QRb4nqXhaz7pMn,Monthly billing for annual inspect fee,price_1PahsjE2kujhweZxZUnm9a53,1400,cad,inspection_fee,inspection_fee,"{""item_type"": ""inspection_fee""}","{""item_type"": ""inspection_fee""}",{},,
already_complete,Existing item_type metadata is correct.,sub_1QjRiQE2kujhweZxM0b8KuXg,cus_Rch5q1NzNUnO6b,active,si_TE3FlWge51OyTf,prod_T3hzttpyjpESOb,Monthly fee for Geothermal Energy Service pursuant to the Residential Energy Service Agreement (DivFern Geothermal Limited Partnership HST#763596962RT0001)252606,price_1TdNFbE2kujhweZxczC1lftR,14216,cad,monthly_service_fee,monthly_service_fee,"{""item_type"": ""monthly_service_fee""}","{""item_type"": ""monthly_service_fee""}","{""increaseable"": ""true""}",,
already_complete,Existing item_type metadata is correct.,sub_1QjRf0E2kujhweZxjRyj00jg,cus_RcgaHo2WO4w4Df,active,si_Rch3xfb22T6GYY,prod_QRb4nqXhaz7pMn,Monthly billing for annual inspect fee,price_1PahsjE2kujhweZxZUnm9a53,1400,cad,inspection_fee,inspection_fee,"{""item_type"": ""inspection_fee""}","{""item_type"": ""inspection_fee""}",{},,
already_complete,Existing item_type metadata is correct.,sub_1QjRf0E2kujhweZxjRyj00jg,cus_RcgaHo2WO4w4Df,active,si_TE3FaeavEh1OQz,prod_T3hzttpyjpESOb,Monthly fee for Geothermal Energy Service pursuant to the Residential Energy Service Agreement (DivFern Geothermal Limited Partnership HST#763596962RT0001)252606,price_1TdNFeE2kujhweZxdqkCviyf,14216,cad,monthly_service_fee,monthly_service_fee,"{""item_type"": ""monthly_service_fee""}","{""item_type"": ""monthly_service_fee""}","{""increaseable"": ""true""}",,
already_complete,Existing item_type metadata is correct.,sub_1QhlBjE2kujhweZxfFyEKcdW,cus_R2fhs5XdfAMQxa,active,si_Rax5vPmBwiZX9A,prod_QRb4nqXhaz7pMn,Monthly billing for annual inspect fee,price_1PahsjE2kujhweZxZUnm9a53,1400,cad,inspection_fee,inspection_fee,"{""item_type"": ""inspection_fee""}","{""item_type"": ""inspection_fee""}",{},,
already_complete,Existing item_type metadata is correct.,sub_1QhlBjE2kujhweZxfFyEKcdW,cus_R2fhs5XdfAMQxa,active,si_TDrxaHe3faqETx,prod_T3i7mDxTaNyb3T,Monthly fee for Geothermal Energy Service pursuant to the Residential Energy Service Agreement (DivFern Geothermal Limited Partnership HST#763596962RT0001)2526010,price_1TdNFfE2kujhweZxRAGrzcAz,9336,cad,monthly_service_fee,monthly_service_fee,"{""item_type"": ""monthly_service_fee""}","{""item_type"": ""monthly_service_fee""}","{""increaseable"": ""true""}",,
already_complete,Existing item_type metadata is correct.,sub_1QZJR9E2kujhweZxZqtJlZyF,cus_RSDsNQaQjWAB8C,active,si_RSDsnkYQk9I27W,prod_QRb4nqXhaz7pMn,Monthly billing for annual inspect fee,price_1PahsjE2kujhweZxZUnm9a53,1400,cad,inspection_fee,inspection_fee,"{""item_type"": ""inspection_fee""}","{""item_type"": ""inspection_fee""}",{},,
already_complete,Existing item_type metadata is correct.,sub_1QZJR9E2kujhweZxZqtJlZyF,cus_RSDsNQaQjWAB8C,active,si_TEQRIpsO63fLLu,prod_T3i7mDxTaNyb3T,Monthly fee for Geothermal Energy Service pursuant to the Residential Energy Service Agreement (DivFern Geothermal Limited Partnership HST#763596962RT0001)2526010,price_1TdNFhE2kujhweZxHgGe5cTp,9336,cad,monthly_service_fee,monthly_service_fee,"{""item_type"": ""monthly_service_fee""}","{""item_type"": ""monthly_service_fee""}","{""increaseable"": ""true""}",,
already_complete,Existing item_type metadata is correct.,sub_1QZJOyE2kujhweZxC4UZICwl,cus_RSDqvklqm1QppS,active,si_RSDqlny1EJV27O,prod_QRb4nqXhaz7pMn,Monthly billing for annual inspect fee,price_1PahsjE2kujhweZxZUnm9a53,1400,cad,inspection_fee,inspection_fee,"{""item_type"": ""inspection_fee""}","{""item_type"": ""inspection_fee""}",{},,
already_complete,Existing item_type metadata is correct.,sub_1QZJOyE2kujhweZxC4UZICwl,cus_RSDqvklqm1QppS,active,si_TEQRSFl5XZhy7P,prod_T3i7mDxTaNyb3T,Monthly fee for Geothermal Energy Service pursuant to the Residential Energy Service Agreement (DivFern Geothermal Limited Partnership HST#763596962RT0001)2526010,price_1TdNFiE2kujhweZxa8MoJlf6,9336,cad,monthly_service_fee,monthly_service_fee,"{""item_type"": ""monthly_service_fee""}","{""item_type"": ""monthly_service_fee""}","{""increaseable"": ""true""}",,
already_complete,Existing item_type metadata is correct.,sub_1QZJLPE2kujhweZx7yduk8RQ,cus_RSDmT1TvlM0rS2,active,si_RSDmnKs2MoWZI1,prod_QRb4nqXhaz7pMn,Monthly billing for annual inspect fee,price_1PahsjE2kujhweZxZUnm9a53,1400,cad,inspection_fee,inspection_fee,"{""item_type"": ""inspection_fee""}","{""item_type"": ""inspection_fee""}",{},,
already_complete,Existing item_type metadata is correct.,sub_1QZJLPE2kujhweZx7yduk8RQ,cus_RSDmT1TvlM0rS2,active,si_TEQR5b5gf0NlAA,prod_T3i7mDxTaNyb3T,Monthly fee for Geothermal Energy Service pursuant to the Residential Energy Service Agreement (DivFern Geothermal Limited Partnership HST#763596962RT0001)2526010,price_1TdNFkE2kujhweZxH51Zd7bU,9336,cad,monthly_service_fee,monthly_service_fee,"{""item_type"": ""monthly_service_fee""}","{""item_type"": ""monthly_service_fee""}","{""increaseable"": ""true""}",,
already_complete,Existing item_type metadata is correct.,sub_1QZJFWE2kujhweZxGt8i7KxE,cus_RSDg3iJJV2uGjE,active,si_RSDg5CSPxaHrM2,prod_QRb4nqXhaz7pMn,Monthly billing for annual inspect fee,price_1PahsjE2kujhweZxZUnm9a53,1400,cad,inspection_fee,inspection_fee,"{""item_type"": ""inspection_fee""}","{""item_type"": ""inspection_fee""}",{},,
already_complete,Existing item_type metadata is correct.,sub_1QZJFWE2kujhweZxGt8i7KxE,cus_RSDg3iJJV2uGjE,active,si_TEQT2hX7Oqk8gm,prod_T3i7mDxTaNyb3T,Monthly fee for Geothermal Energy Service pursuant to the Residential Energy Service Agreement (DivFern Geothermal Limited Partnership HST#763596962RT0001)2526010,price_1TdNFnE2kujhweZxJhMCJisP,9336,cad,monthly_service_fee,monthly_service_fee,"{""item_type"": ""monthly_service_fee""}","{""item_type"": ""monthly_service_fee""}","{""increaseable"": ""true""}",,
already_complete,Existing item_type metadata is correct.,sub_1QZJCeE2kujhweZxpJtwuRYj,cus_RSDdFRSfHTu4mr,active,si_RSDdYlwtR5hIEj,prod_QRb4nqXhaz7pMn,Monthly billing for annual inspect fee,price_1PahsjE2kujhweZxZUnm9a53,1400,cad,inspection_fee,inspection_fee,"{""item_type"": ""inspection_fee""}","{""item_type"": ""inspection_fee""}",{},,
already_complete,Existing item_type metadata is correct.,sub_1QZJCeE2kujhweZxpJtwuRYj,cus_RSDdFRSfHTu4mr,active,si_TEQTdx9Ez9vFgv,prod_T3i7mDxTaNyb3T,Monthly fee for Geothermal Energy Service pursuant to the Residential Energy Service Agreement (DivFern Geothermal Limited Partnership HST#763596962RT0001)2526010,price_1TdNFpE2kujhweZxcgQhUDlc,9336,cad,monthly_service_fee,monthly_service_fee,"{""item_type"": ""monthly_service_fee""}","{""item_type"": ""monthly_service_fee""}","{""increaseable"": ""true""}",,
already_complete,Existing item_type metadata is correct.,sub_1QZJ7pE2kujhweZxQrBh1xQy,cus_RSDYjHTFQ0ysoD,active,si_RSDYXgq7Gygzpb,prod_QRb4nqXhaz7pMn,Monthly billing for annual inspect fee,price_1PahsjE2kujhweZxZUnm9a53,1400,cad,inspection_fee,inspection_fee,"{""item_type"": ""inspection_fee""}","{""item_type"": ""inspection_fee""}",{},,
already_complete,Existing item_type metadata is correct.,sub_1QZJ7pE2kujhweZxQrBh1xQy,cus_RSDYjHTFQ0ysoD,active,si_TEQTF9frbSMW5W,prod_T3i7mDxTaNyb3T,Monthly fee for Geothermal Energy Service pursuant to the Residential Energy Service Agreement (DivFern Geothermal Limited Partnership HST#763596962RT0001)2526010,price_1TdNFqE2kujhweZxk6DAX37g,9336,cad,monthly_service_fee,monthly_service_fee,"{""item_type"": ""monthly_service_fee""}","{""item_type"": ""monthly_service_fee""}","{""increaseable"": ""true""}",,
already_complete,Existing item_type metadata is correct.,sub_1QXsOTE2kujhweZxoDx1x4ji,cus_RQjrT7ajPUGZUT,active,si_RQjsmCeoIvvRu2,prod_QRb4nqXhaz7pMn,Monthly billing for annual inspect fee,price_1PahsjE2kujhweZxZUnm9a53,1400,cad,inspection_fee,inspection_fee,"{""item_type"": ""inspection_fee""}","{""item_type"": ""inspection_fee""}",{},,
already_complete,Existing item_type metadata is correct.,sub_1QXsOTE2kujhweZxoDx1x4ji,cus_RQjrT7ajPUGZUT,active,si_TDs7L7SIyNbbbn,prod_T3i7mDxTaNyb3T,Monthly fee for Geothermal Energy Service pursuant to the Residential Energy Service Agreement (DivFern Geothermal Limited Partnership HST#763596962RT0001)2526010,price_1TdNFsE2kujhweZxoF4zsbg3,9336,cad,monthly_service_fee,monthly_service_fee,"{""item_type"": ""monthly_service_fee""}","{""item_type"": ""monthly_service_fee""}","{""increaseable"": ""true""}",,
already_complete,Existing item_type metadata is correct.,sub_1QXsMQE2kujhweZxoOAognv6,cus_RQjpj6jRNV3Wco,active,si_RQjqXRfsJO0My2,prod_QRb4nqXhaz7pMn,Monthly billing for annual inspect fee,price_1PahsjE2kujhweZxZUnm9a53,1400,cad,inspection_fee,inspection_fee,"{""item_type"": ""inspection_fee""}","{""item_type"": ""inspection_fee""}",{},,
already_complete,Existing item_type metadata is correct.,sub_1QXsMQE2kujhweZxoOAognv6,cus_RQjpj6jRNV3Wco,active,si_TDs9cpEZBHC9tj,prod_T3i7mDxTaNyb3T,Monthly fee for Geothermal Energy Service pursuant to the Residential Energy Service Agreement (DivFern Geothermal Limited Partnership HST#763596962RT0001)2526010,price_1TdNFuE2kujhweZx3pFqsbdy,9336,cad,monthly_service_fee,monthly_service_fee,"{""item_type"": ""monthly_service_fee""}","{""item_type"": ""monthly_service_fee""}","{""increaseable"": ""true""}",,
already_complete,Existing item_type metadata is correct.,sub_1QXsKRE2kujhweZxFz3ecKam,cus_RQjmwX78BjEsIq,active,si_RQjooH8ETzfR8d,prod_QRb4nqXhaz7pMn,Monthly billing for annual inspect fee,price_1PahsjE2kujhweZxZUnm9a53,1400,cad,inspection_fee,inspection_fee,"{""item_type"": ""inspection_fee""}","{""item_type"": ""inspection_fee""}",{},,
already_complete,Existing item_type metadata is correct.,sub_1QXsKRE2kujhweZxFz3ecKam,cus_RQjmwX78BjEsIq,active,si_TDs86Xv12ajIny,prod_T3i7mDxTaNyb3T,Monthly fee for Geothermal Energy Service pursuant to the Residential Energy Service Agreement (DivFern Geothermal Limited Partnership HST#763596962RT0001)2526010,price_1TdNFwE2kujhweZxCO4IWk5y,9336,cad,monthly_service_fee,monthly_service_fee,"{""item_type"": ""monthly_service_fee""}","{""item_type"": ""monthly_service_fee""}","{""increaseable"": ""true""}",,
already_complete,Existing item_type metadata is correct.,sub_1QXsHaE2kujhweZxl1XeGpja,cus_RQjkLp5xkOL6kS,active,si_RQjlJlvyFVkZq0,prod_QRb4nqXhaz7pMn,Monthly billing for annual inspect fee,price_1PahsjE2kujhweZxZUnm9a53,1400,cad,inspection_fee,inspection_fee,"{""item_type"": ""inspection_fee""}","{""item_type"": ""inspection_fee""}",{},,
already_complete,Existing item_type metadata is correct.,sub_1QXsHaE2kujhweZxl1XeGpja,cus_RQjkLp5xkOL6kS,active,si_TDsBcp9SGoIyh0,prod_T3i7mDxTaNyb3T,Monthly fee for Geothermal Energy Service pursuant to the Residential Energy Service Agreement (DivFern Geothermal Limited Partnership HST#763596962RT0001)2526010,price_1TdNFxE2kujhweZx5RT31Yew,9336,cad,monthly_service_fee,monthly_service_fee,"{""item_type"": ""monthly_service_fee""}","{""item_type"": ""monthly_service_fee""}","{""increaseable"": ""true""}",,
already_complete,Existing item_type metadata is correct.,sub_1QXsEDE2kujhweZxrELhIkp9,cus_RQjgORudsGXnoo,active,si_RQjhb97lISQpX3,prod_QRb4nqXhaz7pMn,Monthly billing for annual inspect fee,price_1PahsjE2kujhweZxZUnm9a53,1400,cad,inspection_fee,inspection_fee,"{""item_type"": ""inspection_fee""}","{""item_type"": ""inspection_fee""}",{},,
already_complete,Existing item_type metadata is correct.,sub_1QXsEDE2kujhweZxrELhIkp9,cus_RQjgORudsGXnoo,active,si_TDsBLEIIYVHRaq,prod_T3i7mDxTaNyb3T,Monthly fee for Geothermal Energy Service pursuant to the Residential Energy Service Agreement (DivFern Geothermal Limited Partnership HST#763596962RT0001)2526010,price_1TdNFzE2kujhweZxRnFInplL,9336,cad,monthly_service_fee,monthly_service_fee,"{""item_type"": ""monthly_service_fee""}","{""item_type"": ""monthly_service_fee""}","{""increaseable"": ""true""}",,
already_complete,Existing item_type metadata is correct.,sub_1QUEeRE2kujhweZxv07u1GbI,cus_RMybLmq6zQBu0J,active,si_RMybN6VgLVabwM,prod_QRb4nqXhaz7pMn,Monthly billing for annual inspect fee,price_1PahsjE2kujhweZxZUnm9a53,1400,cad,inspection_fee,inspection_fee,"{""item_type"": ""inspection_fee""}","{""item_type"": ""inspection_fee""}",{},,
already_complete,Existing item_type metadata is correct.,sub_1QUEeRE2kujhweZxv07u1GbI,cus_RMybLmq6zQBu0J,active,si_T90SItpGbucgsz,prod_T3i7mDxTaNyb3T,Monthly fee for Geothermal Energy Service pursuant to the Residential Energy Service Agreement (DivFern Geothermal Limited Partnership HST#763596962RT0001)2526010,price_1TdNG1E2kujhweZxSGGtRcHz,9336,cad,monthly_service_fee,monthly_service_fee,"{""item_type"": ""monthly_service_fee""}","{""item_type"": ""monthly_service_fee""}","{""increaseable"": ""true""}",,
already_complete,Existing item_type metadata is correct.,sub_1QUEbRE2kujhweZxtBSgYjsR,cus_RMyX3Xs6yDA8aN,active,si_RMyYBDiTeTzPp9,prod_QRb4nqXhaz7pMn,Monthly billing for annual inspect fee,price_1PahsjE2kujhweZxZUnm9a53,1400,cad,inspection_fee,inspection_fee,"{""item_type"": ""inspection_fee""}","{""item_type"": ""inspection_fee""}",{},,
already_complete,Existing item_type metadata is correct.,sub_1QUEbRE2kujhweZxtBSgYjsR,cus_RMyX3Xs6yDA8aN,active,si_T90TI5xCUZNRAT,prod_T3hzttpyjpESOb,Monthly fee for Geothermal Energy Service pursuant to the Residential Energy Service Agreement (DivFern Geothermal Limited Partnership HST#763596962RT0001)252606,price_1TdNG2E2kujhweZxXNjZqQfB,14216,cad,monthly_service_fee,monthly_service_fee,"{""item_type"": ""monthly_service_fee""}","{""item_type"": ""monthly_service_fee""}","{""increaseable"": ""true""}",,
already_complete,Existing item_type metadata is correct.,sub_1QUEXuE2kujhweZxcbgLSKzl,cus_RMyUwZfVsnM4pj,active,si_RMyUytgMRzagya,prod_QRb4nqXhaz7pMn,Monthly billing for annual inspect fee,price_1PahsjE2kujhweZxZUnm9a53,1400,cad,inspection_fee,inspection_fee,"{""item_type"": ""inspection_fee""}","{""item_type"": ""inspection_fee""}",{},,
already_complete,Existing item_type metadata is correct.,sub_1QUEXuE2kujhweZxcbgLSKzl,cus_RMyUwZfVsnM4pj,active,si_T90Tg6aFZJtkD5,prod_T3hzttpyjpESOb,Monthly fee for Geothermal Energy Service pursuant to the Residential Energy Service Agreement (DivFern Geothermal Limited Partnership HST#763596962RT0001)252606,price_1TdNG4E2kujhweZx3oGV4dor,14216,cad,monthly_service_fee,monthly_service_fee,"{""item_type"": ""monthly_service_fee""}","{""item_type"": ""monthly_service_fee""}","{""increaseable"": ""true""}",,
already_complete,Existing item_type metadata is correct.,sub_1QUEUtE2kujhweZxBJtZ5or6,cus_RMyQ8vrxYgWZGp,active,si_RMyRqygqgPAjsN,prod_QRb4nqXhaz7pMn,Monthly billing for annual inspect fee,price_1PahsjE2kujhweZxZUnm9a53,1400,cad,inspection_fee,inspection_fee,"{""item_type"": ""inspection_fee""}","{""item_type"": ""inspection_fee""}",{},,
already_complete,Existing item_type metadata is correct.,sub_1QUEUtE2kujhweZxBJtZ5or6,cus_RMyQ8vrxYgWZGp,active,si_T90T5I78iqKzCw,prod_T3i3NHpWUctpfs,Monthly fee for Geothermal Energy Service pursuant to the Residential Energy Service Agreement (DivFern Geothermal Limited Partnership HST#763596962RT0001)252608,price_1TdNG6E2kujhweZxOMJJlVAg,9866,cad,monthly_service_fee,monthly_service_fee,"{""item_type"": ""monthly_service_fee""}","{""item_type"": ""monthly_service_fee""}","{""increaseable"": ""true""}",,
already_complete,Existing item_type metadata is correct.,sub_1QUERME2kujhweZxf0CIkYiU,cus_RMyN96V0twSf3r,active,si_RMyO6U7Gg9V2GD,prod_QRb4nqXhaz7pMn,Monthly billing for annual inspect fee,price_1PahsjE2kujhweZxZUnm9a53,1400,cad,inspection_fee,inspection_fee,"{""item_type"": ""inspection_fee""}","{""item_type"": ""inspection_fee""}",{},,
already_complete,Existing item_type metadata is correct.,sub_1QUERME2kujhweZxf0CIkYiU,cus_RMyN96V0twSf3r,active,si_T90TOzn7H9ak77,prod_T3i3NHpWUctpfs,Monthly fee for Geothermal Energy Service pursuant to the Residential Energy Service Agreement (DivFern Geothermal Limited Partnership HST#763596962RT0001)252608,price_1TdNG7E2kujhweZxG5lfWqqG,9866,cad,monthly_service_fee,monthly_service_fee,"{""item_type"": ""monthly_service_fee""}","{""item_type"": ""monthly_service_fee""}","{""increaseable"": ""true""}",,
already_complete,Existing item_type metadata is correct.,sub_1QRhw6E2kujhweZxOkpS3RXt,cus_RKMe8Dm9HC3Ygm,active,si_RKMfq0LVSjwrZx,prod_QRb4nqXhaz7pMn,Monthly billing for annual inspect fee,price_1PahsjE2kujhweZxZUnm9a53,1400,cad,inspection_fee,inspection_fee,"{""item_type"": ""inspection_fee""}","{""item_type"": ""inspection_fee""}",{},,
already_complete,Existing item_type metadata is correct.,sub_1QRhw6E2kujhweZxOkpS3RXt,cus_RKMe8Dm9HC3Ygm,active,si_T8mOEEZ1RxMZYf,prod_T3i7mDxTaNyb3T,Monthly fee for Geothermal Energy Service pursuant to the Residential Energy Service Agreement (DivFern Geothermal Limited Partnership HST#763596962RT0001)2526010,price_1TdNG9E2kujhweZxNw3Vvjnb,9336,cad,monthly_service_fee,monthly_service_fee,"{""item_type"": ""monthly_service_fee""}","{""item_type"": ""monthly_service_fee""}","{""increaseable"": ""true""}",,
already_complete,Existing item_type metadata is correct.,sub_1QRht2E2kujhweZxsNipVcls,cus_RKMbaRIB77WeLY,active,si_RKMclT9y6nEOwO,prod_QRb4nqXhaz7pMn,Monthly billing for annual inspect fee,price_1PahsjE2kujhweZxZUnm9a53,1400,cad,inspection_fee,inspection_fee,"{""item_type"": ""inspection_fee""}","{""item_type"": ""inspection_fee""}",{},,
already_complete,Existing item_type metadata is correct.,sub_1QRht2E2kujhweZxsNipVcls,cus_RKMbaRIB77WeLY,active,si_T8mVVBnBmEJUjP,prod_T3i7mDxTaNyb3T,Monthly fee for Geothermal Energy Service pursuant to the Residential Energy Service Agreement (DivFern Geothermal Limited Partnership HST#763596962RT0001)2526010,price_1TdNGBE2kujhweZxwpH8RIOs,9336,cad,monthly_service_fee,monthly_service_fee,"{""item_type"": ""monthly_service_fee""}","{""item_type"": ""monthly_service_fee""}","{""increaseable"": ""true""}",,
already_complete,Existing item_type metadata is correct.,sub_1QRhpdE2kujhweZxYrN6DrBk,cus_RKMY8aivxXV40L,active,si_RKMYJqWSppL3ym,prod_QRb4nqXhaz7pMn,Monthly billing for annual inspect fee,price_1PahsjE2kujhweZxZUnm9a53,1400,cad,inspection_fee,inspection_fee,"{""item_type"": ""inspection_fee""}","{""item_type"": ""inspection_fee""}",{},,
already_complete,Existing item_type metadata is correct.,sub_1QRhpdE2kujhweZxYrN6DrBk,cus_RKMY8aivxXV40L,active,si_T8mXh4Nf5WUNuA,prod_T3hzttpyjpESOb,Monthly fee for Geothermal Energy Service pursuant to the Residential Energy Service Agreement (DivFern Geothermal Limited Partnership HST#763596962RT0001)252606,price_1TdNGDE2kujhweZx3kw3yUwJ,14216,cad,monthly_service_fee,monthly_service_fee,"{""item_type"": ""monthly_service_fee""}","{""item_type"": ""monthly_service_fee""}","{""increaseable"": ""true""}",,
already_complete,Existing item_type metadata is correct.,sub_1QRhjjE2kujhweZxJ9oEhipe,cus_RKMRKCre3YXgtB,active,si_RKMS7mocQN9ldO,prod_QRb4nqXhaz7pMn,Monthly billing for annual inspect fee,price_1PahsjE2kujhweZxZUnm9a53,1400,cad,inspection_fee,inspection_fee,"{""item_type"": ""inspection_fee""}","{""item_type"": ""inspection_fee""}",{},,
already_complete,Existing item_type metadata is correct.,sub_1QRhjjE2kujhweZxJ9oEhipe,cus_RKMRKCre3YXgtB,active,si_T8mXt0ZXtev2e2,prod_T3i7mDxTaNyb3T,Monthly fee for Geothermal Energy Service pursuant to the Residential Energy Service Agreement (DivFern Geothermal Limited Partnership HST#763596962RT0001)2526010,price_1TdNGEE2kujhweZxdwBZepfM,9336,cad,monthly_service_fee,monthly_service_fee,"{""item_type"": ""monthly_service_fee""}","{""item_type"": ""monthly_service_fee""}","{""increaseable"": ""true""}",,
already_complete,Existing item_type metadata is correct.,sub_1QRhc1E2kujhweZx9lSWawxE,cus_RKMJoQB6cGXSee,active,si_RKMKYKvnXjz4II,prod_QRb4nqXhaz7pMn,Monthly billing for annual inspect fee,price_1PahsjE2kujhweZxZUnm9a53,1400,cad,inspection_fee,inspection_fee,"{""item_type"": ""inspection_fee""}","{""item_type"": ""inspection_fee""}",{},,
already_complete,Existing item_type metadata is correct.,sub_1QRhc1E2kujhweZx9lSWawxE,cus_RKMJoQB6cGXSee,active,si_T8mYU3h7riY4ys,prod_T3i3NHpWUctpfs,Monthly fee for Geothermal Energy Service pursuant to the Residential Energy Service Agreement (DivFern Geothermal Limited Partnership HST#763596962RT0001)252608,price_1TdNGGE2kujhweZxyh3yKEzl,9866,cad,monthly_service_fee,monthly_service_fee,"{""item_type"": ""monthly_service_fee""}","{""item_type"": ""monthly_service_fee""}","{""increaseable"": ""true""}",,
already_complete,Existing item_type metadata is correct.,sub_1QRhZ1E2kujhweZxrhDQghGJ,cus_RKMGUvh1M14B4n,active,si_RKMHgN5XDFlygb,prod_QRb4nqXhaz7pMn,Monthly billing for annual inspect fee,price_1PahsjE2kujhweZxZUnm9a53,1400,cad,inspection_fee,inspection_fee,"{""item_type"": ""inspection_fee""}","{""item_type"": ""inspection_fee""}",{},,
already_complete,Existing item_type metadata is correct.,sub_1QRhZ1E2kujhweZxrhDQghGJ,cus_RKMGUvh1M14B4n,active,si_T8mbTHlzMOFWpi,prod_T3i3NHpWUctpfs,Monthly fee for Geothermal Energy Service pursuant to the Residential Energy Service Agreement (DivFern Geothermal Limited Partnership HST#763596962RT0001)252608,price_1TdNGJE2kujhweZx6ukqQCDF,9866,cad,monthly_service_fee,monthly_service_fee,"{""item_type"": ""monthly_service_fee""}","{""item_type"": ""monthly_service_fee""}","{""increaseable"": ""true""}",,
already_complete,Existing item_type metadata is correct.,sub_1QRhWWE2kujhweZxJPMeInwJ,cus_RKMEzSsdKOPvky,active,si_RKMFOetYV801ww,prod_QRb4nqXhaz7pMn,Monthly billing for annual inspect fee,price_1PahsjE2kujhweZxZUnm9a53,1400,cad,inspection_fee,inspection_fee,"{""item_type"": ""inspection_fee""}","{""item_type"": ""inspection_fee""}",{},,
already_complete,Existing item_type metadata is correct.,sub_1QRhWWE2kujhweZxJPMeInwJ,cus_RKMEzSsdKOPvky,active,si_T8mb95nisi3VTe,prod_T3i3NHpWUctpfs,Monthly fee for Geothermal Energy Service pursuant to the Residential Energy Service Agreement (DivFern Geothermal Limited Partnership HST#763596962RT0001)252608,price_1TdNGKE2kujhweZxI4Rm5dzG,9866,cad,monthly_service_fee,monthly_service_fee,"{""item_type"": ""monthly_service_fee""}","{""item_type"": ""monthly_service_fee""}","{""increaseable"": ""true""}",,
already_complete,Existing item_type metadata is correct.,sub_1QRhTQE2kujhweZxTWE3XSJe,cus_RKMBrocvAu6lCZ,active,si_RKMB51o3tubT69,prod_QRb4nqXhaz7pMn,Monthly billing for annual inspect fee,price_1PahsjE2kujhweZxZUnm9a53,1400,cad,inspection_fee,inspection_fee,"{""item_type"": ""inspection_fee""}","{""item_type"": ""inspection_fee""}",{},,
already_complete,Existing item_type metadata is correct.,sub_1QRhTQE2kujhweZxTWE3XSJe,cus_RKMBrocvAu6lCZ,active,si_T8mc5ap4dn7ujN,prod_T3i3NHpWUctpfs,Monthly fee for Geothermal Energy Service pursuant to the Residential Energy Service Agreement (DivFern Geothermal Limited Partnership HST#763596962RT0001)252608,price_1TdNGME2kujhweZxNWxDqbzF,9866,cad,monthly_service_fee,monthly_service_fee,"{""item_type"": ""monthly_service_fee""}","{""item_type"": ""monthly_service_fee""}","{""increaseable"": ""true""}",,
already_complete,Existing item_type metadata is correct.,sub_1QRhQEE2kujhweZxhqFzGPOW,cus_RKM6JqzKEnFDHi,active,si_RKM8Q8TDGX2Emk,prod_QRb4nqXhaz7pMn,Monthly billing for annual inspect fee,price_1PahsjE2kujhweZxZUnm9a53,1400,cad,inspection_fee,inspection_fee,"{""item_type"": ""inspection_fee""}","{""item_type"": ""inspection_fee""}",{},,
already_complete,Existing item_type metadata is correct.,sub_1QRhQEE2kujhweZxhqFzGPOW,cus_RKM6JqzKEnFDHi,active,si_T8mcuiw99XCdNW,prod_T3i3NHpWUctpfs,Monthly fee for Geothermal Energy Service pursuant to the Residential Energy Service Agreement (DivFern Geothermal Limited Partnership HST#763596962RT0001)252608,price_1TdNGNE2kujhweZx80uvyP3I,9866,cad,monthly_service_fee,monthly_service_fee,"{""item_type"": ""monthly_service_fee""}","{""item_type"": ""monthly_service_fee""}","{""increaseable"": ""true""}",,
already_complete,Existing item_type metadata is correct.,sub_1QP4L6E2kujhweZxuIvegakh,cus_RHdbrkHfOiLe5R,active,si_RHdcLsxkWe6e7i,prod_QRb4nqXhaz7pMn,Monthly billing for annual inspect fee,price_1PahsjE2kujhweZxZUnm9a53,1400,cad,inspection_fee,inspection_fee,"{""item_type"": ""inspection_fee""}","{""item_type"": ""inspection_fee""}",{},,
already_complete,Existing item_type metadata is correct.,sub_1QP4L6E2kujhweZxuIvegakh,cus_RHdbrkHfOiLe5R,active,si_TEQpPGXBZY8kVJ,prod_T3i2UsrBI3HC7J,Monthly fee for Geothermal Energy Service pursuant to the Residential Energy Service Agreement (DivFern Geothermal Limited Partnership HST#763596962RT0001)252607,price_1TdNGPE2kujhweZxGrOeTqJN,15701,cad,monthly_service_fee,monthly_service_fee,"{""item_type"": ""monthly_service_fee""}","{""item_type"": ""monthly_service_fee""}","{""increaseable"": ""true""}",,
already_complete,Existing item_type metadata is correct.,sub_1QP4IaE2kujhweZxxQvPP4Up,cus_RHdYmD9KGzrAM7,active,si_RHdZPKpYTLXfwD,prod_QRb4nqXhaz7pMn,Monthly billing for annual inspect fee,price_1PahsjE2kujhweZxZUnm9a53,1400,cad,inspection_fee,inspection_fee,"{""item_type"": ""inspection_fee""}","{""item_type"": ""inspection_fee""}",{},,
already_complete,Existing item_type metadata is correct.,sub_1QP4IaE2kujhweZxxQvPP4Up,cus_RHdYmD9KGzrAM7,active,si_TEQqAxJwG2obmB,prod_T3i2UsrBI3HC7J,Monthly fee for Geothermal Energy Service pursuant to the Residential Energy Service Agreement (DivFern Geothermal Limited Partnership HST#763596962RT0001)252607,price_1TdNGRE2kujhweZx0JUxIoci,15701,cad,monthly_service_fee,monthly_service_fee,"{""item_type"": ""monthly_service_fee""}","{""item_type"": ""monthly_service_fee""}","{""increaseable"": ""true""}",,
already_complete,Existing item_type metadata is correct.,sub_1QP4FeE2kujhweZxysMCODCX,cus_RHdVTSNRIibLtF,active,si_RHdWaaUWgHAebS,prod_QRb4nqXhaz7pMn,Monthly billing for annual inspect fee,price_1PahsjE2kujhweZxZUnm9a53,1400,cad,inspection_fee,inspection_fee,"{""item_type"": ""inspection_fee""}","{""item_type"": ""inspection_fee""}",{},,
already_complete,Existing item_type metadata is correct.,sub_1QP4FeE2kujhweZxysMCODCX,cus_RHdVTSNRIibLtF,active,si_TEQuRnFq2teImO,prod_T3i7mDxTaNyb3T,Monthly fee for Geothermal Energy Service pursuant to the Residential Energy Service Agreement (DivFern Geothermal Limited Partnership HST#763596962RT0001)2526010,price_1TdilTE2kujhweZxLdgz7GSE,9336,cad,monthly_service_fee,monthly_service_fee,"{""item_type"": ""monthly_service_fee""}","{""item_type"": ""monthly_service_fee""}","{""increaseable"": ""true""}",,
already_complete,Existing item_type metadata is correct.,sub_1QP4CDE2kujhweZxG5U0Jjk3,cus_RHdSVKMumrsisj,active,si_RHdTHwLi49CTRZ,prod_QRb4nqXhaz7pMn,Monthly billing for annual inspect fee,price_1PahsjE2kujhweZxZUnm9a53,1400,cad,inspection_fee,inspection_fee,"{""item_type"": ""inspection_fee""}","{""item_type"": ""inspection_fee""}",{},,
already_complete,Existing item_type metadata is correct.,sub_1QP4CDE2kujhweZxG5U0Jjk3,cus_RHdSVKMumrsisj,active,si_TEQurqM67cZLIY,prod_T3i7mDxTaNyb3T,Monthly fee for Geothermal Energy Service pursuant to the Residential Energy Service Agreement (DivFern Geothermal Limited Partnership HST#763596962RT0001)2526010,price_1TdNGTE2kujhweZxn1eDcBIi,9336,cad,monthly_service_fee,monthly_service_fee,"{""item_type"": ""monthly_service_fee""}","{""item_type"": ""monthly_service_fee""}","{""increaseable"": ""true""}",,
already_complete,Existing item_type metadata is correct.,sub_1QP480E2kujhweZxXn9WR8DN,cus_RHdNOGOwXUn46A,active,si_RHdOsehSWF7nm9,prod_QRb4nqXhaz7pMn,Monthly billing for annual inspect fee,price_1PahsjE2kujhweZxZUnm9a53,1400,cad,inspection_fee,inspection_fee,"{""item_type"": ""inspection_fee""}","{""item_type"": ""inspection_fee""}",{},,
already_complete,Existing item_type metadata is correct.,sub_1QP480E2kujhweZxXn9WR8DN,cus_RHdNOGOwXUn46A,active,si_TEQr5UL2m4tZzT,prod_T3i3NHpWUctpfs,Monthly fee for Geothermal Energy Service pursuant to the Residential Energy Service Agreement (DivFern Geothermal Limited Partnership HST#763596962RT0001)252608,price_1TdNGVE2kujhweZxUqagAohP,9866,cad,monthly_service_fee,monthly_service_fee,"{""item_type"": ""monthly_service_fee""}","{""item_type"": ""monthly_service_fee""}","{""increaseable"": ""true""}",,
already_complete,Existing item_type metadata is correct.,sub_1QMynTE2kujhweZxQpWHeK50,cus_RFTjtN0uNXjBdR,active,si_RFTkEaciuGjyGt,prod_QRb4nqXhaz7pMn,Monthly billing for annual inspect fee,price_1PahsjE2kujhweZxZUnm9a53,1400,cad,inspection_fee,inspection_fee,"{""item_type"": ""inspection_fee""}","{""item_type"": ""inspection_fee""}",{},,
already_complete,Existing item_type metadata is correct.,sub_1QMynTE2kujhweZxQpWHeK50,cus_RFTjtN0uNXjBdR,active,si_TDsFF2cLAVoCkb,prod_T3i2UsrBI3HC7J,Monthly fee for Geothermal Energy Service pursuant to the Residential Energy Service Agreement (DivFern Geothermal Limited Partnership HST#763596962RT0001)252607,price_1TdNGWE2kujhweZx0b8EOPDf,15701,cad,monthly_service_fee,monthly_service_fee,"{""item_type"": ""monthly_service_fee""}","{""item_type"": ""monthly_service_fee""}","{""increaseable"": ""true""}",,
already_complete,Existing item_type metadata is correct.,sub_1QMymuE2kujhweZxhljrr0y9,cus_RFTgXEmYK1wsBa,active,si_RFTkmwDWznnwfJ,prod_QRb4nqXhaz7pMn,Monthly billing for annual inspect fee,price_1PahsjE2kujhweZxZUnm9a53,1400,cad,inspection_fee,inspection_fee,"{""item_type"": ""inspection_fee""}","{""item_type"": ""inspection_fee""}",{},,
already_complete,Existing item_type metadata is correct.,sub_1QMymuE2kujhweZxhljrr0y9,cus_RFTgXEmYK1wsBa,active,si_TDsF1sHvzyumjZ,prod_T3i2UsrBI3HC7J,Monthly fee for Geothermal Energy Service pursuant to the Residential Energy Service Agreement (DivFern Geothermal Limited Partnership HST#763596962RT0001)252607,price_1TdNGYE2kujhweZx7TXqvYA5,15701,cad,monthly_service_fee,monthly_service_fee,"{""item_type"": ""monthly_service_fee""}","{""item_type"": ""monthly_service_fee""}","{""increaseable"": ""true""}",,
already_complete,Existing item_type metadata is correct.,sub_1QMxwzE2kujhweZxvgyrmqHh,cus_RFSmoRBnvmzed8,active,si_RFSs3me22IVKLR,prod_QRb4nqXhaz7pMn,Monthly billing for annual inspect fee,price_1PahsjE2kujhweZxZUnm9a53,1400,cad,inspection_fee,inspection_fee,"{""item_type"": ""inspection_fee""}","{""item_type"": ""inspection_fee""}",{},,
already_complete,Existing item_type metadata is correct.,sub_1QMxwzE2kujhweZxvgyrmqHh,cus_RFSmoRBnvmzed8,active,si_TDsFgWLKZIjLnk,prod_T3i7mDxTaNyb3T,Monthly fee for Geothermal Energy Service pursuant to the Residential Energy Service Agreement (DivFern Geothermal Limited Partnership HST#763596962RT0001)2526010,price_1TdNGaE2kujhweZx3W03EfWY,9336,cad,monthly_service_fee,monthly_service_fee,"{""item_type"": ""monthly_service_fee""}","{""item_type"": ""monthly_service_fee""}","{""increaseable"": ""true""}",,
already_complete,Existing item_type metadata is correct.,sub_1QMxvGE2kujhweZx8QPnPJVo,cus_RFShiGKyJ2rRXZ,active,si_RFSqHpct0SiCQe,prod_QRb4nqXhaz7pMn,Monthly billing for annual inspect fee,price_1PahsjE2kujhweZxZUnm9a53,1400,cad,inspection_fee,inspection_fee,"{""item_type"": ""inspection_fee""}","{""item_type"": ""inspection_fee""}",{},,
already_complete,Existing item_type metadata is correct.,sub_1QMxvGE2kujhweZx8QPnPJVo,cus_RFShiGKyJ2rRXZ,active,si_TDsIc60ZakG02E,prod_T3i7mDxTaNyb3T,Monthly fee for Geothermal Energy Service pursuant to the Residential Energy Service Agreement (DivFern Geothermal Limited Partnership HST#763596962RT0001)2526010,price_1TdNGbE2kujhweZxuC7j5Sgr,9336,cad,monthly_service_fee,monthly_service_fee,"{""item_type"": ""monthly_service_fee""}","{""item_type"": ""monthly_service_fee""}","{""increaseable"": ""true""}",,
already_complete,Existing item_type metadata is correct.,sub_1QMxeyE2kujhweZxcxSvJWeh,cus_RFSQoGdn1z9v8i,active,si_RFSaZ68JqmIxJa,prod_QRb4nqXhaz7pMn,Monthly billing for annual inspect fee,price_1PahsjE2kujhweZxZUnm9a53,1400,cad,inspection_fee,inspection_fee,"{""item_type"": ""inspection_fee""}","{""item_type"": ""inspection_fee""}",{},,
already_complete,Existing item_type metadata is correct.,sub_1QMxeyE2kujhweZxcxSvJWeh,cus_RFSQoGdn1z9v8i,active,si_TDsJbwiCsxgQ0I,prod_T3i7mDxTaNyb3T,Monthly fee for Geothermal Energy Service pursuant to the Residential Energy Service Agreement (DivFern Geothermal Limited Partnership HST#763596962RT0001)2526010,price_1TdNGdE2kujhweZxopVgNCNU,9336,cad,monthly_service_fee,monthly_service_fee,"{""item_type"": ""monthly_service_fee""}","{""item_type"": ""monthly_service_fee""}","{""increaseable"": ""true""}",,
already_complete,Existing item_type metadata is correct.,sub_1QMxHNE2kujhweZxCplRZtyI,cus_RFS6KyZozi8ZiQ,active,si_RFSBKFEbmUW14J,prod_QRb4nqXhaz7pMn,Monthly billing for annual inspect fee,price_1PahsjE2kujhweZxZUnm9a53,1400,cad,inspection_fee,inspection_fee,"{""item_type"": ""inspection_fee""}","{""item_type"": ""inspection_fee""}",{},,
already_complete,Existing item_type metadata is correct.,sub_1QMxHNE2kujhweZxCplRZtyI,cus_RFS6KyZozi8ZiQ,active,si_TDsJkjPXKqxTsu,prod_T3i7mDxTaNyb3T,Monthly fee for Geothermal Energy Service pursuant to the Residential Energy Service Agreement (DivFern Geothermal Limited Partnership HST#763596962RT0001)2526010,price_1TdNGfE2kujhweZxwq2WBb29,9336,cad,monthly_service_fee,monthly_service_fee,"{""item_type"": ""monthly_service_fee""}","{""item_type"": ""monthly_service_fee""}","{""increaseable"": ""true""}",,
already_complete,Existing item_type metadata is correct.,sub_1QMxG3E2kujhweZxPl7RBBxW,cus_RFRzrBqqYeldZ1,active,si_RFSAsLuGlaAn1s,prod_QRb4nqXhaz7pMn,Monthly billing for annual inspect fee,price_1PahsjE2kujhweZxZUnm9a53,1400,cad,inspection_fee,inspection_fee,"{""item_type"": ""inspection_fee""}","{""item_type"": ""inspection_fee""}",{},,
already_complete,Existing item_type metadata is correct.,sub_1QMxG3E2kujhweZxPl7RBBxW,cus_RFRzrBqqYeldZ1,active,si_TDsJvUQcshgr4t,prod_T3i7mDxTaNyb3T,Monthly fee for Geothermal Energy Service pursuant to the Residential Energy Service Agreement (DivFern Geothermal Limited Partnership HST#763596962RT0001)2526010,price_1TdNGgE2kujhweZxqLxMpKbK,9336,cad,monthly_service_fee,monthly_service_fee,"{""item_type"": ""monthly_service_fee""}","{""item_type"": ""monthly_service_fee""}","{""increaseable"": ""true""}",,
already_complete,Existing item_type metadata is correct.,sub_1QKolBE2kujhweZxKmVpD31b,cus_QhMs8bFhR0kQFV,active,si_RDFFKY2m5afASJ,prod_QRb4nqXhaz7pMn,Monthly billing for annual inspect fee,price_1PahsjE2kujhweZxZUnm9a53,1400,cad,inspection_fee,inspection_fee,"{""item_type"": ""inspection_fee""}","{""item_type"": ""inspection_fee""}",{},,
already_complete,Existing item_type metadata is correct.,sub_1QKolBE2kujhweZxKmVpD31b,cus_QhMs8bFhR0kQFV,active,si_TE3BFKIuqT5EKf,prod_T3i7mDxTaNyb3T,Monthly fee for Geothermal Energy Service pursuant to the Residential Energy Service Agreement (DivFern Geothermal Limited Partnership HST#763596962RT0001)2526010,price_1TdNGiE2kujhweZxC7uyIAEy,9336,cad,monthly_service_fee,monthly_service_fee,"{""item_type"": ""monthly_service_fee""}","{""item_type"": ""monthly_service_fee""}","{""increaseable"": ""true""}",,
already_complete,Existing item_type metadata is correct.,sub_1QKoKOE2kujhweZxNQKrKBTy,cus_QPlm9emZfC2aF9,active,si_RDEohAu9AORStr,prod_QRb4nqXhaz7pMn,Monthly billing for annual inspect fee,price_1PahsjE2kujhweZxZUnm9a53,1400,cad,inspection_fee,inspection_fee,"{""item_type"": ""inspection_fee""}","{""item_type"": ""inspection_fee""}",{},,
already_complete,Existing item_type metadata is correct.,sub_1QKoKOE2kujhweZxNQKrKBTy,cus_QPlm9emZfC2aF9,active,si_T916lU95KKEHKS,prod_T3i3NHpWUctpfs,Monthly fee for Geothermal Energy Service pursuant to the Residential Energy Service Agreement (DivFern Geothermal Limited Partnership HST#763596962RT0001)252608,price_1TdNGkE2kujhweZxfscMoNSO,9866,cad,monthly_service_fee,monthly_service_fee,"{""item_type"": ""monthly_service_fee""}","{""item_type"": ""monthly_service_fee""}","{""increaseable"": ""true""}",,
already_complete,Existing item_type metadata is correct.,sub_1QK3puE2kujhweZxShIQ5pod,cus_RCSg7b708ABtzs,active,si_RCSlKFMPPf9VUR,prod_QRb4nqXhaz7pMn,Monthly billing for annual inspect fee,price_1PahsjE2kujhweZxZUnm9a53,1400,cad,inspection_fee,inspection_fee,"{""item_type"": ""inspection_fee""}","{""item_type"": ""inspection_fee""}",{},,
already_complete,Existing item_type metadata is correct.,sub_1QK3puE2kujhweZxShIQ5pod,cus_RCSg7b708ABtzs,active,si_T90pLed4L5pPT4,prod_T3i7mDxTaNyb3T,Monthly fee for Geothermal Energy Service pursuant to the Residential Energy Service Agreement (DivFern Geothermal Limited Partnership HST#763596962RT0001)2526010,price_1TdNGmE2kujhweZxHrg5a8MP,9336,cad,monthly_service_fee,monthly_service_fee,"{""item_type"": ""monthly_service_fee""}","{""item_type"": ""monthly_service_fee""}","{""increaseable"": ""true""}",,
already_complete,Existing item_type metadata is correct.,sub_1QHq9DE2kujhweZxp8YHzn9h,cus_RAAO7jpvXmVwAk,active,si_RAAU2ZrQ3fTX5o,prod_QRb4nqXhaz7pMn,Monthly billing for annual inspect fee,price_1PahsjE2kujhweZxZUnm9a53,1400,cad,inspection_fee,inspection_fee,"{""item_type"": ""inspection_fee""}","{""item_type"": ""inspection_fee""}",{},,
already_complete,Existing item_type metadata is correct.,sub_1QHq9DE2kujhweZxp8YHzn9h,cus_RAAO7jpvXmVwAk,active,si_T8zsV7YQHm4nlB,prod_T3i7mDxTaNyb3T,Monthly fee for Geothermal Energy Service pursuant to the Residential Energy Service Agreement (DivFern Geothermal Limited Partnership HST#763596962RT0001)2526010,price_1TdNGoE2kujhweZxCQPNxpUx,9336,cad,monthly_service_fee,monthly_service_fee,"{""item_type"": ""monthly_service_fee""}","{""item_type"": ""monthly_service_fee""}","{""increaseable"": ""true""}",,
already_complete,Existing item_type metadata is correct.,sub_1QHq6eE2kujhweZxzsLAGG2l,cus_RAAK9LkyPPBrLE,active,si_RAARNF9Lxy0KbV,prod_QRb4nqXhaz7pMn,Monthly billing for annual inspect fee,price_1PahsjE2kujhweZxZUnm9a53,1400,cad,inspection_fee,inspection_fee,"{""item_type"": ""inspection_fee""}","{""item_type"": ""inspection_fee""}",{},,
already_complete,Existing item_type metadata is correct.,sub_1QHq6eE2kujhweZxzsLAGG2l,cus_RAAK9LkyPPBrLE,active,si_T8zsKZMC5gMaRc,prod_T3i7mDxTaNyb3T,Monthly fee for Geothermal Energy Service pursuant to the Residential Energy Service Agreement (DivFern Geothermal Limited Partnership HST#763596962RT0001)2526010,price_1TdNGpE2kujhweZxR0n4PCQi,9336,cad,monthly_service_fee,monthly_service_fee,"{""item_type"": ""monthly_service_fee""}","{""item_type"": ""monthly_service_fee""}","{""increaseable"": ""true""}",,
already_complete,Existing item_type metadata is correct.,sub_1QHq4GE2kujhweZxn602QqLF,cus_RAAHQ6wEChoszl,active,si_RAAPUm6k5gubln,prod_QRb4nqXhaz7pMn,Monthly billing for annual inspect fee,price_1PahsjE2kujhweZxZUnm9a53,1400,cad,inspection_fee,inspection_fee,"{""item_type"": ""inspection_fee""}","{""item_type"": ""inspection_fee""}",{},,
already_complete,Existing item_type metadata is correct.,sub_1QHq4GE2kujhweZxn602QqLF,cus_RAAHQ6wEChoszl,active,si_T8ztBE90a4iOdw,prod_T3i7mDxTaNyb3T,Monthly fee for Geothermal Energy Service pursuant to the Residential Energy Service Agreement (DivFern Geothermal Limited Partnership HST#763596962RT0001)2526010,price_1TdNGrE2kujhweZxF9eGimeO,9336,cad,monthly_service_fee,monthly_service_fee,"{""item_type"": ""monthly_service_fee""}","{""item_type"": ""monthly_service_fee""}","{""increaseable"": ""true""}",,
already_complete,Existing item_type metadata is correct.,sub_1QHpv3E2kujhweZxFcMjOqHz,cus_RAACorWrDulPbS,active,si_RAAF9rxgQzSE53,prod_QRb4nqXhaz7pMn,Monthly billing for annual inspect fee,price_1PahsjE2kujhweZxZUnm9a53,1400,cad,inspection_fee,inspection_fee,"{""item_type"": ""inspection_fee""}","{""item_type"": ""inspection_fee""}",{},,
already_complete,Existing item_type metadata is correct.,sub_1QHpv3E2kujhweZxFcMjOqHz,cus_RAACorWrDulPbS,active,si_T8zwswn2IKrjhw,prod_T3i3NHpWUctpfs,Monthly fee for Geothermal Energy Service pursuant to the Residential Energy Service Agreement (DivFern Geothermal Limited Partnership HST#763596962RT0001)252608,price_1TdNGsE2kujhweZxDIT2bbUO,9866,cad,monthly_service_fee,monthly_service_fee,"{""item_type"": ""monthly_service_fee""}","{""item_type"": ""monthly_service_fee""}","{""increaseable"": ""true""}",,
already_complete,Existing item_type metadata is correct.,sub_1QFGMyE2kujhweZxEKuQhWMd,cus_R7VNqF4BLJZKEk,active,si_R7VNlP8tP4TvEa,prod_QRb4nqXhaz7pMn,Monthly billing for annual inspect fee,price_1PahsjE2kujhweZxZUnm9a53,1400,cad,inspection_fee,inspection_fee,"{""item_type"": ""inspection_fee""}","{""item_type"": ""inspection_fee""}",{},,
already_complete,Existing item_type metadata is correct.,sub_1QFGMyE2kujhweZxEKuQhWMd,cus_R7VNqF4BLJZKEk,active,si_TJIYw96Mvr7VQ8,prod_T3i7mDxTaNyb3T,Monthly fee for Geothermal Energy Service pursuant to the Residential Energy Service Agreement (DivFern Geothermal Limited Partnership HST#763596962RT0001)2526010,price_1TdNGuE2kujhweZxkw4sf2Q6,9336,cad,monthly_service_fee,monthly_service_fee,"{""item_type"": ""monthly_service_fee""}","{""item_type"": ""monthly_service_fee""}","{""increaseable"": ""true""}",,
already_complete,Existing item_type metadata is correct.,sub_1QFGKBE2kujhweZxsMgySQ7d,cus_R7VKxdZioyo9Wj,active,si_R7VKeGd71HoynK,prod_QRb4nqXhaz7pMn,Monthly billing for annual inspect fee,price_1PahsjE2kujhweZxZUnm9a53,1400,cad,inspection_fee,inspection_fee,"{""item_type"": ""inspection_fee""}","{""item_type"": ""inspection_fee""}",{},,
already_complete,Existing item_type metadata is correct.,sub_1QFGKBE2kujhweZxsMgySQ7d,cus_R7VKxdZioyo9Wj,active,si_TJIYDlj05NIjJq,prod_T3i7mDxTaNyb3T,Monthly fee for Geothermal Energy Service pursuant to the Residential Energy Service Agreement (DivFern Geothermal Limited Partnership HST#763596962RT0001)2526010,price_1TdNGwE2kujhweZxOvtA9Kuu,9336,cad,monthly_service_fee,monthly_service_fee,"{""item_type"": ""monthly_service_fee""}","{""item_type"": ""monthly_service_fee""}","{""increaseable"": ""true""}",,
already_complete,Existing item_type metadata is correct.,sub_1QFGHCE2kujhweZx4aNGlAFd,cus_R7VFuuhyKz8nZa,active,si_R7VH1nms0IicNY,prod_QRb4nqXhaz7pMn,Monthly billing for annual inspect fee,price_1PahsjE2kujhweZxZUnm9a53,1400,cad,inspection_fee,inspection_fee,"{""item_type"": ""inspection_fee""}","{""item_type"": ""inspection_fee""}",{},,
already_complete,Existing item_type metadata is correct.,sub_1QFGHCE2kujhweZx4aNGlAFd,cus_R7VFuuhyKz8nZa,active,si_TJIXdEOGOv2Jz2,prod_T3i3NHpWUctpfs,Monthly fee for Geothermal Energy Service pursuant to the Residential Energy Service Agreement (DivFern Geothermal Limited Partnership HST#763596962RT0001)252608,price_1TdNGxE2kujhweZxQsUUqEQv,9866,cad,monthly_service_fee,monthly_service_fee,"{""item_type"": ""monthly_service_fee""}","{""item_type"": ""monthly_service_fee""}","{""increaseable"": ""true""}",,
already_complete,Existing item_type metadata is correct.,sub_1QFGGWE2kujhweZxX2U2kAK5,cus_R7VDI8KbeKMcUB,active,si_R7VHTvvjP6lA6j,prod_QRb4nqXhaz7pMn,Monthly billing for annual inspect fee,price_1PahsjE2kujhweZxZUnm9a53,1400,cad,inspection_fee,inspection_fee,"{""item_type"": ""inspection_fee""}","{""item_type"": ""inspection_fee""}",{},,
already_complete,Existing item_type metadata is correct.,sub_1QFGGWE2kujhweZxX2U2kAK5,cus_R7VDI8KbeKMcUB,active,si_TJIWZu2QeSOAgL,prod_T3i3NHpWUctpfs,Monthly fee for Geothermal Energy Service pursuant to the Residential Energy Service Agreement (DivFern Geothermal Limited Partnership HST#763596962RT0001)252608,price_1TdNGzE2kujhweZxofzOalyg,9866,cad,monthly_service_fee,monthly_service_fee,"{""item_type"": ""monthly_service_fee""}","{""item_type"": ""monthly_service_fee""}","{""increaseable"": ""true""}",,
already_complete,Existing item_type metadata is correct.,sub_1QD5VZE2kujhweZxLqluje9l,cus_R5G0a8ogsB1FC0,active,si_R5G1xXhAuI6tdb,prod_QRb4nqXhaz7pMn,Monthly billing for annual inspect fee,price_1PahsjE2kujhweZxZUnm9a53,1400,cad,inspection_fee,inspection_fee,"{""item_type"": ""inspection_fee""}","{""item_type"": ""inspection_fee""}",{},,
already_complete,Existing item_type metadata is correct.,sub_1QD5VZE2kujhweZxLqluje9l,cus_R5G0a8ogsB1FC0,active,si_TEQUGQ3NZtAJxg,prod_T3i7mDxTaNyb3T,Monthly fee for Geothermal Energy Service pursuant to the Residential Energy Service Agreement (DivFern Geothermal Limited Partnership HST#763596962RT0001)2526010,price_1TdNH1E2kujhweZxKH5Wqw0J,9336,cad,monthly_service_fee,monthly_service_fee,"{""item_type"": ""monthly_service_fee""}","{""item_type"": ""monthly_service_fee""}","{""increaseable"": ""true""}",,
already_complete,Existing item_type metadata is correct.,sub_1QD5TBE2kujhweZxStRoUkrO,cus_R5FybAfkYyf9pb,active,si_R5Fz4imFCJTEFH,prod_QRb4nqXhaz7pMn,Monthly billing for annual inspect fee,price_1PahsjE2kujhweZxZUnm9a53,1400,cad,inspection_fee,inspection_fee,"{""item_type"": ""inspection_fee""}","{""item_type"": ""inspection_fee""}",{},,
already_complete,Existing item_type metadata is correct.,sub_1QD5TBE2kujhweZxStRoUkrO,cus_R5FybAfkYyf9pb,active,si_TEQVmD6cB7msDM,prod_T3i7mDxTaNyb3T,Monthly fee for Geothermal Energy Service pursuant to the Residential Energy Service Agreement (DivFern Geothermal Limited Partnership HST#763596962RT0001)2526010,price_1TdNH3E2kujhweZxSmQXlLX5,9336,cad,monthly_service_fee,monthly_service_fee,"{""item_type"": ""monthly_service_fee""}","{""item_type"": ""monthly_service_fee""}","{""increaseable"": ""true""}",,
already_complete,Existing item_type metadata is correct.,sub_1QD5PYE2kujhweZxHULwzBaq,cus_R5FuUUPlLlsWWS,active,si_R5FvcV5hUpnxe6,prod_QRb4nqXhaz7pMn,Monthly billing for annual inspect fee,price_1PahsjE2kujhweZxZUnm9a53,1400,cad,inspection_fee,inspection_fee,"{""item_type"": ""inspection_fee""}","{""item_type"": ""inspection_fee""}",{},,
already_complete,Existing item_type metadata is correct.,sub_1QD5PYE2kujhweZxHULwzBaq,cus_R5FuUUPlLlsWWS,active,si_TEQVsaqxiZaAJe,prod_T3i7mDxTaNyb3T,Monthly fee for Geothermal Energy Service pursuant to the Residential Energy Service Agreement (DivFern Geothermal Limited Partnership HST#763596962RT0001)2526010,price_1TdNH4E2kujhweZx6lnfKzIk,9336,cad,monthly_service_fee,monthly_service_fee,"{""item_type"": ""monthly_service_fee""}","{""item_type"": ""monthly_service_fee""}","{""increaseable"": ""true""}",,
already_complete,Existing item_type metadata is correct.,sub_1QD5MqE2kujhweZxqRxswTlB,cus_R5FskB0clO6e8v,active,si_R5FsfuFOHENPAl,prod_QRb4nqXhaz7pMn,Monthly billing for annual inspect fee,price_1PahsjE2kujhweZxZUnm9a53,1400,cad,inspection_fee,inspection_fee,"{""item_type"": ""inspection_fee""}","{""item_type"": ""inspection_fee""}",{},,
already_complete,Existing item_type metadata is correct.,sub_1QD5MqE2kujhweZxqRxswTlB,cus_R5FskB0clO6e8v,active,si_TEQWTyxthHl5ru,prod_T3i7mDxTaNyb3T,Monthly fee for Geothermal Energy Service pursuant to the Residential Energy Service Agreement (DivFern Geothermal Limited Partnership HST#763596962RT0001)2526010,price_1TdNH6E2kujhweZxLwharKlZ,9336,cad,monthly_service_fee,monthly_service_fee,"{""item_type"": ""monthly_service_fee""}","{""item_type"": ""monthly_service_fee""}","{""increaseable"": ""true""}",,
already_complete,Existing item_type metadata is correct.,sub_1QD5KQE2kujhweZxYjbvVOow,cus_R5FpnaGSFvOYm0,active,si_R5FqNInvHTd4Wt,prod_QRb4nqXhaz7pMn,Monthly billing for annual inspect fee,price_1PahsjE2kujhweZxZUnm9a53,1400,cad,inspection_fee,inspection_fee,"{""item_type"": ""inspection_fee""}","{""item_type"": ""inspection_fee""}",{},,
already_complete,Existing item_type metadata is correct.,sub_1QD5KQE2kujhweZxYjbvVOow,cus_R5FpnaGSFvOYm0,active,si_TEQapZ77Cf0Vlo,prod_T3i3NHpWUctpfs,Monthly fee for Geothermal Energy Service pursuant to the Residential Energy Service Agreement (DivFern Geothermal Limited Partnership HST#763596962RT0001)252608,price_1TdNH8E2kujhweZxqF494nCd,9866,cad,monthly_service_fee,monthly_service_fee,"{""item_type"": ""monthly_service_fee""}","{""item_type"": ""monthly_service_fee""}","{""increaseable"": ""true""}",,
already_complete,Existing item_type metadata is correct.,sub_1QBL8GE2kujhweZxagt62gto,cus_R3QUtV8uY9T0MC,active,si_R3S2ZEwjkIcjk8,prod_QRb4nqXhaz7pMn,Monthly billing for annual inspect fee,price_1PahsjE2kujhweZxZUnm9a53,1400,cad,inspection_fee,inspection_fee,"{""item_type"": ""inspection_fee""}","{""item_type"": ""inspection_fee""}",{},,
already_complete,Existing item_type metadata is correct.,sub_1QBL8GE2kujhweZxagt62gto,cus_R3QUtV8uY9T0MC,active,si_TDs353n6XUgwJn,prod_T3i7mDxTaNyb3T,Monthly fee for Geothermal Energy Service pursuant to the Residential Energy Service Agreement (DivFern Geothermal Limited Partnership HST#763596962RT0001)2526010,price_1TdNH9E2kujhweZxwiKv5atZ,9336,cad,monthly_service_fee,monthly_service_fee,"{""item_type"": ""monthly_service_fee""}","{""item_type"": ""monthly_service_fee""}","{""increaseable"": ""true""}",,
already_complete,Existing item_type metadata is correct.,sub_1QBL7dE2kujhweZx87fQydtq,cus_R3QRAO8xOC3F06,active,si_R3S1Ez4U70qRRH,prod_QRb4nqXhaz7pMn,Monthly billing for annual inspect fee,price_1PahsjE2kujhweZxZUnm9a53,1400,cad,inspection_fee,inspection_fee,"{""item_type"": ""inspection_fee""}","{""item_type"": ""inspection_fee""}",{},,
already_complete,Existing item_type metadata is correct.,sub_1QBL7dE2kujhweZx87fQydtq,cus_R3QRAO8xOC3F06,active,si_TDs4s5vjCajLTb,prod_T3i7mDxTaNyb3T,Monthly fee for Geothermal Energy Service pursuant to the Residential Energy Service Agreement (DivFern Geothermal Limited Partnership HST#763596962RT0001)2526010,price_1TdNHBE2kujhweZxUnZcz8u1,9336,cad,monthly_service_fee,monthly_service_fee,"{""item_type"": ""monthly_service_fee""}","{""item_type"": ""monthly_service_fee""}","{""increaseable"": ""true""}",,
already_complete,Existing item_type metadata is correct.,sub_1QBL6WE2kujhweZxLrTjsOAl,cus_R3QH1pp7XWtQQr,active,si_R3S0nJycROMSWQ,prod_QRb4nqXhaz7pMn,Monthly billing for annual inspect fee,price_1PahsjE2kujhweZxZUnm9a53,1400,cad,inspection_fee,inspection_fee,"{""item_type"": ""inspection_fee""}","{""item_type"": ""inspection_fee""}",{},,
already_complete,Existing item_type metadata is correct.,sub_1QBL6WE2kujhweZxLrTjsOAl,cus_R3QH1pp7XWtQQr,active,si_TDs4OsOFvNo2Cl,prod_T3i7mDxTaNyb3T,Monthly fee for Geothermal Energy Service pursuant to the Residential Energy Service Agreement (DivFern Geothermal Limited Partnership HST#763596962RT0001)2526010,price_1TdNHDE2kujhweZxnspb1d9S,9336,cad,monthly_service_fee,monthly_service_fee,"{""item_type"": ""monthly_service_fee""}","{""item_type"": ""monthly_service_fee""}","{""increaseable"": ""true""}",,
already_complete,Existing item_type metadata is correct.,sub_1QBL5WE2kujhweZxweOVvQ2y,cus_R3QEczqNd5p6TX,active,si_R3RzhHoN6vLGZb,prod_QRb4nqXhaz7pMn,Monthly billing for annual inspect fee,price_1PahsjE2kujhweZxZUnm9a53,1400,cad,inspection_fee,inspection_fee,"{""item_type"": ""inspection_fee""}","{""item_type"": ""inspection_fee""}",{},,
already_complete,Existing item_type metadata is correct.,sub_1QBL5WE2kujhweZxweOVvQ2y,cus_R3QEczqNd5p6TX,active,si_TDs5Nf44xvNiWI,prod_T3i3NHpWUctpfs,Monthly fee for Geothermal Energy Service pursuant to the Residential Energy Service Agreement (DivFern Geothermal Limited Partnership HST#763596962RT0001)252608,price_1TdNHEE2kujhweZxuuOybHM4,9866,cad,monthly_service_fee,monthly_service_fee,"{""item_type"": ""monthly_service_fee""}","{""item_type"": ""monthly_service_fee""}","{""increaseable"": ""true""}",,
already_complete,Existing item_type metadata is correct.,sub_1QBL4XE2kujhweZxD6jML3vj,cus_R3Q8Sa9drWLNnx,active,si_R3RySTDgGaSNFE,prod_QRb4nqXhaz7pMn,Monthly billing for annual inspect fee,price_1PahsjE2kujhweZxZUnm9a53,1400,cad,inspection_fee,inspection_fee,"{""item_type"": ""inspection_fee""}","{""item_type"": ""inspection_fee""}",{},,
already_complete,Existing item_type metadata is correct.,sub_1QBL4XE2kujhweZxD6jML3vj,cus_R3Q8Sa9drWLNnx,active,si_TDs1SDVSZnfC9P,prod_T3i3NHpWUctpfs,Monthly fee for Geothermal Energy Service pursuant to the Residential Energy Service Agreement (DivFern Geothermal Limited Partnership HST#763596962RT0001)252608,price_1TdNHGE2kujhweZx0KMzkqJJ,9866,cad,monthly_service_fee,monthly_service_fee,"{""item_type"": ""monthly_service_fee""}","{""item_type"": ""monthly_service_fee""}","{""increaseable"": ""true""}",,
already_complete,Existing item_type metadata is correct.,sub_1QAaWOE2kujhweZxpPK38z4n,cus_R2frlMzz3bUYXH,active,si_R2fsWs0h6wXzjE,prod_QEUM30uqmtf4uu,Monthly fee for Geothermal Energy Service pursuant to the Residential Energy Service Agreement (DivFern Geothermal Limited Partnership HST#763596962RT0001),price_1TdNHIE2kujhweZxIJRb6PMJ,9064,cad,monthly_service_fee,monthly_service_fee,"{""item_type"": ""monthly_service_fee""}","{""item_type"": ""monthly_service_fee""}","{""increaseable"": ""true""}",,
already_complete,Existing item_type metadata is correct.,sub_1QAaWOE2kujhweZxpPK38z4n,cus_R2frlMzz3bUYXH,active,si_R2fsVIiyVEmW08,prod_QRb4nqXhaz7pMn,Monthly billing for annual inspect fee,price_1PahsjE2kujhweZxZUnm9a53,1400,cad,inspection_fee,inspection_fee,"{""item_type"": ""inspection_fee""}","{""item_type"": ""inspection_fee""}",{},,
already_complete,Existing item_type metadata is correct.,sub_1QAaUUE2kujhweZxGOh0OC2e,cus_R2fpJXd7Lwh5FF,active,si_R2fqNL4AqKp1D7,prod_QRb4nqXhaz7pMn,Monthly billing for annual inspect fee,price_1PahsjE2kujhweZxZUnm9a53,1400,cad,inspection_fee,inspection_fee,"{""item_type"": ""inspection_fee""}","{""item_type"": ""inspection_fee""}",{},,
already_complete,Existing item_type metadata is correct.,sub_1QAaUUE2kujhweZxGOh0OC2e,cus_R2fpJXd7Lwh5FF,active,si_TDrgMM54LZUgi4,prod_T3i3NHpWUctpfs,Monthly fee for Geothermal Energy Service pursuant to the Residential Energy Service Agreement (DivFern Geothermal Limited Partnership HST#763596962RT0001)252608,price_1TdNHKE2kujhweZxFNJevK8E,9866,cad,monthly_service_fee,monthly_service_fee,"{""item_type"": ""monthly_service_fee""}","{""item_type"": ""monthly_service_fee""}","{""increaseable"": ""true""}",,
already_complete,Existing item_type metadata is correct.,sub_1QAaSmE2kujhweZxlKgImXaD,cus_R2foMs1JklRY0I,active,si_R2fojF16ORk1nJ,prod_QRb4nqXhaz7pMn,Monthly billing for annual inspect fee,price_1PahsjE2kujhweZxZUnm9a53,1400,cad,inspection_fee,inspection_fee,"{""item_type"": ""inspection_fee""}","{""item_type"": ""inspection_fee""}",{},,
already_complete,Existing item_type metadata is correct.,sub_1QAaSmE2kujhweZxlKgImXaD,cus_R2foMs1JklRY0I,active,si_TDrgKf0wdedjuQ,prod_T3i3NHpWUctpfs,Monthly fee for Geothermal Energy Service pursuant to the Residential Energy Service Agreement (DivFern Geothermal Limited Partnership HST#763596962RT0001)252608,price_1TdNHNE2kujhweZxtF2pqhX0,9866,cad,monthly_service_fee,monthly_service_fee,"{""item_type"": ""monthly_service_fee""}","{""item_type"": ""monthly_service_fee""}","{""increaseable"": ""true""}",,
already_complete,Existing item_type metadata is correct.,sub_1QAaQfE2kujhweZxeYa2wdPx,cus_R2flAUwbzmKfsA,active,si_R2fmP5OHd8lMmA,prod_QRb4nqXhaz7pMn,Monthly billing for annual inspect fee,price_1PahsjE2kujhweZxZUnm9a53,1400,cad,inspection_fee,inspection_fee,"{""item_type"": ""inspection_fee""}","{""item_type"": ""inspection_fee""}",{},,
already_complete,Existing item_type metadata is correct.,sub_1QAaQfE2kujhweZxeYa2wdPx,cus_R2flAUwbzmKfsA,active,si_TDrgl9027aQF5D,prod_T3i3NHpWUctpfs,Monthly fee for Geothermal Energy Service pursuant to the Residential Energy Service Agreement (DivFern Geothermal Limited Partnership HST#763596962RT0001)252608,price_1TdNHOE2kujhweZxvcovXdxy,9866,cad,monthly_service_fee,monthly_service_fee,"{""item_type"": ""monthly_service_fee""}","{""item_type"": ""monthly_service_fee""}","{""increaseable"": ""true""}",,
already_complete,Existing item_type metadata is correct.,sub_1QAaOhE2kujhweZx8NfB5Tn1,cus_R2fjM3qaHX6UgL,active,si_R2fkdS88JoqRmq,prod_QRb4nqXhaz7pMn,Monthly billing for annual inspect fee,price_1PahsjE2kujhweZxZUnm9a53,1400,cad,inspection_fee,inspection_fee,"{""item_type"": ""inspection_fee""}","{""item_type"": ""inspection_fee""}",{},,
already_complete,Existing item_type metadata is correct.,sub_1QAaOhE2kujhweZx8NfB5Tn1,cus_R2fjM3qaHX6UgL,active,si_TDrfcBEFa0JFAn,prod_T3i7mDxTaNyb3T,Monthly fee for Geothermal Energy Service pursuant to the Residential Energy Service Agreement (DivFern Geothermal Limited Partnership HST#763596962RT0001)2526010,price_1TdNHQE2kujhweZxDZQJhD5s,9336,cad,monthly_service_fee,monthly_service_fee,"{""item_type"": ""monthly_service_fee""}","{""item_type"": ""monthly_service_fee""}","{""increaseable"": ""true""}",,
already_complete,Existing item_type metadata is correct.,sub_1QAaKlE2kujhweZxeew0KqTt,cus_R2ffRBztGEyxTw,active,si_R2fgRD1hA7UgLF,prod_QRb4nqXhaz7pMn,Monthly billing for annual inspect fee,price_1PahsjE2kujhweZxZUnm9a53,1400,cad,inspection_fee,inspection_fee,"{""item_type"": ""inspection_fee""}","{""item_type"": ""inspection_fee""}",{},,
already_complete,Existing item_type metadata is correct.,sub_1QAaKlE2kujhweZxeew0KqTt,cus_R2ffRBztGEyxTw,active,si_TAh7bUJKGYQPfS,prod_T3i3NHpWUctpfs,Monthly fee for Geothermal Energy Service pursuant to the Residential Energy Service Agreement (DivFern Geothermal Limited Partnership HST#763596962RT0001)252608,price_1TdNHRE2kujhweZxvUKhbmrY,9866,cad,monthly_service_fee,monthly_service_fee,"{""item_type"": ""monthly_service_fee""}","{""item_type"": ""monthly_service_fee""}","{""increaseable"": ""true""}",,
already_complete,Existing item_type metadata is correct.,sub_1QAaIQE2kujhweZxbdvoSBm5,cus_R2fdRAOAGCy7DM,active,si_R2fdG5Vq0NUgN4,prod_QRb4nqXhaz7pMn,Monthly billing for annual inspect fee,price_1PahsjE2kujhweZxZUnm9a53,1400,cad,inspection_fee,inspection_fee,"{""item_type"": ""inspection_fee""}","{""item_type"": ""inspection_fee""}",{},,
already_complete,Existing item_type metadata is correct.,sub_1QAaIQE2kujhweZxbdvoSBm5,cus_R2fdRAOAGCy7DM,active,si_TAh8waMGgVuDDg,prod_T3i3NHpWUctpfs,Monthly fee for Geothermal Energy Service pursuant to the Residential Energy Service Agreement (DivFern Geothermal Limited Partnership HST#763596962RT0001)252608,price_1TdNHTE2kujhweZxx91ESivf,9866,cad,monthly_service_fee,monthly_service_fee,"{""item_type"": ""monthly_service_fee""}","{""item_type"": ""monthly_service_fee""}","{""increaseable"": ""true""}",,
already_complete,Existing item_type metadata is correct.,sub_1QAaGUE2kujhweZxH2ZNGBx6,cus_R2fbTXjWHCsvu6,active,si_R2fbZYWwG3Qwu9,prod_QRb4nqXhaz7pMn,Monthly billing for annual inspect fee,price_1PahsjE2kujhweZxZUnm9a53,1400,cad,inspection_fee,inspection_fee,"{""item_type"": ""inspection_fee""}","{""item_type"": ""inspection_fee""}",{},,
already_complete,Existing item_type metadata is correct.,sub_1QAaGUE2kujhweZxH2ZNGBx6,cus_R2fbTXjWHCsvu6,active,si_TDrkTXNXLTSUvt,prod_T3i3NHpWUctpfs,Monthly fee for Geothermal Energy Service pursuant to the Residential Energy Service Agreement (DivFern Geothermal Limited Partnership HST#763596962RT0001)252608,price_1TdNHUE2kujhweZxNSCtFNaI,9866,cad,monthly_service_fee,monthly_service_fee,"{""item_type"": ""monthly_service_fee""}","{""item_type"": ""monthly_service_fee""}","{""increaseable"": ""true""}",,
already_complete,Existing item_type metadata is correct.,sub_1QAaEIE2kujhweZx4ibsbvNz,cus_R2fYt98B8qi98e,active,si_R2fZypkk8Ik9xO,prod_QRb4nqXhaz7pMn,Monthly billing for annual inspect fee,price_1PahsjE2kujhweZxZUnm9a53,1400,cad,inspection_fee,inspection_fee,"{""item_type"": ""inspection_fee""}","{""item_type"": ""inspection_fee""}",{},,
already_complete,Existing item_type metadata is correct.,sub_1QAaEIE2kujhweZx4ibsbvNz,cus_R2fYt98B8qi98e,active,si_TDrjvhPsdRpBfG,prod_T3i7mDxTaNyb3T,Monthly fee for Geothermal Energy Service pursuant to the Residential Energy Service Agreement (DivFern Geothermal Limited Partnership HST#763596962RT0001)2526010,price_1TdNHWE2kujhweZxmIu5YHcL,9336,cad,monthly_service_fee,monthly_service_fee,"{""item_type"": ""monthly_service_fee""}","{""item_type"": ""monthly_service_fee""}","{""increaseable"": ""true""}",,
already_complete,Existing item_type metadata is correct.,sub_1QAaBeE2kujhweZxG00CFd7N,cus_R2fWcOQPvFtRts,active,si_R2fWdPR7wD10TJ,prod_QRb4nqXhaz7pMn,Monthly billing for annual inspect fee,price_1PahsjE2kujhweZxZUnm9a53,1400,cad,inspection_fee,inspection_fee,"{""item_type"": ""inspection_fee""}","{""item_type"": ""inspection_fee""}",{},,
already_complete,Existing item_type metadata is correct.,sub_1QAaBeE2kujhweZxG00CFd7N,cus_R2fWcOQPvFtRts,active,si_TDrlH0vUwqGev4,prod_T3i7mDxTaNyb3T,Monthly fee for Geothermal Energy Service pursuant to the Residential Energy Service Agreement (DivFern Geothermal Limited Partnership HST#763596962RT0001)2526010,price_1TdNHYE2kujhweZxETt3InTO,9336,cad,monthly_service_fee,monthly_service_fee,"{""item_type"": ""monthly_service_fee""}","{""item_type"": ""monthly_service_fee""}","{""increaseable"": ""true""}",,
already_complete,Existing item_type metadata is correct.,sub_1QAa91E2kujhweZxHZvbBYfD,cus_R2fTC1G2v0dJIG,active,si_R2fTxCznc5gwXV,prod_QRb4nqXhaz7pMn,Monthly billing for annual inspect fee,price_1PahsjE2kujhweZxZUnm9a53,1400,cad,inspection_fee,inspection_fee,"{""item_type"": ""inspection_fee""}","{""item_type"": ""inspection_fee""}",{},,
already_complete,Existing item_type metadata is correct.,sub_1QAa91E2kujhweZxHZvbBYfD,cus_R2fTC1G2v0dJIG,active,si_TDrmMumPVhbFBd,prod_T3i7mDxTaNyb3T,Monthly fee for Geothermal Energy Service pursuant to the Residential Energy Service Agreement (DivFern Geothermal Limited Partnership HST#763596962RT0001)2526010,price_1TdNHZE2kujhweZxFpTK1veM,9336,cad,monthly_service_fee,monthly_service_fee,"{""item_type"": ""monthly_service_fee""}","{""item_type"": ""monthly_service_fee""}","{""increaseable"": ""true""}",,
already_complete,Existing item_type metadata is correct.,sub_1QAa6LE2kujhweZxRZ93639L,cus_R2fQUDErJP2R9t,active,si_R2fRdsrumUojKy,prod_QRb4nqXhaz7pMn,Monthly billing for annual inspect fee,price_1PahsjE2kujhweZxZUnm9a53,1400,cad,inspection_fee,inspection_fee,"{""item_type"": ""inspection_fee""}","{""item_type"": ""inspection_fee""}",{},,
already_complete,Existing item_type metadata is correct.,sub_1QAa6LE2kujhweZxRZ93639L,cus_R2fQUDErJP2R9t,active,si_TDrnCzXXejtEU3,prod_T3i3NHpWUctpfs,Monthly fee for Geothermal Energy Service pursuant to the Residential Energy Service Agreement (DivFern Geothermal Limited Partnership HST#763596962RT0001)252608,price_1TdNHbE2kujhweZxQuuKLLag,9866,cad,monthly_service_fee,monthly_service_fee,"{""item_type"": ""monthly_service_fee""}","{""item_type"": ""monthly_service_fee""}","{""increaseable"": ""true""}",,
already_complete,Existing item_type metadata is correct.,sub_1QAa2jE2kujhweZxZI69iZ2k,cus_R2fMm6MJkokXcL,active,si_R2fNIFKQYsLf4L,prod_QRb4nqXhaz7pMn,Monthly billing for annual inspect fee,price_1PahsjE2kujhweZxZUnm9a53,1400,cad,inspection_fee,inspection_fee,"{""item_type"": ""inspection_fee""}","{""item_type"": ""inspection_fee""}",{},,
already_complete,Existing item_type metadata is correct.,sub_1QAa2jE2kujhweZxZI69iZ2k,cus_R2fMm6MJkokXcL,active,si_TDrnLggqDy4FjV,prod_T3i3NHpWUctpfs,Monthly fee for Geothermal Energy Service pursuant to the Residential Energy Service Agreement (DivFern Geothermal Limited Partnership HST#763596962RT0001)252608,price_1TdNHfE2kujhweZxzSkiBpSC,9866,cad,monthly_service_fee,monthly_service_fee,"{""item_type"": ""monthly_service_fee""}","{""item_type"": ""monthly_service_fee""}","{""increaseable"": ""true""}",,
already_complete,Existing item_type metadata is correct.,sub_1PxsucE2kujhweZx7TKz270r,cus_QpY0yM2BtcsLKo,active,si_QpY0HzUYKIpHK3,prod_QRb4nqXhaz7pMn,Monthly billing for annual inspect fee,price_1PahsjE2kujhweZxZUnm9a53,1400,cad,inspection_fee,inspection_fee,"{""item_type"": ""inspection_fee""}","{""item_type"": ""inspection_fee""}",{},,
already_complete,Existing item_type metadata is correct.,sub_1PxsucE2kujhweZx7TKz270r,cus_QpY0yM2BtcsLKo,active,si_T90oIZD20wMgfH,prod_T3i2UsrBI3HC7J,Monthly fee for Geothermal Energy Service pursuant to the Residential Energy Service Agreement (DivFern Geothermal Limited Partnership HST#763596962RT0001)252607,price_1TdNHgE2kujhweZx8WIHEYHW,15701,cad,monthly_service_fee,monthly_service_fee,"{""item_type"": ""monthly_service_fee""}","{""item_type"": ""monthly_service_fee""}","{""increaseable"": ""true""}",,
already_complete,Existing item_type metadata is correct.,sub_1Pxsr7E2kujhweZx4yOkPQiT,cus_QpXwl8LxX7sDd4,active,si_QpXxLYb50duixz,prod_QRb4nqXhaz7pMn,Monthly billing for annual inspect fee,price_1PahsjE2kujhweZxZUnm9a53,1400,cad,inspection_fee,inspection_fee,"{""item_type"": ""inspection_fee""}","{""item_type"": ""inspection_fee""}",{},,
already_complete,Existing item_type metadata is correct.,sub_1Pxsr7E2kujhweZx4yOkPQiT,cus_QpXwl8LxX7sDd4,active,si_T90oZ3cb6rAwMV,prod_T3i2UsrBI3HC7J,Monthly fee for Geothermal Energy Service pursuant to the Residential Energy Service Agreement (DivFern Geothermal Limited Partnership HST#763596962RT0001)252607,price_1TdNHiE2kujhweZxAZdjgtS6,15701,cad,monthly_service_fee,monthly_service_fee,"{""item_type"": ""monthly_service_fee""}","{""item_type"": ""monthly_service_fee""}","{""increaseable"": ""true""}",,
already_complete,Existing item_type metadata is correct.,sub_1PxsjeE2kujhweZxpu62QQO0,cus_QpXoJagb5m7T9h,active,si_QpXpLbJj9hRiVy,prod_QRb4nqXhaz7pMn,Monthly billing for annual inspect fee,price_1PahsjE2kujhweZxZUnm9a53,1400,cad,inspection_fee,inspection_fee,"{""item_type"": ""inspection_fee""}","{""item_type"": ""inspection_fee""}",{},,
already_complete,Existing item_type metadata is correct.,sub_1PxsjeE2kujhweZxpu62QQO0,cus_QpXoJagb5m7T9h,active,si_T90oEoTJtGwvyF,prod_T3i2UsrBI3HC7J,Monthly fee for Geothermal Energy Service pursuant to the Residential Energy Service Agreement (DivFern Geothermal Limited Partnership HST#763596962RT0001)252607,price_1TdNHkE2kujhweZx0MdvxZbh,15701,cad,monthly_service_fee,monthly_service_fee,"{""item_type"": ""monthly_service_fee""}","{""item_type"": ""monthly_service_fee""}","{""increaseable"": ""true""}",,
already_complete,Existing item_type metadata is correct.,sub_1PxsfnE2kujhweZxCn27qh8F,cus_QpXjKTX9v1HXy4,active,si_QpXlVDj0Ci0Jnt,prod_QRb4nqXhaz7pMn,Monthly billing for annual inspect fee,price_1PahsjE2kujhweZxZUnm9a53,1400,cad,inspection_fee,inspection_fee,"{""item_type"": ""inspection_fee""}","{""item_type"": ""inspection_fee""}",{},,
already_complete,Existing item_type metadata is correct.,sub_1PxsfnE2kujhweZxCn27qh8F,cus_QpXjKTX9v1HXy4,active,si_T90rLfD683Zgu3,prod_T3i3NHpWUctpfs,Monthly fee for Geothermal Energy Service pursuant to the Residential Energy Service Agreement (DivFern Geothermal Limited Partnership HST#763596962RT0001)252608,price_1TdNHmE2kujhweZxsT4WfoP1,9866,cad,monthly_service_fee,monthly_service_fee,"{""item_type"": ""monthly_service_fee""}","{""item_type"": ""monthly_service_fee""}","{""increaseable"": ""true""}",,
already_complete,Existing item_type metadata is correct.,sub_1PxsaQE2kujhweZxwqDk02EV,cus_QpXehw7ZXy3sQL,active,si_QpXfCNBUXj2v9y,prod_QRb4nqXhaz7pMn,Monthly billing for annual inspect fee,price_1PahsjE2kujhweZxZUnm9a53,1400,cad,inspection_fee,inspection_fee,"{""item_type"": ""inspection_fee""}","{""item_type"": ""inspection_fee""}",{},,
already_complete,Existing item_type metadata is correct.,sub_1PxsaQE2kujhweZxwqDk02EV,cus_QpXehw7ZXy3sQL,active,si_T90rt6iS992gJs,prod_T3i3NHpWUctpfs,Monthly fee for Geothermal Energy Service pursuant to the Residential Energy Service Agreement (DivFern Geothermal Limited Partnership HST#763596962RT0001)252608,price_1TdNHnE2kujhweZx3wEBsqFE,9866,cad,monthly_service_fee,monthly_service_fee,"{""item_type"": ""monthly_service_fee""}","{""item_type"": ""monthly_service_fee""}","{""increaseable"": ""true""}",,
already_complete,Existing item_type metadata is correct.,sub_1PxsMXE2kujhweZxxEDrLF6J,cus_QpXP5phhVtcpZ7,active,si_QpXRpLpvKh1HN4,prod_QRb4nqXhaz7pMn,Monthly billing for annual inspect fee,price_1PahsjE2kujhweZxZUnm9a53,1400,cad,inspection_fee,inspection_fee,"{""item_type"": ""inspection_fee""}","{""item_type"": ""inspection_fee""}",{},,
already_complete,Existing item_type metadata is correct.,sub_1PxsMXE2kujhweZxxEDrLF6J,cus_QpXP5phhVtcpZ7,active,si_T90s3uhwiMQKX9,prod_T3i3NHpWUctpfs,Monthly fee for Geothermal Energy Service pursuant to the Residential Energy Service Agreement (DivFern Geothermal Limited Partnership HST#763596962RT0001)252608,price_1TdNHpE2kujhweZxTSFjGFUf,9866,cad,monthly_service_fee,monthly_service_fee,"{""item_type"": ""monthly_service_fee""}","{""item_type"": ""monthly_service_fee""}","{""increaseable"": ""true""}",,
already_complete,Existing item_type metadata is correct.,sub_1PvLX5E2kujhweZxQgwbYY5K,cus_QmvNVTr8WE280F,active,si_QmvNDm53Q1HOFa,prod_QRb4nqXhaz7pMn,Monthly billing for annual inspect fee,price_1PahsjE2kujhweZxZUnm9a53,1400,cad,inspection_fee,inspection_fee,"{""item_type"": ""inspection_fee""}","{""item_type"": ""inspection_fee""}",{},,
already_complete,Existing item_type metadata is correct.,sub_1PvLX5E2kujhweZxQgwbYY5K,cus_QmvNVTr8WE280F,active,si_T8zp031CkrCrsx,prod_T3i3NHpWUctpfs,Monthly fee for Geothermal Energy Service pursuant to the Residential Energy Service Agreement (DivFern Geothermal Limited Partnership HST#763596962RT0001)252608,price_1TdNHqE2kujhweZx2wYsMkXK,9866,cad,monthly_service_fee,monthly_service_fee,"{""item_type"": ""monthly_service_fee""}","{""item_type"": ""monthly_service_fee""}","{""increaseable"": ""true""}",,
already_complete,Existing item_type metadata is correct.,sub_1PvLUuE2kujhweZxPFCTZK3P,cus_QmvKRLiiXHcdQb,active,si_QmvLhCfpKlyi3G,prod_QRb4nqXhaz7pMn,Monthly billing for annual inspect fee,price_1PahsjE2kujhweZxZUnm9a53,1400,cad,inspection_fee,inspection_fee,"{""item_type"": ""inspection_fee""}","{""item_type"": ""inspection_fee""}",{},,
already_complete,Existing item_type metadata is correct.,sub_1PvLUuE2kujhweZxPFCTZK3P,cus_QmvKRLiiXHcdQb,active,si_T8zp9l8a2up3NK,prod_T3i3NHpWUctpfs,Monthly fee for Geothermal Energy Service pursuant to the Residential Energy Service Agreement (DivFern Geothermal Limited Partnership HST#763596962RT0001)252608,price_1TdNHsE2kujhweZxnspNVuTK,9866,cad,monthly_service_fee,monthly_service_fee,"{""item_type"": ""monthly_service_fee""}","{""item_type"": ""monthly_service_fee""}","{""increaseable"": ""true""}",,
already_complete,Existing item_type metadata is correct.,sub_1PvLQaE2kujhweZxQKCSxaSe,cus_QmvGlSWlSobLFs,active,si_QmvHd7oosHKYfc,prod_QRb4nqXhaz7pMn,Monthly billing for annual inspect fee,price_1PahsjE2kujhweZxZUnm9a53,1400,cad,inspection_fee,inspection_fee,"{""item_type"": ""inspection_fee""}","{""item_type"": ""inspection_fee""}",{},,
already_complete,Existing item_type metadata is correct.,sub_1PvLQaE2kujhweZxQKCSxaSe,cus_QmvGlSWlSobLFs,active,si_T8zqS2NTG9Jca3,prod_T3i2UsrBI3HC7J,Monthly fee for Geothermal Energy Service pursuant to the Residential Energy Service Agreement (DivFern Geothermal Limited Partnership HST#763596962RT0001)252607,price_1TdNHuE2kujhweZxR6xR8eCs,15701,cad,monthly_service_fee,monthly_service_fee,"{""item_type"": ""monthly_service_fee""}","{""item_type"": ""monthly_service_fee""}","{""increaseable"": ""true""}",,
already_complete,Existing item_type metadata is correct.,sub_1PvLNgE2kujhweZx3jFgP3hV,cus_QmvCjOogrzT3uJ,active,si_QmvE7HAiG9CKBr,prod_QRb4nqXhaz7pMn,Monthly billing for annual inspect fee,price_1PahsjE2kujhweZxZUnm9a53,1400,cad,inspection_fee,inspection_fee,"{""item_type"": ""inspection_fee""}","{""item_type"": ""inspection_fee""}",{},,
already_complete,Existing item_type metadata is correct.,sub_1PvLNgE2kujhweZx3jFgP3hV,cus_QmvCjOogrzT3uJ,active,si_T8zq4iQCvwoYyR,prod_T3i2UsrBI3HC7J,Monthly fee for Geothermal Energy Service pursuant to the Residential Energy Service Agreement (DivFern Geothermal Limited Partnership HST#763596962RT0001)252607,price_1TdNHwE2kujhweZxdMrJqlDr,15701,cad,monthly_service_fee,monthly_service_fee,"{""item_type"": ""monthly_service_fee""}","{""item_type"": ""monthly_service_fee""}","{""increaseable"": ""true""}",,
already_complete,Existing item_type metadata is correct.,sub_1PvLJ9E2kujhweZxPDQ15Myn,cus_Qmv8hfX49rqj0V,active,si_Qmv91FwseuakeB,prod_QRb4nqXhaz7pMn,Monthly billing for annual inspect fee,price_1PahsjE2kujhweZxZUnm9a53,1400,cad,inspection_fee,inspection_fee,"{""item_type"": ""inspection_fee""}","{""item_type"": ""inspection_fee""}",{},,
already_complete,Existing item_type metadata is correct.,sub_1PvLJ9E2kujhweZxPDQ15Myn,cus_Qmv8hfX49rqj0V,active,si_T8zrUNu53WHoBc,prod_T3i2UsrBI3HC7J,Monthly fee for Geothermal Energy Service pursuant to the Residential Energy Service Agreement (DivFern Geothermal Limited Partnership HST#763596962RT0001)252607,price_1TdNHyE2kujhweZxDI22xqo1,15701,cad,monthly_service_fee,monthly_service_fee,"{""item_type"": ""monthly_service_fee""}","{""item_type"": ""monthly_service_fee""}","{""increaseable"": ""true""}",,
already_complete,Existing item_type metadata is correct.,sub_1PsmD6E2kujhweZxcfOoBkN6,cus_QkGk6oka9m7qsK,active,si_QkGkNWQcNf9nZL,prod_QRb4nqXhaz7pMn,Monthly billing for annual inspect fee,price_1PahsjE2kujhweZxZUnm9a53,1400,cad,inspection_fee,inspection_fee,"{""item_type"": ""inspection_fee""}","{""item_type"": ""inspection_fee""}",{},,
already_complete,Existing item_type metadata is correct.,sub_1PsmD6E2kujhweZxcfOoBkN6,cus_QkGk6oka9m7qsK,active,si_THIqr7iHPFFlNS,prod_T3i7mDxTaNyb3T,Monthly fee for Geothermal Energy Service pursuant to the Residential Energy Service Agreement (DivFern Geothermal Limited Partnership HST#763596962RT0001)2526010,price_1TdNHzE2kujhweZxRoJRovaV,9336,cad,monthly_service_fee,monthly_service_fee,"{""item_type"": ""monthly_service_fee""}","{""item_type"": ""monthly_service_fee""}","{""increaseable"": ""true""}",,
already_complete,Existing item_type metadata is correct.,sub_1Psm6tE2kujhweZxFheEHrZs,cus_QkGdsjRMElJ2aw,active,si_QkGepgkD0b3m0a,prod_QRb4nqXhaz7pMn,Monthly billing for annual inspect fee,price_1PahsjE2kujhweZxZUnm9a53,1400,cad,inspection_fee,inspection_fee,"{""item_type"": ""inspection_fee""}","{""item_type"": ""inspection_fee""}",{},,
already_complete,Existing item_type metadata is correct.,sub_1Psm6tE2kujhweZxFheEHrZs,cus_QkGdsjRMElJ2aw,active,si_THIqLuuI5O5TAT,prod_T3i7mDxTaNyb3T,Monthly fee for Geothermal Energy Service pursuant to the Residential Energy Service Agreement (DivFern Geothermal Limited Partnership HST#763596962RT0001)2526010,price_1TdNI1E2kujhweZxOSRjbHw9,9336,cad,monthly_service_fee,monthly_service_fee,"{""item_type"": ""monthly_service_fee""}","{""item_type"": ""monthly_service_fee""}","{""increaseable"": ""true""}",,
already_complete,Existing item_type metadata is correct.,sub_1Psm4PE2kujhweZxkbGmvsWk,cus_QkGaSmiGpIGGth,active,si_QkGbVRxkytg3vM,prod_QRb4nqXhaz7pMn,Monthly billing for annual inspect fee,price_1PahsjE2kujhweZxZUnm9a53,1400,cad,inspection_fee,inspection_fee,"{""item_type"": ""inspection_fee""}","{""item_type"": ""inspection_fee""}",{},,
already_complete,Existing item_type metadata is correct.,sub_1Psm4PE2kujhweZxkbGmvsWk,cus_QkGaSmiGpIGGth,active,si_THIxcwrJdTNFy4,prod_T3i2UsrBI3HC7J,Monthly fee for Geothermal Energy Service pursuant to the Residential Energy Service Agreement (DivFern Geothermal Limited Partnership HST#763596962RT0001)252607,price_1TdNI3E2kujhweZxsSNA8QrO,15701,cad,monthly_service_fee,monthly_service_fee,"{""item_type"": ""monthly_service_fee""}","{""item_type"": ""monthly_service_fee""}","{""increaseable"": ""true""}",,
already_complete,Existing item_type metadata is correct.,sub_1Psm18E2kujhweZxYbrqNoqN,cus_QkGXXn2Jh5AWVr,active,si_QkGY7sVAqWRK0s,prod_QRb4nqXhaz7pMn,Monthly billing for annual inspect fee,price_1PahsjE2kujhweZxZUnm9a53,1400,cad,inspection_fee,inspection_fee,"{""item_type"": ""inspection_fee""}","{""item_type"": ""inspection_fee""}",{},,
already_complete,Existing item_type metadata is correct.,sub_1Psm18E2kujhweZxYbrqNoqN,cus_QkGXXn2Jh5AWVr,active,si_THIx1ft75Hyacq,prod_T3i2UsrBI3HC7J,Monthly fee for Geothermal Energy Service pursuant to the Residential Energy Service Agreement (DivFern Geothermal Limited Partnership HST#763596962RT0001)252607,price_1TdNI5E2kujhweZxWSAuCwZc,15701,cad,monthly_service_fee,monthly_service_fee,"{""item_type"": ""monthly_service_fee""}","{""item_type"": ""monthly_service_fee""}","{""increaseable"": ""true""}",,
already_complete,Existing item_type metadata is correct.,sub_1PpyHNE2kujhweZxvVoT1spM,cus_QhN0cnmPSCwmnm,active,si_QhN1k8xn2r5OKh,prod_QRb4nqXhaz7pMn,Monthly billing for annual inspect fee,price_1PahsjE2kujhweZxZUnm9a53,1400,cad,inspection_fee,inspection_fee,"{""item_type"": ""inspection_fee""}","{""item_type"": ""inspection_fee""}",{},,
already_complete,Existing item_type metadata is correct.,sub_1PpyHNE2kujhweZxvVoT1spM,cus_QhN0cnmPSCwmnm,active,si_TE3CgLaFWojuNg,prod_T3i7mDxTaNyb3T,Monthly fee for Geothermal Energy Service pursuant to the Residential Energy Service Agreement (DivFern Geothermal Limited Partnership HST#763596962RT0001)2526010,price_1TdNI7E2kujhweZxGKv091vN,9336,cad,monthly_service_fee,monthly_service_fee,"{""item_type"": ""monthly_service_fee""}","{""item_type"": ""monthly_service_fee""}","{""increaseable"": ""true""}",,
already_complete,Existing item_type metadata is correct.,sub_1Ppy5iE2kujhweZxXFgOs0Rf,cus_QhMoPIdUFwMFqs,active,si_QhMpdp1WO6seUq,prod_QRb4nqXhaz7pMn,Monthly billing for annual inspect fee,price_1PahsjE2kujhweZxZUnm9a53,1400,cad,inspection_fee,inspection_fee,"{""item_type"": ""inspection_fee""}","{""item_type"": ""inspection_fee""}",{},,
already_complete,Existing item_type metadata is correct.,sub_1Ppy5iE2kujhweZxXFgOs0Rf,cus_QhMoPIdUFwMFqs,active,si_TE3Ca25jhw2tEP,prod_T3i7mDxTaNyb3T,Monthly fee for Geothermal Energy Service pursuant to the Residential Energy Service Agreement (DivFern Geothermal Limited Partnership HST#763596962RT0001)2526010,price_1TdNI8E2kujhweZxnOVzGeuY,9336,cad,monthly_service_fee,monthly_service_fee,"{""item_type"": ""monthly_service_fee""}","{""item_type"": ""monthly_service_fee""}","{""increaseable"": ""true""}",,
already_complete,Existing item_type metadata is correct.,sub_1PnnrQE2kujhweZxK76ZIIy2,cus_Qf86bBx53oLVvT,active,si_Qf87P7dXK3DK3g,prod_QRb4nqXhaz7pMn,Monthly billing for annual inspect fee,price_1PahsjE2kujhweZxZUnm9a53,1400,cad,inspection_fee,inspection_fee,"{""item_type"": ""inspection_fee""}","{""item_type"": ""inspection_fee""}",{},,
already_complete,Existing item_type metadata is correct.,sub_1PnnrQE2kujhweZxK76ZIIy2,cus_Qf86bBx53oLVvT,active,si_T917oTenbLtN6I,prod_T3i7mDxTaNyb3T,Monthly fee for Geothermal Energy Service pursuant to the Residential Energy Service Agreement (DivFern Geothermal Limited Partnership HST#763596962RT0001)2526010,price_1TdNIAE2kujhweZxenGHL4Vf,9336,cad,monthly_service_fee,monthly_service_fee,"{""item_type"": ""monthly_service_fee""}","{""item_type"": ""monthly_service_fee""}","{""increaseable"": ""true""}",,
already_complete,Existing item_type metadata is correct.,sub_1PlBPwE2kujhweZxY9HNhFCq,cus_QcQ9vM7FlNWmH8,active,si_QcQGJALTRKOJmo,prod_QRb4nqXhaz7pMn,Monthly billing for annual inspect fee,price_1PahsjE2kujhweZxZUnm9a53,1400,cad,inspection_fee,inspection_fee,"{""item_type"": ""inspection_fee""}","{""item_type"": ""inspection_fee""}",{},,
already_complete,Existing item_type metadata is correct.,sub_1PlBPwE2kujhweZxY9HNhFCq,cus_QcQ9vM7FlNWmH8,active,si_T9018kTUFz8QlK,prod_T3i7mDxTaNyb3T,Monthly fee for Geothermal Energy Service pursuant to the Residential Energy Service Agreement (DivFern Geothermal Limited Partnership HST#763596962RT0001)2526010,price_1TdNICE2kujhweZxEh9KvkoY,9336,cad,monthly_service_fee,monthly_service_fee,"{""item_type"": ""monthly_service_fee""}","{""item_type"": ""monthly_service_fee""}","{""increaseable"": ""true""}",,
already_complete,Existing item_type metadata is correct.,sub_1PlBOrE2kujhweZxSrlPSg8W,cus_QcQ6V1jV8vFFls,active,si_QcQFYB3q2ezdiM,prod_QRb4nqXhaz7pMn,Monthly billing for annual inspect fee,price_1PahsjE2kujhweZxZUnm9a53,1400,cad,inspection_fee,inspection_fee,"{""item_type"": ""inspection_fee""}","{""item_type"": ""inspection_fee""}",{},,
already_complete,Existing item_type metadata is correct.,sub_1PlBOrE2kujhweZxSrlPSg8W,cus_QcQ6V1jV8vFFls,active,si_T901zezjIjzTtJ,prod_T3i7mDxTaNyb3T,Monthly fee for Geothermal Energy Service pursuant to the Residential Energy Service Agreement (DivFern Geothermal Limited Partnership HST#763596962RT0001)2526010,price_1TdilYE2kujhweZxhslu1etI,9336,cad,monthly_service_fee,monthly_service_fee,"{""item_type"": ""monthly_service_fee""}","{""item_type"": ""monthly_service_fee""}","{""increaseable"": ""true""}",,
already_complete,Existing item_type metadata is correct.,sub_1PlBOME2kujhweZxQRg14gZ0,cus_QcQ31zqa23iKmp,active,si_QcQEKfmyuIMSjn,prod_QRb4nqXhaz7pMn,Monthly billing for annual inspect fee,price_1PahsjE2kujhweZxZUnm9a53,1400,cad,inspection_fee,inspection_fee,"{""item_type"": ""inspection_fee""}","{""item_type"": ""inspection_fee""}",{},,
already_complete,Existing item_type metadata is correct.,sub_1PlBOME2kujhweZxQRg14gZ0,cus_QcQ31zqa23iKmp,active,si_T900m31n4rIvzE,prod_T3i7mDxTaNyb3T,Monthly fee for Geothermal Energy Service pursuant to the Residential Energy Service Agreement (DivFern Geothermal Limited Partnership HST#763596962RT0001)2526010,price_1TdNIDE2kujhweZx5YFcJ2Au,9336,cad,monthly_service_fee,monthly_service_fee,"{""item_type"": ""monthly_service_fee""}","{""item_type"": ""monthly_service_fee""}","{""increaseable"": ""true""}",,
already_complete,Existing item_type metadata is correct.,sub_1PlBNUE2kujhweZxSDjW0n4C,cus_QcPxWvMQHVPgga,active,si_QcQDzH9DB9WIJI,prod_QRb4nqXhaz7pMn,Monthly billing for annual inspect fee,price_1PahsjE2kujhweZxZUnm9a53,1400,cad,inspection_fee,inspection_fee,"{""item_type"": ""inspection_fee""}","{""item_type"": ""inspection_fee""}",{},,
already_complete,Existing item_type metadata is correct.,sub_1PlBNUE2kujhweZxSDjW0n4C,cus_QcPxWvMQHVPgga,active,si_T900RTEnMJx0q9,prod_T3i7mDxTaNyb3T,Monthly fee for Geothermal Energy Service pursuant to the Residential Energy Service Agreement (DivFern Geothermal Limited Partnership HST#763596962RT0001)2526010,price_1TdNIFE2kujhweZxN5jOS7Nu,9336,cad,monthly_service_fee,monthly_service_fee,"{""item_type"": ""monthly_service_fee""}","{""item_type"": ""monthly_service_fee""}","{""increaseable"": ""true""}",,
already_complete,Existing item_type metadata is correct.,sub_1PizIwE2kujhweZxWQxarcpc,cus_QZmRHDLySswwdF,active,si_Qa9cIZk2xPJXDm,prod_QRb4nqXhaz7pMn,Monthly billing for annual inspect fee,price_1PahsjE2kujhweZxZUnm9a53,1400,cad,inspection_fee,inspection_fee,"{""item_type"": ""inspection_fee""}","{""item_type"": ""inspection_fee""}",{},,
already_complete,Existing item_type metadata is correct.,sub_1PizIwE2kujhweZxWQxarcpc,cus_QZmRHDLySswwdF,active,si_T8lF755I9uekn6,prod_T3i3NHpWUctpfs,Monthly fee for Geothermal Energy Service pursuant to the Residential Energy Service Agreement (DivFern Geothermal Limited Partnership HST#763596962RT0001)252608,price_1TdNIHE2kujhweZxaBaorz0m,9866,cad,monthly_service_fee,monthly_service_fee,"{""item_type"": ""monthly_service_fee""}","{""item_type"": ""monthly_service_fee""}","{""increaseable"": ""true""}",,
already_complete,Existing item_type metadata is correct.,sub_1PizHsE2kujhweZxY5Ol6uPQ,cus_QZmToVaUu1byXi,active,si_Qa9bXiBQ2ndgKv,prod_QRb4nqXhaz7pMn,Monthly billing for annual inspect fee,price_1PahsjE2kujhweZxZUnm9a53,1400,cad,inspection_fee,inspection_fee,"{""item_type"": ""inspection_fee""}","{""item_type"": ""inspection_fee""}",{},,
already_complete,Existing item_type metadata is correct.,sub_1PizHsE2kujhweZxY5Ol6uPQ,cus_QZmToVaUu1byXi,active,si_T8lJA7wRZHuVWX,prod_T3i3NHpWUctpfs,Monthly fee for Geothermal Energy Service pursuant to the Residential Energy Service Agreement (DivFern Geothermal Limited Partnership HST#763596962RT0001)252608,price_1TdNIIE2kujhweZxFwRBrcIx,9866,cad,monthly_service_fee,monthly_service_fee,"{""item_type"": ""monthly_service_fee""}","{""item_type"": ""monthly_service_fee""}","{""increaseable"": ""true""}",,
already_complete,Existing item_type metadata is correct.,sub_1PizG6E2kujhweZxiwghjW2p,cus_QZmYG0lndwNCPH,active,si_Qa9ZLhwM3JOJl8,prod_QRb4nqXhaz7pMn,Monthly billing for annual inspect fee,price_1PahsjE2kujhweZxZUnm9a53,1400,cad,inspection_fee,inspection_fee,"{""item_type"": ""inspection_fee""}","{""item_type"": ""inspection_fee""}",{},,
already_complete,Existing item_type metadata is correct.,sub_1PizG6E2kujhweZxiwghjW2p,cus_QZmYG0lndwNCPH,active,si_T8lN5NsT5HmTKb,prod_T3i7mDxTaNyb3T,Monthly fee for Geothermal Energy Service pursuant to the Residential Energy Service Agreement (DivFern Geothermal Limited Partnership HST#763596962RT0001)2526010,price_1TdNIKE2kujhweZxgry1qMvv,9336,cad,monthly_service_fee,monthly_service_fee,"{""item_type"": ""monthly_service_fee""}","{""item_type"": ""monthly_service_fee""}","{""increaseable"": ""true""}",,
already_complete,Existing item_type metadata is correct.,sub_1PizF1E2kujhweZx4OF9rque,cus_QZmZjdQTsTkYUC,active,si_Qa9YRtDKQgLHei,prod_QRb4nqXhaz7pMn,Monthly billing for annual inspect fee,price_1PahsjE2kujhweZxZUnm9a53,1400,cad,inspection_fee,inspection_fee,"{""item_type"": ""inspection_fee""}","{""item_type"": ""inspection_fee""}",{},,
already_complete,Existing item_type metadata is correct.,sub_1PizF1E2kujhweZx4OF9rque,cus_QZmZjdQTsTkYUC,active,si_T8lNN80Pk5xk7d,prod_T3i7mDxTaNyb3T,Monthly fee for Geothermal Energy Service pursuant to the Residential Energy Service Agreement (DivFern Geothermal Limited Partnership HST#763596962RT0001)2526010,price_1TdNIME2kujhweZxmcsjGsQS,9336,cad,monthly_service_fee,monthly_service_fee,"{""item_type"": ""monthly_service_fee""}","{""item_type"": ""monthly_service_fee""}","{""increaseable"": ""true""}",,
already_complete,Existing item_type metadata is correct.,sub_1PizEOE2kujhweZxNW6RVpVi,cus_QZmcrAQj5vhz7w,active,si_Qa9XneEYyJbGx4,prod_QRb4nqXhaz7pMn,Monthly billing for annual inspect fee,price_1PahsjE2kujhweZxZUnm9a53,1400,cad,inspection_fee,inspection_fee,"{""item_type"": ""inspection_fee""}","{""item_type"": ""inspection_fee""}",{},,
already_complete,Existing item_type metadata is correct.,sub_1PizEOE2kujhweZxNW6RVpVi,cus_QZmcrAQj5vhz7w,active,si_T8lQ94yIvLGyr5,prod_T3i7mDxTaNyb3T,Monthly fee for Geothermal Energy Service pursuant to the Residential Energy Service Agreement (DivFern Geothermal Limited Partnership HST#763596962RT0001)2526010,price_1TdNIOE2kujhweZxQwMbgKFC,9336,cad,monthly_service_fee,monthly_service_fee,"{""item_type"": ""monthly_service_fee""}","{""item_type"": ""monthly_service_fee""}","{""increaseable"": ""true""}",,
already_complete,Existing item_type metadata is correct.,sub_1PizDeE2kujhweZxMSTnjxfY,cus_QZmeky4mTnAh1H,active,si_Qa9Whk493kiTIy,prod_QRb4nqXhaz7pMn,Monthly billing for annual inspect fee,price_1PahsjE2kujhweZxZUnm9a53,1400,cad,inspection_fee,inspection_fee,"{""item_type"": ""inspection_fee""}","{""item_type"": ""inspection_fee""}",{},,
already_complete,Existing item_type metadata is correct.,sub_1PizDeE2kujhweZxMSTnjxfY,cus_QZmeky4mTnAh1H,active,si_T8lQ6zhYgKV5z9,prod_T3i7mDxTaNyb3T,Monthly fee for Geothermal Energy Service pursuant to the Residential Energy Service Agreement (DivFern Geothermal Limited Partnership HST#763596962RT0001)2526010,price_1TdNIPE2kujhweZxrgUoGmLf,9336,cad,monthly_service_fee,monthly_service_fee,"{""item_type"": ""monthly_service_fee""}","{""item_type"": ""monthly_service_fee""}","{""increaseable"": ""true""}",,
already_complete,Existing item_type metadata is correct.,sub_1PizCuE2kujhweZxECnTaK8J,cus_QZmgOsW9ZjKKrE,active,si_Qa9VO0Juo8XvGG,prod_QRb4nqXhaz7pMn,Monthly billing for annual inspect fee,price_1PahsjE2kujhweZxZUnm9a53,1400,cad,inspection_fee,inspection_fee,"{""item_type"": ""inspection_fee""}","{""item_type"": ""inspection_fee""}",{},,
already_complete,Existing item_type metadata is correct.,sub_1PizCuE2kujhweZxECnTaK8J,cus_QZmgOsW9ZjKKrE,active,si_T8lT5KoT0e421z,prod_T3i7mDxTaNyb3T,Monthly fee for Geothermal Energy Service pursuant to the Residential Energy Service Agreement (DivFern Geothermal Limited Partnership HST#763596962RT0001)2526010,price_1TdNISE2kujhweZx51HzhSqH,9336,cad,monthly_service_fee,monthly_service_fee,"{""item_type"": ""monthly_service_fee""}","{""item_type"": ""monthly_service_fee""}","{""increaseable"": ""true""}",,
already_complete,Existing item_type metadata is correct.,sub_1PfOORE2kujhweZxNIScN0Ps,cus_QWR5NMDwvYCGHv,active,si_QWRGAmDM0jitpS,prod_QRb4nqXhaz7pMn,Monthly billing for annual inspect fee,price_1PahsjE2kujhweZxZUnm9a53,1400,cad,inspection_fee,inspection_fee,"{""item_type"": ""inspection_fee""}","{""item_type"": ""inspection_fee""}",{},,
already_complete,Existing item_type metadata is correct.,sub_1PfOORE2kujhweZxNIScN0Ps,cus_QWR5NMDwvYCGHv,active,si_TE3VpPJrr95RtK,prod_T3i7mDxTaNyb3T,Monthly fee for Geothermal Energy Service pursuant to the Residential Energy Service Agreement (DivFern Geothermal Limited Partnership HST#763596962RT0001)2526010,price_1TdNITE2kujhweZxg3MHTfuS,9336,cad,monthly_service_fee,monthly_service_fee,"{""item_type"": ""monthly_service_fee""}","{""item_type"": ""monthly_service_fee""}","{""increaseable"": ""true""}",,
already_complete,Existing item_type metadata is correct.,sub_1PfONhE2kujhweZx3ZSbg5sv,cus_QWR2WgR4QpW2Xh,active,si_QWRGYOr0SXWope,prod_QRb4nqXhaz7pMn,Monthly billing for annual inspect fee,price_1PahsjE2kujhweZxZUnm9a53,1400,cad,inspection_fee,inspection_fee,"{""item_type"": ""inspection_fee""}","{""item_type"": ""inspection_fee""}",{},,
already_complete,Existing item_type metadata is correct.,sub_1PfONhE2kujhweZx3ZSbg5sv,cus_QWR2WgR4QpW2Xh,active,si_TE3VGarbfgEWIZ,prod_T3i7mDxTaNyb3T,Monthly fee for Geothermal Energy Service pursuant to the Residential Energy Service Agreement (DivFern Geothermal Limited Partnership HST#763596962RT0001)2526010,price_1TdNIVE2kujhweZxD3wrjeUs,9336,cad,monthly_service_fee,monthly_service_fee,"{""item_type"": ""monthly_service_fee""}","{""item_type"": ""monthly_service_fee""}","{""increaseable"": ""true""}",,
already_complete,Existing item_type metadata is correct.,sub_1PfOMTE2kujhweZx2l2qLPkM,cus_QWR0yXlBx6zIlh,active,si_QWRExwaH5Rioon,prod_QRb4nqXhaz7pMn,Monthly billing for annual inspect fee,price_1PahsjE2kujhweZxZUnm9a53,1400,cad,inspection_fee,inspection_fee,"{""item_type"": ""inspection_fee""}","{""item_type"": ""inspection_fee""}",{},,
already_complete,Existing item_type metadata is correct.,sub_1PfOMTE2kujhweZx2l2qLPkM,cus_QWR0yXlBx6zIlh,active,si_TE3VFfeHoWnitu,prod_T3i7mDxTaNyb3T,Monthly fee for Geothermal Energy Service pursuant to the Residential Energy Service Agreement (DivFern Geothermal Limited Partnership HST#763596962RT0001)2526010,price_1TdNIXE2kujhweZxCPI7QTDS,9336,cad,monthly_service_fee,monthly_service_fee,"{""item_type"": ""monthly_service_fee""}","{""item_type"": ""monthly_service_fee""}","{""increaseable"": ""true""}",,
already_complete,Existing item_type metadata is correct.,sub_1PfOLyE2kujhweZxj1Vwxi2F,cus_QWQwUOrkbAcl4j,active,si_QWREE9uXFB5Rsx,prod_QRb4nqXhaz7pMn,Monthly billing for annual inspect fee,price_1PahsjE2kujhweZxZUnm9a53,1400,cad,inspection_fee,inspection_fee,"{""item_type"": ""inspection_fee""}","{""item_type"": ""inspection_fee""}",{},,
already_complete,Existing item_type metadata is correct.,sub_1PfOLyE2kujhweZxj1Vwxi2F,cus_QWQwUOrkbAcl4j,active,si_TE3VsDzmRLDZn8,prod_T3i7mDxTaNyb3T,Monthly fee for Geothermal Energy Service pursuant to the Residential Energy Service Agreement (DivFern Geothermal Limited Partnership HST#763596962RT0001)2526010,price_1TdNIYE2kujhweZxfQCYH9M4,9336,cad,monthly_service_fee,monthly_service_fee,"{""item_type"": ""monthly_service_fee""}","{""item_type"": ""monthly_service_fee""}","{""increaseable"": ""true""}",,
already_complete,Existing item_type metadata is correct.,sub_1PfOLIE2kujhweZxa9btPpU4,cus_QWQtjQnorOhJOv,active,si_QWRDCSq13hxlDg,prod_QRb4nqXhaz7pMn,Monthly billing for annual inspect fee,price_1PahsjE2kujhweZxZUnm9a53,1400,cad,inspection_fee,inspection_fee,"{""item_type"": ""inspection_fee""}","{""item_type"": ""inspection_fee""}",{},,
already_complete,Existing item_type metadata is correct.,sub_1PfOLIE2kujhweZxa9btPpU4,cus_QWQtjQnorOhJOv,active,si_TE3WHkiTDGWs0m,prod_T3i7mDxTaNyb3T,Monthly fee for Geothermal Energy Service pursuant to the Residential Energy Service Agreement (DivFern Geothermal Limited Partnership HST#763596962RT0001)2526010,price_1TdNIaE2kujhweZxZkhB4K89,9336,cad,monthly_service_fee,monthly_service_fee,"{""item_type"": ""monthly_service_fee""}","{""item_type"": ""monthly_service_fee""}","{""increaseable"": ""true""}",,
already_complete,Existing item_type metadata is correct.,sub_1PfOKQE2kujhweZxqyUw9tZo,cus_QWQpEutlK8klaX,active,si_QWRCkLHb3Bnit3,prod_QRb4nqXhaz7pMn,Monthly billing for annual inspect fee,price_1PahsjE2kujhweZxZUnm9a53,1400,cad,inspection_fee,inspection_fee,"{""item_type"": ""inspection_fee""}","{""item_type"": ""inspection_fee""}",{},,
already_complete,Existing item_type metadata is correct.,sub_1PfOKQE2kujhweZxqyUw9tZo,cus_QWQpEutlK8klaX,active,si_TE3WynFn1f2MQZ,prod_T3i7mDxTaNyb3T,Monthly fee for Geothermal Energy Service pursuant to the Residential Energy Service Agreement (DivFern Geothermal Limited Partnership HST#763596962RT0001)2526010,price_1TdNIcE2kujhweZxrnETXjUS,9336,cad,monthly_service_fee,monthly_service_fee,"{""item_type"": ""monthly_service_fee""}","{""item_type"": ""monthly_service_fee""}","{""increaseable"": ""true""}",,
already_complete,Existing item_type metadata is correct.,sub_1PfOJME2kujhweZx7CYf4dEt,cus_QWQmtOVX0LhEiq,active,si_QWRBCTbJ5I4szA,prod_QRb4nqXhaz7pMn,Monthly billing for annual inspect fee,price_1PahsjE2kujhweZxZUnm9a53,1400,cad,inspection_fee,inspection_fee,"{""item_type"": ""inspection_fee""}","{""item_type"": ""inspection_fee""}",{},,
already_complete,Existing item_type metadata is correct.,sub_1PfOJME2kujhweZx7CYf4dEt,cus_QWQmtOVX0LhEiq,active,si_TE3WVYqYvP5BZu,prod_T3i7mDxTaNyb3T,Monthly fee for Geothermal Energy Service pursuant to the Residential Energy Service Agreement (DivFern Geothermal Limited Partnership HST#763596962RT0001)2526010,price_1TdNIeE2kujhweZxhjjGPKfb,9336,cad,monthly_service_fee,monthly_service_fee,"{""item_type"": ""monthly_service_fee""}","{""item_type"": ""monthly_service_fee""}","{""increaseable"": ""true""}",,
already_complete,Existing item_type metadata is correct.,sub_1PfOIKE2kujhweZxjfJcpFRk,cus_QWQkOao1DgNMwr,active,si_QWRAUFIq0NenlS,prod_QRb4nqXhaz7pMn,Monthly billing for annual inspect fee,price_1PahsjE2kujhweZxZUnm9a53,1400,cad,inspection_fee,inspection_fee,"{""item_type"": ""inspection_fee""}","{""item_type"": ""inspection_fee""}",{},,
already_complete,Existing item_type metadata is correct.,sub_1PfOIKE2kujhweZxjfJcpFRk,cus_QWQkOao1DgNMwr,active,si_TE3YCU745HWBSn,prod_T3i3NHpWUctpfs,Monthly fee for Geothermal Energy Service pursuant to the Residential Energy Service Agreement (DivFern Geothermal Limited Partnership HST#763596962RT0001)252608,price_1TdNIgE2kujhweZxhYG9mCFK,9866,cad,monthly_service_fee,monthly_service_fee,"{""item_type"": ""monthly_service_fee""}","{""item_type"": ""monthly_service_fee""}","{""increaseable"": ""true""}",,
already_complete,Existing item_type metadata is correct.,sub_1PfOHNE2kujhweZxuk3zOXxF,cus_QWQgFOrurIZ0xL,active,si_QWR9uawc3LDoVl,prod_QRb4nqXhaz7pMn,Monthly billing for annual inspect fee,price_1PahsjE2kujhweZxZUnm9a53,1400,cad,inspection_fee,inspection_fee,"{""item_type"": ""inspection_fee""}","{""item_type"": ""inspection_fee""}",{},,
already_complete,Existing item_type metadata is correct.,sub_1PfOHNE2kujhweZxuk3zOXxF,cus_QWQgFOrurIZ0xL,active,si_TE3Ywuq0a3TZaZ,prod_T3i3NHpWUctpfs,Monthly fee for Geothermal Energy Service pursuant to the Residential Energy Service Agreement (DivFern Geothermal Limited Partnership HST#763596962RT0001)252608,price_1TdNIhE2kujhweZxWR5ZUVoh,9866,cad,monthly_service_fee,monthly_service_fee,"{""item_type"": ""monthly_service_fee""}","{""item_type"": ""monthly_service_fee""}","{""increaseable"": ""true""}",,
already_complete,Existing item_type metadata is correct.,sub_1PbTJSE2kujhweZxD1jssPrH,cus_QRarYOCUWfT01d,active,si_QSO5Mv6GEMuqn3,prod_QRb4nqXhaz7pMn,Monthly billing for annual inspect fee,price_1PahsjE2kujhweZxZUnm9a53,1400,cad,inspection_fee,inspection_fee,"{""item_type"": ""inspection_fee""}","{""item_type"": ""inspection_fee""}",{},,
already_complete,Existing item_type metadata is correct.,sub_1PbTJSE2kujhweZxD1jssPrH,cus_QRarYOCUWfT01d,active,si_T90XEhYlyVi2xv,prod_T3i3NHpWUctpfs,Monthly fee for Geothermal Energy Service pursuant to the Residential Energy Service Agreement (DivFern Geothermal Limited Partnership HST#763596962RT0001)252608,price_1TdNIkE2kujhweZx3r0D0duA,9866,cad,monthly_service_fee,monthly_service_fee,"{""item_type"": ""monthly_service_fee""}","{""item_type"": ""monthly_service_fee""}","{""increaseable"": ""true""}",,
already_complete,Existing item_type metadata is correct.,sub_1PbTIwE2kujhweZxEHXmMWPf,cus_QRaohbnumHYYDS,active,si_QSO5gvbCWu0nUE,prod_QRb4nqXhaz7pMn,Monthly billing for annual inspect fee,price_1PahsjE2kujhweZxZUnm9a53,1400,cad,inspection_fee,inspection_fee,"{""item_type"": ""inspection_fee""}","{""item_type"": ""inspection_fee""}",{},,
already_complete,Existing item_type metadata is correct.,sub_1PbTIwE2kujhweZxEHXmMWPf,cus_QRaohbnumHYYDS,active,si_T90XhovIPHu9Vr,prod_T3i3NHpWUctpfs,Monthly fee for Geothermal Energy Service pursuant to the Residential Energy Service Agreement (DivFern Geothermal Limited Partnership HST#763596962RT0001)252608,price_1TdNImE2kujhweZx263SB0mG,9866,cad,monthly_service_fee,monthly_service_fee,"{""item_type"": ""monthly_service_fee""}","{""item_type"": ""monthly_service_fee""}","{""increaseable"": ""true""}",,
already_complete,Existing item_type metadata is correct.,sub_1PbTGME2kujhweZxsBzSpdXA,cus_QPliPoGmMVnl1U,active,si_QSO265mMVeQf4J,prod_QRb4nqXhaz7pMn,Monthly billing for annual inspect fee,price_1PahsjE2kujhweZxZUnm9a53,1400,cad,inspection_fee,inspection_fee,"{""item_type"": ""inspection_fee""}","{""item_type"": ""inspection_fee""}",{},,
already_complete,Existing item_type metadata is correct.,sub_1PbTGME2kujhweZxsBzSpdXA,cus_QPliPoGmMVnl1U,active,si_T90XWrsR8BG40D,prod_T3i3NHpWUctpfs,Monthly fee for Geothermal Energy Service pursuant to the Residential Energy Service Agreement (DivFern Geothermal Limited Partnership HST#763596962RT0001)252608,price_1TdNInE2kujhweZxsBKxaUW7,9866,cad,monthly_service_fee,monthly_service_fee,"{""item_type"": ""monthly_service_fee""}","{""item_type"": ""monthly_service_fee""}","{""increaseable"": ""true""}",,
already_complete,Existing item_type metadata is correct.,sub_1PbTFfE2kujhweZxvwcNESrc,cus_QPlgw1i3HecxJa,active,si_QSO1j61l1Y6gTu,prod_QRb4nqXhaz7pMn,Monthly billing for annual inspect fee,price_1PahsjE2kujhweZxZUnm9a53,1400,cad,inspection_fee,inspection_fee,"{""item_type"": ""inspection_fee""}","{""item_type"": ""inspection_fee""}",{},,
already_complete,Existing item_type metadata is correct.,sub_1PbTFfE2kujhweZxvwcNESrc,cus_QPlgw1i3HecxJa,active,si_T90YJt6tWWlq72,prod_T3i3NHpWUctpfs,Monthly fee for Geothermal Energy Service pursuant to the Residential Energy Service Agreement (DivFern Geothermal Limited Partnership HST#763596962RT0001)252608,price_1TdNIpE2kujhweZxdzr5b4fs,9866,cad,monthly_service_fee,monthly_service_fee,"{""item_type"": ""monthly_service_fee""}","{""item_type"": ""monthly_service_fee""}","{""increaseable"": ""true""}",,
already_complete,Existing item_type metadata is correct.,sub_1PbTCVE2kujhweZxf9YTLAVZ,cus_QPldxUZg5bnwBl,active,si_QSNyLftyiyWYdS,prod_QRb4nqXhaz7pMn,Monthly billing for annual inspect fee,price_1PahsjE2kujhweZxZUnm9a53,1400,cad,inspection_fee,inspection_fee,"{""item_type"": ""inspection_fee""}","{""item_type"": ""inspection_fee""}",{},,
already_complete,Existing item_type metadata is correct.,sub_1PbTCVE2kujhweZxf9YTLAVZ,cus_QPldxUZg5bnwBl,active,si_T90pVKtOxex61M,prod_T3i3NHpWUctpfs,Monthly fee for Geothermal Energy Service pursuant to the Residential Energy Service Agreement (DivFern Geothermal Limited Partnership HST#763596962RT0001)252608,price_1TdNIrE2kujhweZxUfxOOZ5h,9866,cad,monthly_service_fee,monthly_service_fee,"{""item_type"": ""monthly_service_fee""}","{""item_type"": ""monthly_service_fee""}","{""increaseable"": ""true""}",,
already_complete,Existing item_type metadata is correct.,sub_1PY7MyE2kujhweZxWBAmzpHU,cus_QMfqMlmiMWyjv1,active,si_T8mfYuivxJcF5l,prod_T3i4NxACBFJv8p,Monthly fee for Geothermal Energy Service pursuant to the Residential Energy Service Agreement (DivFern Geothermal Limited Partnership HST#763596962RT0001)252609,price_1TdNIsE2kujhweZxvBenQiHV,9442,cad,monthly_service_fee,monthly_service_fee,"{""item_type"": ""monthly_service_fee""}","{""item_type"": ""monthly_service_fee""}","{""increaseable"": ""true""}",,
already_complete,Existing item_type metadata is correct.,sub_1PY7MQE2kujhweZxuITBOIUJ,cus_QMfoJ5AgatBnpH,active,si_T8mfvuxWLlG2hV,prod_T3i4NxACBFJv8p,Monthly fee for Geothermal Energy Service pursuant to the Residential Energy Service Agreement (DivFern Geothermal Limited Partnership HST#763596962RT0001)252609,price_1TdNIuE2kujhweZxLiEmHbys,9442,cad,monthly_service_fee,monthly_service_fee,"{""item_type"": ""monthly_service_fee""}","{""item_type"": ""monthly_service_fee""}","{""increaseable"": ""true""}",,
already_complete,Existing item_type metadata is correct.,sub_1PY7LhE2kujhweZxdPFQbCzt,cus_QMfnsNjtUsMxwT,active,si_T8mfepcLQY2jwd,prod_T3i4NxACBFJv8p,Monthly fee for Geothermal Energy Service pursuant to the Residential Energy Service Agreement (DivFern Geothermal Limited Partnership HST#763596962RT0001)252609,price_1TdNIvE2kujhweZxzvO07CH2,9442,cad,monthly_service_fee,monthly_service_fee,"{""item_type"": ""monthly_service_fee""}","{""item_type"": ""monthly_service_fee""}","{""increaseable"": ""true""}",,
already_complete,Existing item_type metadata is correct.,sub_1PY7L5E2kujhweZxIgquV4ue,cus_QMfkWzBpL3H36G,active,si_T8mfYFlhVRhVuA,prod_T3i4NxACBFJv8p,Monthly fee for Geothermal Energy Service pursuant to the Residential Energy Service Agreement (DivFern Geothermal Limited Partnership HST#763596962RT0001)252609,price_1TdNIxE2kujhweZxoqCYnsXQ,9442,cad,monthly_service_fee,monthly_service_fee,"{""item_type"": ""monthly_service_fee""}","{""item_type"": ""monthly_service_fee""}","{""increaseable"": ""true""}",,
already_complete,Existing item_type metadata is correct.,sub_1PY7KSE2kujhweZxosRjXB3h,cus_QMfinGYxbBD903,active,si_T8mg9Ox0PaLnPp,prod_T3i4NxACBFJv8p,Monthly fee for Geothermal Energy Service pursuant to the Residential Energy Service Agreement (DivFern Geothermal Limited Partnership HST#763596962RT0001)252609,price_1TdNIzE2kujhweZxa9exNeOZ,9442,cad,monthly_service_fee,monthly_service_fee,"{""item_type"": ""monthly_service_fee""}","{""item_type"": ""monthly_service_fee""}","{""increaseable"": ""true""}",,
already_complete,Existing item_type metadata is correct.,sub_1PY7JyE2kujhweZx93HWYfuR,cus_QMfh1UAblrHtOn,active,si_T8moKgElj0ix4q,prod_T3i4NxACBFJv8p,Monthly fee for Geothermal Energy Service pursuant to the Residential Energy Service Agreement (DivFern Geothermal Limited Partnership HST#763596962RT0001)252609,price_1TdNJ0E2kujhweZx3a3YubZP,9442,cad,monthly_service_fee,monthly_service_fee,"{""item_type"": ""monthly_service_fee""}","{""item_type"": ""monthly_service_fee""}","{""increaseable"": ""true""}",,
already_complete,Existing item_type metadata is correct.,sub_1PY7JXE2kujhweZxhTo07qej,cus_QMffyWfIdG8Ue3,active,si_T8mg19UvPOBxlw,prod_T3i4NxACBFJv8p,Monthly fee for Geothermal Energy Service pursuant to the Residential Energy Service Agreement (DivFern Geothermal Limited Partnership HST#763596962RT0001)252609,price_1TdNJ2E2kujhweZxjqfLn5jS,9442,cad,monthly_service_fee,monthly_service_fee,"{""item_type"": ""monthly_service_fee""}","{""item_type"": ""monthly_service_fee""}","{""increaseable"": ""true""}",,
already_complete,Existing item_type metadata is correct.,sub_1PY7IzE2kujhweZxphHNDOfA,cus_QMfdhSfaGNWA6Z,active,si_T8mo0gUg7h1Qc8,prod_T3i4NxACBFJv8p,Monthly fee for Geothermal Energy Service pursuant to the Residential Energy Service Agreement (DivFern Geothermal Limited Partnership HST#763596962RT0001)252609,price_1TdNJ3E2kujhweZxaTdJAokR,9442,cad,monthly_service_fee,monthly_service_fee,"{""item_type"": ""monthly_service_fee""}","{""item_type"": ""monthly_service_fee""}","{""increaseable"": ""true""}",,
already_complete,Existing item_type metadata is correct.,sub_1PY7IaE2kujhweZxcckYrosj,cus_QMfaFsQxnlW9Li,active,si_T8moxmNJHOZLpF,prod_T3i4NxACBFJv8p,Monthly fee for Geothermal Energy Service pursuant to the Residential Energy Service Agreement (DivFern Geothermal Limited Partnership HST#763596962RT0001)252609,price_1TdNJ5E2kujhweZxcytibtzl,9442,cad,monthly_service_fee,monthly_service_fee,"{""item_type"": ""monthly_service_fee""}","{""item_type"": ""monthly_service_fee""}","{""increaseable"": ""true""}",,
already_complete,Existing item_type metadata is correct.,sub_1PY7I9E2kujhweZxkJr946w6,cus_QMfXYbr7EVPWaP,active,si_T8mn5Mv6qX53JU,prod_T3i4NxACBFJv8p,Monthly fee for Geothermal Energy Service pursuant to the Residential Energy Service Agreement (DivFern Geothermal Limited Partnership HST#763596962RT0001)252609,price_1TdNJ7E2kujhweZxYUh3osqd,9442,cad,monthly_service_fee,monthly_service_fee,"{""item_type"": ""monthly_service_fee""}","{""item_type"": ""monthly_service_fee""}","{""increaseable"": ""true""}",,
already_complete,Existing item_type metadata is correct.,sub_1PY7HmE2kujhweZxa15gzFzM,cus_QMfVUyA5UOKS2Q,active,si_T8moGRJtQyITUy,prod_T3i4NxACBFJv8p,Monthly fee for Geothermal Energy Service pursuant to the Residential Energy Service Agreement (DivFern Geothermal Limited Partnership HST#763596962RT0001)252609,price_1TdNJ8E2kujhweZxG0vSVqzu,9442,cad,monthly_service_fee,monthly_service_fee,"{""item_type"": ""monthly_service_fee""}","{""item_type"": ""monthly_service_fee""}","{""increaseable"": ""true""}",,
already_complete,Existing item_type metadata is correct.,sub_1PY7HKE2kujhweZxxyc1GRi5,cus_QMfTg9EQ9FlSlx,active,si_T8yiLt69vfBTa2,prod_T3i4NxACBFJv8p,Monthly fee for Geothermal Energy Service pursuant to the Residential Energy Service Agreement (DivFern Geothermal Limited Partnership HST#763596962RT0001)252609,price_1TdNJAE2kujhweZx8TN9gsEv,9442,cad,monthly_service_fee,monthly_service_fee,"{""item_type"": ""monthly_service_fee""}","{""item_type"": ""monthly_service_fee""}","{""increaseable"": ""true""}",,
already_complete,Existing item_type metadata is correct.,sub_1PY7GqE2kujhweZxLxkqF2kB,cus_QMfRtvjNjhnKN3,active,si_T8yj8NBaRw8YCD,prod_T3i4NxACBFJv8p,Monthly fee for Geothermal Energy Service pursuant to the Residential Energy Service Agreement (DivFern Geothermal Limited Partnership HST#763596962RT0001)252609,price_1TdNJBE2kujhweZxTPOyW61V,9442,cad,monthly_service_fee,monthly_service_fee,"{""item_type"": ""monthly_service_fee""}","{""item_type"": ""monthly_service_fee""}","{""increaseable"": ""true""}",,
already_complete,Existing item_type metadata is correct.,sub_1PY7DvE2kujhweZxjM6gSE2m,cus_QMfPTgKk1P3QJJ,active,si_T8yjkQojELnf9I,prod_T3i4NxACBFJv8p,Monthly fee for Geothermal Energy Service pursuant to the Residential Energy Service Agreement (DivFern Geothermal Limited Partnership HST#763596962RT0001)252609,price_1TdNJDE2kujhweZx3NfntYGR,9442,cad,monthly_service_fee,monthly_service_fee,"{""item_type"": ""monthly_service_fee""}","{""item_type"": ""monthly_service_fee""}","{""increaseable"": ""true""}",,
already_complete,Existing item_type metadata is correct.,sub_1PY7C7E2kujhweZxQlBl8Qfo,cus_QMfMiG70jtzeHM,active,si_T8yjCzSEaeGiBK,prod_T3i4NxACBFJv8p,Monthly fee for Geothermal Energy Service pursuant to the Residential Energy Service Agreement (DivFern Geothermal Limited Partnership HST#763596962RT0001)252609,price_1TdNJEE2kujhweZxfRvm1k9Z,9442,cad,monthly_service_fee,monthly_service_fee,"{""item_type"": ""monthly_service_fee""}","{""item_type"": ""monthly_service_fee""}","{""increaseable"": ""true""}",,
already_complete,Existing item_type metadata is correct.,sub_1PY7ACE2kujhweZx0XM88nj1,cus_QMfFsCRUJGXjll,active,si_T8z2qrfUlN770F,prod_T3i4NxACBFJv8p,Monthly fee for Geothermal Energy Service pursuant to the Residential Energy Service Agreement (DivFern Geothermal Limited Partnership HST#763596962RT0001)252609,price_1TdNJHE2kujhweZxvREpQryi,9442,cad,monthly_service_fee,monthly_service_fee,"{""item_type"": ""monthly_service_fee""}","{""item_type"": ""monthly_service_fee""}","{""increaseable"": ""true""}",,
already_complete,Existing item_type metadata is correct.,sub_1PY79jE2kujhweZxiExvPRhM,cus_QMfC3a75j3QxC0,active,si_T8z2rRTuokXxr3,prod_T3i4NxACBFJv8p,Monthly fee for Geothermal Energy Service pursuant to the Residential Energy Service Agreement (DivFern Geothermal Limited Partnership HST#763596962RT0001)252609,price_1TdNJJE2kujhweZxQDbp1xtx,9442,cad,monthly_service_fee,monthly_service_fee,"{""item_type"": ""monthly_service_fee""}","{""item_type"": ""monthly_service_fee""}","{""increaseable"": ""true""}",,
already_complete,Existing item_type metadata is correct.,sub_1PY79AE2kujhweZxowEUqcbI,cus_QMfATtYolm66vh,active,si_T8z2M9OW9Ng0kj,prod_T3i4NxACBFJv8p,Monthly fee for Geothermal Energy Service pursuant to the Residential Energy Service Agreement (DivFern Geothermal Limited Partnership HST#763596962RT0001)252609,price_1TdNJKE2kujhweZxJeJn8MQk,9442,cad,monthly_service_fee,monthly_service_fee,"{""item_type"": ""monthly_service_fee""}","{""item_type"": ""monthly_service_fee""}","{""increaseable"": ""true""}",,
already_complete,Existing item_type metadata is correct.,sub_1PY78NE2kujhweZxh52Wr11b,cus_QMf7k4lCWFoR56,active,si_T8z2a0LUnnCF3L,prod_T3i4NxACBFJv8p,Monthly fee for Geothermal Energy Service pursuant to the Residential Energy Service Agreement (DivFern Geothermal Limited Partnership HST#763596962RT0001)252609,price_1TdNJME2kujhweZxke85CLrl,9442,cad,monthly_service_fee,monthly_service_fee,"{""item_type"": ""monthly_service_fee""}","{""item_type"": ""monthly_service_fee""}","{""increaseable"": ""true""}",,
already_complete,Existing item_type metadata is correct.,sub_1PY77kE2kujhweZxC52AxFXK,cus_QMf3D63kNbmuTN,active,si_T8z2qOE9hye8mF,prod_T3i4NxACBFJv8p,Monthly fee for Geothermal Energy Service pursuant to the Residential Energy Service Agreement (DivFern Geothermal Limited Partnership HST#763596962RT0001)252609,price_1TdNJNE2kujhweZxTCgpff8N,9442,cad,monthly_service_fee,monthly_service_fee,"{""item_type"": ""monthly_service_fee""}","{""item_type"": ""monthly_service_fee""}","{""increaseable"": ""true""}",,
already_complete,Existing item_type metadata is correct.,sub_1PY77CE2kujhweZxYQDDNVHr,cus_QMezzSE6vQn1uL,active,si_T8z442qkD5DuVB,prod_T3i4NxACBFJv8p,Monthly fee for Geothermal Energy Service pursuant to the Residential Energy Service Agreement (DivFern Geothermal Limited Partnership HST#763596962RT0001)252609,price_1TdNJOE2kujhweZxeUKoSyFU,9442,cad,monthly_service_fee,monthly_service_fee,"{""item_type"": ""monthly_service_fee""}","{""item_type"": ""monthly_service_fee""}","{""increaseable"": ""true""}",,
already_complete,Existing item_type metadata is correct.,sub_1PY76iE2kujhweZxUmZOzxuX,cus_QMexjDTaVgUMrl,active,si_T8z5LYT78p66ni,prod_T3i4NxACBFJv8p,Monthly fee for Geothermal Energy Service pursuant to the Residential Energy Service Agreement (DivFern Geothermal Limited Partnership HST#763596962RT0001)252609,price_1TdNJQE2kujhweZxsVZ9mDBc,9442,cad,monthly_service_fee,monthly_service_fee,"{""item_type"": ""monthly_service_fee""}","{""item_type"": ""monthly_service_fee""}","{""increaseable"": ""true""}",,
already_complete,Existing item_type metadata is correct.,sub_1PY75JE2kujhweZxHLELiLDe,cus_QMevt3Uv7mEmYI,active,si_T8z5afLUMatOkm,prod_T3i4NxACBFJv8p,Monthly fee for Geothermal Energy Service pursuant to the Residential Energy Service Agreement (DivFern Geothermal Limited Partnership HST#763596962RT0001)252609,price_1TdNJRE2kujhweZxAXMTokfw,9442,cad,monthly_service_fee,monthly_service_fee,"{""item_type"": ""monthly_service_fee""}","{""item_type"": ""monthly_service_fee""}","{""increaseable"": ""true""}",,
already_complete,Existing item_type metadata is correct.,sub_1PY73hE2kujhweZxNLai92YW,cus_QMenP1mnrzi0AK,active,si_T8z5cR1ueazYek,prod_T3i4NxACBFJv8p,Monthly fee for Geothermal Energy Service pursuant to the Residential Energy Service Agreement (DivFern Geothermal Limited Partnership HST#763596962RT0001)252609,price_1TdNJVE2kujhweZxl6uYoduq,9442,cad,monthly_service_fee,monthly_service_fee,"{""item_type"": ""monthly_service_fee""}","{""item_type"": ""monthly_service_fee""}","{""increaseable"": ""true""}",,
already_complete,Existing item_type metadata is correct.,sub_1PY72qE2kujhweZx8r6ILCbn,cus_QMPSpCNfVJFwXM,active,si_T8zcm2Q2rzLsPU,prod_T3i4NxACBFJv8p,Monthly fee for Geothermal Energy Service pursuant to the Residential Energy Service Agreement (DivFern Geothermal Limited Partnership HST#763596962RT0001)252609,price_1TdNJXE2kujhweZxpVLsRJYT,9442,cad,monthly_service_fee,monthly_service_fee,"{""item_type"": ""monthly_service_fee""}","{""item_type"": ""monthly_service_fee""}","{""increaseable"": ""true""}",,
already_complete,Existing item_type metadata is correct.,sub_1PY725E2kujhweZxOxZtPfqy,cus_QMPOXrHGwtrBfa,active,si_T8zcsTOg4cgQTJ,prod_T3i4NxACBFJv8p,Monthly fee for Geothermal Energy Service pursuant to the Residential Energy Service Agreement (DivFern Geothermal Limited Partnership HST#763596962RT0001)252609,price_1TdNJYE2kujhweZxVB4Y8qG8,9442,cad,monthly_service_fee,monthly_service_fee,"{""item_type"": ""monthly_service_fee""}","{""item_type"": ""monthly_service_fee""}","{""increaseable"": ""true""}",,
already_complete,Existing item_type metadata is correct.,sub_1PY6zvE2kujhweZxieH3cehf,cus_QMPKq8wqyOxCs6,active,si_T8zdcxJEVWeGPi,prod_T3i4NxACBFJv8p,Monthly fee for Geothermal Energy Service pursuant to the Residential Energy Service Agreement (DivFern Geothermal Limited Partnership HST#763596962RT0001)252609,price_1TdNJZE2kujhweZxNto3suZV,9442,cad,monthly_service_fee,monthly_service_fee,"{""item_type"": ""monthly_service_fee""}","{""item_type"": ""monthly_service_fee""}","{""increaseable"": ""true""}",,
already_complete,Existing item_type metadata is correct.,sub_1PY6zEE2kujhweZxvW7Nvn4r,cus_QMPHVIxvUh6hcr,active,si_T8zdEZz3eVLR3Y,prod_T3i4NxACBFJv8p,Monthly fee for Geothermal Energy Service pursuant to the Residential Energy Service Agreement (DivFern Geothermal Limited Partnership HST#763596962RT0001)252609,price_1TdNJbE2kujhweZxih6NtaGp,9442,cad,monthly_service_fee,monthly_service_fee,"{""item_type"": ""monthly_service_fee""}","{""item_type"": ""monthly_service_fee""}","{""increaseable"": ""true""}",,
already_complete,Existing item_type metadata is correct.,sub_1PY6yGE2kujhweZxoO64S6bw,cus_QMPFpKqbaRWhLT,active,si_T8zdv1Xm2OlSAY,prod_T3i4NxACBFJv8p,Monthly fee for Geothermal Energy Service pursuant to the Residential Energy Service Agreement (DivFern Geothermal Limited Partnership HST#763596962RT0001)252609,price_1TdNJcE2kujhweZx03T3CHPd,9442,cad,monthly_service_fee,monthly_service_fee,"{""item_type"": ""monthly_service_fee""}","{""item_type"": ""monthly_service_fee""}","{""increaseable"": ""true""}",,
already_complete,Existing item_type metadata is correct.,sub_1PY6v1E2kujhweZxeaJYzMuV,cus_QMPDC0lOyZs0n6,active,si_T8zgEPG9t0kbHx,prod_T3i4NxACBFJv8p,Monthly fee for Geothermal Energy Service pursuant to the Residential Energy Service Agreement (DivFern Geothermal Limited Partnership HST#763596962RT0001)252609,price_1TdNJeE2kujhweZxyUBFjCZU,9442,cad,monthly_service_fee,monthly_service_fee,"{""item_type"": ""monthly_service_fee""}","{""item_type"": ""monthly_service_fee""}","{""increaseable"": ""true""}",,
already_complete,Existing item_type metadata is correct.,sub_1PY6szE2kujhweZxW51auwEh,cus_QMP190Qcd56trl,active,si_T8zgyXsnn0H1FP,prod_T3i4NxACBFJv8p,Monthly fee for Geothermal Energy Service pursuant to the Residential Energy Service Agreement (DivFern Geothermal Limited Partnership HST#763596962RT0001)252609,price_1TdNJfE2kujhweZxikUTN9XL,9442,cad,monthly_service_fee,monthly_service_fee,"{""item_type"": ""monthly_service_fee""}","{""item_type"": ""monthly_service_fee""}","{""increaseable"": ""true""}",,
already_complete,Existing item_type metadata is correct.,sub_1PY6rfE2kujhweZx4hYlQ5u5,cus_QMOyveNYEflyUm,active,si_T8zg4AO4SOXGfz,prod_T3i4NxACBFJv8p,Monthly fee for Geothermal Energy Service pursuant to the Residential Energy Service Agreement (DivFern Geothermal Limited Partnership HST#763596962RT0001)252609,price_1TdNJhE2kujhweZxSa9R53mG,9442,cad,monthly_service_fee,monthly_service_fee,"{""item_type"": ""monthly_service_fee""}","{""item_type"": ""monthly_service_fee""}","{""increaseable"": ""true""}",,
already_complete,Existing item_type metadata is correct.,sub_1TgQmNE2kujhweZxpdELWHXT,cus_UfmK4kaAwStO8j,past_due,si_UfmLCTv9Fw60AQ,prod_T3i7mDxTaNyb3T,Monthly fee for Geothermal Energy Service pursuant to the Residential Energy Service Agreement (DivFern Geothermal Limited Partnership HST#763596962RT0001)2526010,price_1Tdil9E2kujhweZx0Oaxyq85,9682,cad,monthly_service_fee,monthly_service_fee,"{""item_type"": ""monthly_service_fee""}","{""item_type"": ""monthly_service_fee""}","{""increaseable"": ""true""}",,
already_complete,Existing item_type metadata is correct.,sub_1TgQmNE2kujhweZxpdELWHXT,cus_UfmK4kaAwStO8j,past_due,si_UfmLGv21hQgsfX,prod_S2qigSJLyqaK77,Monthly billing for annual inspect fee,price_1R8l1SE2kujhweZxySQB0Ift,1300,cad,inspection_fee,inspection_fee,"{""item_type"": ""inspection_fee""}","{""item_type"": ""inspection_fee""}",{},,
already_complete,Existing item_type metadata is correct.,sub_1SonP3E2kujhweZxQl0MtaJi,cus_TmM7PxPUOsxuDI,past_due,si_TmM7R93prGNUeJ,prod_T3i2UsrBI3HC7J,Monthly fee for Geothermal Energy Service pursuant to the Residential Energy Service Agreement (DivFern Geothermal Limited Partnership HST#763596962RT0001)252607,price_1TdN7zE2kujhweZxAPrIjiaR,15656,cad,monthly_service_fee,monthly_service_fee,"{""item_type"": ""monthly_service_fee""}","{""item_type"": ""monthly_service_fee""}","{""increaseable"": ""true""}",,
already_complete,Existing item_type metadata is correct.,sub_1SonP3E2kujhweZxQl0MtaJi,cus_TmM7PxPUOsxuDI,past_due,si_TmM7ugbhGcYkdl,prod_S2qigSJLyqaK77,Monthly billing for annual inspect fee,price_1R8l1SE2kujhweZxySQB0Ift,1300,cad,inspection_fee,inspection_fee,"{""item_type"": ""inspection_fee""}","{""item_type"": ""inspection_fee""}",{},,
already_complete,Existing item_type metadata is correct.,sub_1SUUhnE2kujhweZxrA44uqAQ,cus_TRNSxGCMTIpDWa,past_due,si_TRNSPHDFlabc7n,prod_T3i2UsrBI3HC7J,Monthly fee for Geothermal Energy Service pursuant to the Residential Energy Service Agreement (DivFern Geothermal Limited Partnership HST#763596962RT0001)252607,price_1TdN8ZE2kujhweZxXihDC0HP,15656,cad,monthly_service_fee,monthly_service_fee,"{""item_type"": ""monthly_service_fee""}","{""item_type"": ""monthly_service_fee""}","{""increaseable"": ""true""}",,
already_complete,Existing item_type metadata is correct.,sub_1SUUhnE2kujhweZxrA44uqAQ,cus_TRNSxGCMTIpDWa,past_due,si_TRNSvrWzNomLAT,prod_S2qigSJLyqaK77,Monthly billing for annual inspect fee,price_1R8l1SE2kujhweZxySQB0Ift,1300,cad,inspection_fee,inspection_fee,"{""item_type"": ""inspection_fee""}","{""item_type"": ""inspection_fee""}",{},,
already_complete,Existing item_type metadata is correct.,sub_1SUTvGE2kujhweZxHDncvLyu,cus_TPYCx6H5rpNHEz,past_due,si_TRMeTeZrpS3oVm,prod_S2qlETkPkX1w9J,Monthly fee for Geothermal Energy Service pursuant to the Residential Energy Service Agreement (DivFern Geothermal Limited Partnership HST#763596962RT0001),price_1TdilBE2kujhweZxI3BQjR1m,9373,cad,monthly_service_fee,monthly_service_fee,"{""item_type"": ""monthly_service_fee""}","{""item_type"": ""monthly_service_fee""}","{""increaseable"": ""true""}",,
already_complete,Existing item_type metadata is correct.,sub_1SUTvGE2kujhweZxHDncvLyu,cus_TPYCx6H5rpNHEz,past_due,si_TRMehZHQmPL0Fi,prod_S2qigSJLyqaK77,Monthly billing for annual inspect fee,price_1R8l1SE2kujhweZxySQB0Ift,1300,cad,inspection_fee,inspection_fee,"{""item_type"": ""inspection_fee""}","{""item_type"": ""inspection_fee""}",{},,
already_complete,Existing item_type metadata is correct.,sub_1SIAK4E2kujhweZxCALLXwSN,cus_TEdbdGlf1qYaQg,past_due,si_TEdbhsN5VmoED2,prod_T3i3NHpWUctpfs,Monthly fee for Geothermal Energy Service pursuant to the Residential Energy Service Agreement (DivFern Geothermal Limited Partnership HST#763596962RT0001)252608,price_1TdN96E2kujhweZxqSlKThcK,9682,cad,monthly_service_fee,monthly_service_fee,"{""item_type"": ""monthly_service_fee""}","{""item_type"": ""monthly_service_fee""}","{""increaseable"": ""true""}",,
already_complete,Existing item_type metadata is correct.,sub_1SIAK4E2kujhweZxCALLXwSN,cus_TEdbdGlf1qYaQg,past_due,si_TEdbXk9OgHC5MI,prod_S2qigSJLyqaK77,Monthly billing for annual inspect fee,price_1R8l1SE2kujhweZxySQB0Ift,1300,cad,inspection_fee,inspection_fee,"{""item_type"": ""inspection_fee""}","{""item_type"": ""inspection_fee""}",{},,
already_complete,Existing item_type metadata is correct.,sub_1SHzP7E2kujhweZx62VefcLE,cus_Qf83gzJkhkZiEh,past_due,si_TESJzg4IMA6335,prod_T3i7mDxTaNyb3T,Monthly fee for Geothermal Energy Service pursuant to the Residential Energy Service Agreement (DivFern Geothermal Limited Partnership HST#763596962RT0001)2526010,price_1TdilCE2kujhweZx3klHNayK,9336,cad,monthly_service_fee,monthly_service_fee,"{""item_type"": ""monthly_service_fee""}","{""item_type"": ""monthly_service_fee""}","{""increaseable"": ""true""}",,
already_complete,Existing item_type metadata is correct.,sub_1SHzP7E2kujhweZx62VefcLE,cus_Qf83gzJkhkZiEh,past_due,si_TESJaM2VBjf853,prod_QRb4nqXhaz7pMn,Monthly billing for annual inspect fee,price_1PahsjE2kujhweZxZUnm9a53,1400,cad,inspection_fee,inspection_fee,"{""item_type"": ""inspection_fee""}","{""item_type"": ""inspection_fee""}",{},,
already_complete,Existing item_type metadata is correct.,sub_1S0lroE2kujhweZxJRR01XNZ,cus_SwfCrps2yPijRV,past_due,si_SwfCFxmDC74mw4,prod_S2qlETkPkX1w9J,Monthly fee for Geothermal Energy Service pursuant to the Residential Energy Service Agreement (DivFern Geothermal Limited Partnership HST#763596962RT0001),price_1TdN9oE2kujhweZxEjmile3U,9373,cad,monthly_service_fee,monthly_service_fee,"{""item_type"": ""monthly_service_fee""}","{""item_type"": ""monthly_service_fee""}","{""increaseable"": ""true""}",,
already_complete,Existing item_type metadata is correct.,sub_1S0lroE2kujhweZxJRR01XNZ,cus_SwfCrps2yPijRV,past_due,si_SwfCePyrzUG9XJ,prod_S2qigSJLyqaK77,Monthly billing for annual inspect fee,price_1R8l1SE2kujhweZxySQB0Ift,1300,cad,inspection_fee,inspection_fee,"{""item_type"": ""inspection_fee""}","{""item_type"": ""inspection_fee""}",{},,
already_complete,Existing item_type metadata is correct.,sub_1RnjVqE2kujhweZxlKETTxzO,cus_SjBtG4ChfSsyRE,past_due,si_SjBtaMGvc4mZ2G,prod_S2qigSJLyqaK77,Monthly billing for annual inspect fee,price_1R8l1SE2kujhweZxySQB0Ift,1300,cad,inspection_fee,inspection_fee,"{""item_type"": ""inspection_fee""}","{""item_type"": ""inspection_fee""}",{},,
already_complete,Existing item_type metadata is correct.,sub_1RnjVqE2kujhweZxlKETTxzO,cus_SjBtG4ChfSsyRE,past_due,si_SjBx1gnJYnHmY2,prod_S2qk49V2aWNDMh,Monthly fee for Geothermal Energy Service pursuant to the Residential Energy Service Agreement (DivFern Geothermal Limited Partnership HST#763596962RT0001),price_1TdNAHE2kujhweZxzONsb2u4,15656,cad,monthly_service_fee,monthly_service_fee,"{""item_type"": ""monthly_service_fee""}","{""item_type"": ""monthly_service_fee""}","{""increaseable"": ""true""}",,
already_complete,Existing item_type metadata is correct.,sub_1RRKI9E2kujhweZxNCwEs7CY,cus_SM2MjGUoRCW47s,past_due,si_SM2MQXA0gM7Emi,prod_S2qigSJLyqaK77,Monthly billing for annual inspect fee,price_1R8l1SE2kujhweZxySQB0Ift,1300,cad,inspection_fee,inspection_fee,"{""item_type"": ""inspection_fee""}","{""item_type"": ""inspection_fee""}",{},,
already_complete,Existing item_type metadata is correct.,sub_1RRKI9E2kujhweZxNCwEs7CY,cus_SM2MjGUoRCW47s,past_due,si_TEPsNnO5btwxjQ,prod_T3hwZee1aVVzp4,Monthly fee for Geothermal Energy Service pursuant to the Residential Energy Service Agreement (DivFern Geothermal Limited Partnership HST#763596962RT0001)252605,price_1TdNBLE2kujhweZx4iIOwzK2,16126,cad,monthly_service_fee,monthly_service_fee,"{""item_type"": ""monthly_service_fee""}","{""item_type"": ""monthly_service_fee""}","{""increaseable"": ""true""}",,
already_complete,Existing item_type metadata is correct.,sub_1RQxO7E2kujhweZxUadb8VwX,cus_SLegzPtuXemiH9,past_due,si_SLehOKybmi1XVj,prod_S2qigSJLyqaK77,Monthly billing for annual inspect fee,price_1R8l1SE2kujhweZxySQB0Ift,1300,cad,inspection_fee,inspection_fee,"{""item_type"": ""inspection_fee""}","{""item_type"": ""inspection_fee""}",{},,
already_complete,Existing item_type metadata is correct.,sub_1RQxO7E2kujhweZxUadb8VwX,cus_SLegzPtuXemiH9,past_due,si_TE3MvppW7BWTQK,prod_T3huGYZEo3XWyg,Monthly fee for Geothermal Energy Service pursuant to the Residential Energy Service Agreement (DivFern Geothermal Limited Partnership HST#763596962RT0001)252604,price_1TdNBoE2kujhweZxe4HjG2ss,14640,cad,monthly_service_fee,monthly_service_fee,"{""item_type"": ""monthly_service_fee""}","{""item_type"": ""monthly_service_fee""}","{""increaseable"": ""true""}",,
already_complete,Existing item_type metadata is correct.,sub_1RQxDxE2kujhweZx1BgPuFMS,cus_SLeWunKG8BEddI,past_due,si_SLeXcceGhkWmfY,prod_S2qigSJLyqaK77,Monthly billing for annual inspect fee,price_1R8l1SE2kujhweZxySQB0Ift,1300,cad,inspection_fee,inspection_fee,"{""item_type"": ""inspection_fee""}","{""item_type"": ""inspection_fee""}",{},,
already_complete,Existing item_type metadata is correct.,sub_1RQxDxE2kujhweZx1BgPuFMS,cus_SLeWunKG8BEddI,past_due,si_TE3PnScdmyghid,prod_T3hr9TI1e2mbTn,Monthly fee for Geothermal Energy Service pursuant to the Residential Energy Service Agreement (DivFern Geothermal Limited Partnership HST#763596962RT0001)252603,price_1TdilOE2kujhweZxvz8RWIrJ,9654,cad,monthly_service_fee,monthly_service_fee,"{""item_type"": ""monthly_service_fee""}","{""item_type"": ""monthly_service_fee""}","{""increaseable"": ""true""}",,
already_complete,Existing item_type metadata is correct.,sub_1RGPblE2kujhweZxaH0OB9Lr,cus_SAl7qNvZsyQFXv,past_due,si_SAl8qg8kHUYFgg,prod_S2qigSJLyqaK77,Monthly billing for annual inspect fee,price_1R8l1SE2kujhweZxySQB0Ift,1300,cad,inspection_fee,inspection_fee,"{""item_type"": ""inspection_fee""}","{""item_type"": ""inspection_fee""}",{},,
already_complete,Existing item_type metadata is correct.,sub_1RGPblE2kujhweZxaH0OB9Lr,cus_SAl7qNvZsyQFXv,past_due,si_TEQ9PUCmaCirup,prod_T3hr9TI1e2mbTn,Monthly fee for Geothermal Energy Service pursuant to the Residential Energy Service Agreement (DivFern Geothermal Limited Partnership HST#763596962RT0001)252603,price_1TdNDJE2kujhweZxQBOx48RS,9654,cad,monthly_service_fee,monthly_service_fee,"{""item_type"": ""monthly_service_fee""}","{""item_type"": ""monthly_service_fee""}","{""increaseable"": ""true""}",,
already_complete,Existing item_type metadata is correct.,sub_1QZJJ7E2kujhweZxgtdbdiWR,cus_RSDkKmMhjJrKhZ,past_due,si_RSDk3keWj3NglJ,prod_QRb4nqXhaz7pMn,Monthly billing for annual inspect fee,price_1PahsjE2kujhweZxZUnm9a53,1400,cad,inspection_fee,inspection_fee,"{""item_type"": ""inspection_fee""}","{""item_type"": ""inspection_fee""}",{},,
already_complete,Existing item_type metadata is correct.,sub_1QZJJ7E2kujhweZxgtdbdiWR,cus_RSDkKmMhjJrKhZ,past_due,si_TEQYUPTdNEwx3H,prod_T3hzttpyjpESOb,Monthly fee for Geothermal Energy Service pursuant to the Residential Energy Service Agreement (DivFern Geothermal Limited Partnership HST#763596962RT0001)252606,price_1TdNFmE2kujhweZxZwR1UBQK,14216,cad,monthly_service_fee,monthly_service_fee,"{""item_type"": ""monthly_service_fee""}","{""item_type"": ""monthly_service_fee""}","{""increaseable"": ""true""}",,
already_complete,Existing item_type metadata is correct.,sub_1QMxgvE2kujhweZxvIiygN4G,cus_RFSXVe5Z6ltM8P,past_due,si_RFSc5ByOtLnq93,prod_QRb4nqXhaz7pMn,Monthly billing for annual inspect fee,price_1PahsjE2kujhweZxZUnm9a53,1400,cad,inspection_fee,inspection_fee,"{""item_type"": ""inspection_fee""}","{""item_type"": ""inspection_fee""}",{},,
already_complete,Existing item_type metadata is correct.,sub_1QMxgvE2kujhweZxvIiygN4G,cus_RFSXVe5Z6ltM8P,past_due,si_TDsIIiFtA1mxqx,prod_T3i7mDxTaNyb3T,Monthly fee for Geothermal Energy Service pursuant to the Residential Energy Service Agreement (DivFern Geothermal Limited Partnership HST#763596962RT0001)2526010,price_1TdilWE2kujhweZxg1IiGiO0,9336,cad,monthly_service_fee,monthly_service_fee,"{""item_type"": ""monthly_service_fee""}","{""item_type"": ""monthly_service_fee""}","{""increaseable"": ""true""}",,
already_complete,Existing item_type metadata is correct.,sub_1PizHCE2kujhweZxwr4XMMYP,cus_QZmVBXJLnUZflF,past_due,si_Qa9aH5Xz11Ncgy,prod_QRb4nqXhaz7pMn,Monthly billing for annual inspect fee,price_1PahsjE2kujhweZxZUnm9a53,1400,cad,inspection_fee,inspection_fee,"{""item_type"": ""inspection_fee""}","{""item_type"": ""inspection_fee""}",{},,
already_complete,Existing item_type metadata is correct.,sub_1PizHCE2kujhweZxwr4XMMYP,cus_QZmVBXJLnUZflF,past_due,si_T8lLqNe6GVH8Uu,prod_T3i3NHpWUctpfs,Monthly fee for Geothermal Energy Service pursuant to the Residential Energy Service Agreement (DivFern Geothermal Limited Partnership HST#763596962RT0001)252608,price_1TdilaE2kujhweZxPFXw2mMv,9866,cad,monthly_service_fee,monthly_service_fee,"{""item_type"": ""monthly_service_fee""}","{""item_type"": ""monthly_service_fee""}","{""increaseable"": ""true""}",,
already_complete,Existing item_type metadata is correct.,sub_1PY7BFE2kujhweZxMv35csIV,cus_QMfIDTybaQMI4n,past_due,si_T8yj503celzJ8K,prod_T3i4NxACBFJv8p,Monthly fee for Geothermal Energy Service pursuant to the Residential Energy Service Agreement (DivFern Geothermal Limited Partnership HST#763596962RT0001)252609,price_1TdNJGE2kujhweZx9zl91oEq,9442,cad,monthly_service_fee,monthly_service_fee,"{""item_type"": ""monthly_service_fee""}","{""item_type"": ""monthly_service_fee""}","{""increaseable"": ""true""}",,
already_complete,Existing item_type metadata is correct.,sub_1PY74cE2kujhweZxeRGoi9u1,cus_QMepBWKUKvjx3U,past_due,si_T8z5HcejXAlgL2,prod_T3i4NxACBFJv8p,Monthly fee for Geothermal Energy Service pursuant to the Residential Energy Service Agreement (DivFern Geothermal Limited Partnership HST#763596962RT0001)252609,price_1TdNJTE2kujhweZxFjXvvLGU,9442,cad,monthly_service_fee,monthly_service_fee,"{""item_type"": ""monthly_service_fee""}","{""item_type"": ""monthly_service_fee""}","{""increaseable"": ""true""}",,
already_complete,Existing item_type metadata is correct.,sub_1PY6ciE2kujhweZx5d8VadQl,cus_QKSLYimXVZU5oP,past_due,si_T8zgXpHBgZplh1,prod_T3i4NxACBFJv8p,Monthly fee for Geothermal Energy Service pursuant to the Residential Energy Service Agreement (DivFern Geothermal Limited Partnership HST#763596962RT0001)252609,price_1TdNJiE2kujhweZxqV7Tf23w,9442,cad,monthly_service_fee,monthly_service_fee,"{""item_type"": ""monthly_service_fee""}","{""item_type"": ""monthly_service_fee""}","{""increaseable"": ""true""}",,
